pep length_3,pep length_4,pep length_5,pep length_8,pep length_9,pep length_10,APBS_Ligand,CHARMM,ElectDD,PLANTS_CHEMPLP,PLANTS_CHEMPLP_NORM_WEIGHT,PLANTS_CHEMPLP_RB_PEN_NORM_CRT_HEVATOMS,PLANTS_CHEMPLP_NORM_CONTACT,RPScore_Norm_LigContacts,RPScore_LigContacts,RPScore_RecContacts,XS_HPScore,XS_HSScore,DPSA1,PPSA1,MOMI-Z,PBF,PNSA1:nrb,WNSA2:nrb,RNCS:nrb,RPCS:nha,RPCS:nrb,MOMI-Z:nrb,Region 1,psi_prob
1,0,0,0,0,0,-414.443237,656.958984,-81.996315,-61.3344,-0.164275,-11.9272,-2.19051,-1.213334,3,17,5.31,5.24,-49.07621707169585,263.3878586573836,2191.539496956278,0.8465519917620837,20.830938381938623,-60.83672427421652,25.285126445419948,0.0631933259485598,0.109535098310837,146.10263313041852,0.0,0.0013902239283532
1,0,0,0,0,0,-355.393982,-15.090073,-33.388477,-57.848,-0.154937,-10.7504,-2.066,-1.32,3,14,5.29,5.43,-39.83454602753159,264.6111869704187,1986.7685396193028,1.0085052958307894,20.296382199863352,-58.57610616620668,18.05896448114048,0.3107005192470858,0.5385475666949487,132.45123597462018,0.0,0.0007096310433883
1,0,0,0,0,0,-514.431763,-37.939018,-6.947196,-70.811203,-0.189657,-15.1262,-2.44177,-1.486667,3,18,5.56,5.47,-60.19488943140334,259.6759120699237,2705.085866983233,0.9081365794947523,21.32472010008847,-62.67840614513214,25.272245586303587,5.545214351986124,9.61170487677595,180.33905779888215,0.0,0.0019497689766652
1,0,0,0,0,0,-672.160217,-24.608889,-8.909496,-77.075203,-0.206435,-17.240601,-2.65777,-1.266667,3,17,5.58,5.59,-5.842766465521152,274.5827446291051,1941.219211174739,0.9362287605085848,18.695034072975083,-52.62254662769445,17.55661097560234,3.0385457560265854,5.266812643779415,129.41461407831594,0.0,0.0036695728138296
1,0,0,0,0,0,-564.377747,221.814835,-13.434065,-70.784599,-0.189586,-15.1172,-2.52802,-1.31,3,17,5.7,5.61,-12.2356351458846,271.1819582905431,1847.965288906349,0.8506286729140582,18.894506229095175,-53.144854022467705,16.706474273922403,7.335691920528654,12.715199328916333,123.19768592708996,0.0,0.0032095456992216
1,0,0,0,0,0,-513.479797,-16.663593,-6.259645,-68.466103,-0.183376,-14.3346,-2.44522,-1.44,3,19,5.59,5.45,-41.33554368768699,255.08899013886548,2450.323485661257,0.891347678527214,19.76163558843683,-55.27454932204996,6.633642444926781,3.686277346999324,6.389547401465495,163.3548990440838,0.0,0.0034520407785411
1,0,0,0,0,0,-578.680298,-32.790123,-18.297581,-66.291397,-0.177552,-13.6005,-2.28591,-1.493333,3,19,5.5,5.6,15.15327845762556,283.08711952152,2214.144104625057,0.9725595554821804,17.862256070926296,-49.91724268461483,16.22988248661698,5.597875456943258,9.702984125368314,147.6096069750038,0.0,0.0011002004173936
1,0,0,0,0,0,-546.648621,171.114349,1.279017,-63.742802,-0.170726,-12.7402,-2.27653,-1.206667,3,17,5.61,5.44,-6.116676471760854,276.84105318857297,2276.221802844535,0.9116134133020808,18.86384864402225,-53.55603421223727,15.882099290475187,2.4224108280281267,4.198845435248753,151.74812018963567,0.0,0.0037444199666816
1,0,0,0,0,0,-620.030762,223.275116,-8.984737,-68.488503,-0.183436,-14.3421,-2.44602,-1.823333,3,16,5.7,5.49,7.643833175909492,271.6129562873772,1603.020544757393,1.0229297684051175,17.59794154076451,-47.800678923893166,15.096366884377062,3.280786838829398,5.68669718730429,106.86803631715954,0.0,0.0002582336881954
1,0,0,0,0,0,-654.396057,12.794147,8.915344,-66.5578,-0.178265,-13.6904,-2.2951,-1.36,3,17,5.65,5.68,21.635343541427854,286.5349805856816,1586.5060056942589,0.971374664057002,17.65997580295025,-49.38900626443649,14.65841767442073,6.761685876495903,11.720255519259563,105.76706704628393,0.0,0.001956311626328
1,0,0,0,0,0,-486.328339,-26.082762,-29.341722,-67.269203,-0.180171,-13.9306,-2.40247,-1.403334,3,17,5.67,5.48,-44.326878241941245,256.5047225653565,2206.1111056335303,0.9321648822037836,20.055440053819847,-56.688596036342624,17.788466439696865,0.115854430905693,0.2008143469032012,147.07407370890203,0.0,0.0005072796173889
1,0,0,0,0,0,-494.960663,-24.174364,3.233174,-62.266499,-0.166772,-12.2419,-2.2238,-1.366667,3,18,5.49,5.46,-51.36769966964471,256.8230362059772,2369.93623207426,0.8907556497490008,20.546049058374795,-58.87535134380055,24.24177685699457,6.7248231030259085,11.656360045244908,157.99574880495064,0.0,0.0037460768356393
1,0,0,0,0,0,-651.814514,-43.957279,18.858809,-62.2985,-0.166857,-12.2527,-2.14822,-1.723333,3,19,5.51,5.58,45.78026356592352,305.4701805510788,2436.5913121431627,0.8000437168350432,17.312661132343685,-49.62282413344787,12.35274389259181,6.182413721967436,10.716183784743556,162.43942080954417,0.0,0.0010852539552993
1,0,0,0,0,0,-587.804871,477.697998,-1.662033,-63.671398,-0.170534,-12.7161,-2.27398,-1.29,3,16,5.39,5.37,21.32451785494021,289.0998033767426,2022.0910851395809,0.8654007081897611,17.851685701453494,-50.41771744389949,22.47709915805288,7.346224141520081,12.733455178634808,134.8060723426387,0.0,0.001629875996455
1,0,0,0,0,0,-597.484802,-37.066479,-23.154121,-62.8862,-0.168431,-12.4511,-2.24594,-2.163333,3,17,5.44,5.43,-2.8586966599123684,278.5798681835,2187.7272786505514,0.8973077659411298,18.76257098956082,-53.28939967767924,12.623241934035429,7.6305941082886,13.226363121033572,145.8484852433701,0.0,0.0015732762752865
1,0,0,0,0,0,-605.670715,-38.807983,-0.770583,-63.3008,-0.169542,-12.591,-2.34447,-1.186667,3,18,5.67,5.49,-14.65970106590862,276.70803943388927,2009.027583358567,0.7948294049242596,19.424516033319858,-55.96321263922875,27.977226000739748,4.265549501527788,7.3936191359815,133.93517222390446,0.0,0.0004839999857015
1,0,0,0,0,0,-587.028992,44.892197,3.879334,-61.292301,-0.164162,-11.913,-2.27008,-1.5,3,18,5.55,5.38,-33.1854615380492,271.57822177705225,2730.428176634797,0.7591663264137632,20.31757888767343,-59.38794664882474,25.388173318350848,8.099277942407086,14.038748433505615,182.0285451089865,0.0,0.0035765518164214
1,0,0,0,0,0,-590.060791,-9.952168,-22.456751,-60.531399,-0.162124,-11.6562,-2.2419,-1.623333,3,18,5.46,5.36,0.3580235684190711,273.3405864258302,2249.196116567512,0.8298035764180843,18.19883752382741,-50.424245459206496,15.31534148935523,8.083479610919946,14.011364658927906,149.94640777116746,0.0,0.0007549815132311
1,0,0,0,0,0,-593.619507,203.860718,-30.376678,-66.813202,-0.178949,-13.7766,-2.38619,-1.45,3,17,5.71,5.48,-56.5832152051438,261.8946434449449,2543.43850232164,1.072932001224932,21.231857243339245,-62.494380924591965,26.534569779707123,8.251995146782772,14.303458254423472,169.56256682144266,0.0,0.0033658731022881
1,0,0,0,0,0,-655.939026,-8.502267,9.181697,-62.856499,-0.168352,-12.441,-2.24487,-1.446667,3,17,5.43,5.32,13.361711500609545,282.277876719046,2355.683420745389,0.739369065735511,17.927744347895764,-50.11599096233205,29.34259706707419,4.02857452922069,6.982862517315863,157.04556138302593,0.0,0.0029150522610169
1,0,0,0,0,0,-582.26239,-28.258415,-32.380882,-56.6105,-0.151623,-10.3327,-1.95209,-1.57,3,18,5.35,5.41,0.4532986340751677,291.32986710085066,2384.146050391308,0.8878960153598912,19.39177123111837,-57.25858852416772,24.434989743740008,7.177708605657255,12.441361583139242,158.9430700260872,1.0,0.0077302795560588
1,0,0,0,0,0,-549.040161,383.328156,11.004066,-55.359001,-0.148271,-9.91024,-2.05033,-1.216667,3,18,5.36,5.25,-44.61774768626907,267.0806803693779,2443.84136721343,1.0318273775548217,20.779895203709795,-60.99614059262353,30.33442321903412,6.050760959574604,10.487985663262648,162.92275781422867,0.0,0.0016338726702086
1,0,0,0,0,0,-493.40802,-8.86872,-11.756662,-60.0481,-0.16083,-11.4931,-2.14458,-1.03,3,18,5.55,5.4,-43.30403122948337,263.63874359183217,2109.6111870596155,0.974877365603844,20.46285165475437,-59.21476547458565,20.17142537622396,0.0,0.0,140.64074580397437,0.0,0.000445172505949
1,0,0,0,0,0,-572.169312,-10.338325,-213.980042,-112.045998,-0.295227,-26.6912,-3.39532,-0.386667,3,23,6.34,6.3,284.6508362028984,485.7518515750489,3034.443480704273,0.8392263684629685,11.17227863178614,-28.25363197732385,15.250826984321426,15.003877479999446,20.83871872222145,168.58019337245963,1.0,0.0110067088732385
1,0,0,0,0,0,-564.900452,-0.036216,-218.846573,-114.901001,-0.30275,-27.6677,-3.37943,-0.33,3,22,6.23,6.19,284.8147651466973,484.8039165522967,2991.339960535136,0.8181661972179921,11.110508411422188,-28.013159765344277,14.890879297672484,15.5712084313026,21.626678376809167,166.1855533630631,1.0,0.0085703892685354
1,0,0,0,0,0,-567.390381,-33.579784,-203.986801,-112.468002,-0.296338,-26.835501,-3.40811,-0.473333,3,23,6.39,6.39,283.5033323672005,484.1410110038668,3005.781277273235,0.8942150301445938,11.146537702037014,-28.1034110894214,13.08331591471802,14.193404692423512,19.713062072810438,166.98784873740195,1.0,0.0105942241157563
1,0,0,0,0,0,-582.067749,-9.542341,-172.82431,-126.133003,-0.332345,-31.5091,-3.82221,-0.476667,3,23,6.52,6.58,293.9198499192738,481.9082186664211,2921.0924590159384,1.0527320758401266,10.443798263730402,-25.7593588897248,14.390082516247867,7.53739692445617,10.468606839522458,162.28291438977436,1.0,0.0080698264395808
1,0,0,0,0,0,-565.256592,248.957794,-152.472198,-99.557297,-0.262322,-22.4203,-3.01689,-0.403333,3,22,6.32,6.38,270.5312784047918,467.5068924556623,2143.4765761246326,1.160305959416668,10.943089669492805,-26.772709160274733,14.366607667118592,14.10222650382122,19.586425699751697,119.08203200692404,1.0,0.0070915942112926
1,0,0,0,0,0,-526.771606,51.682266,-167.004471,-102.308998,-0.269571,-23.3613,-3.19715,-0.486667,3,27,6.31,6.2,304.70671183518004,482.96787934340296,2891.709765932944,0.8839037929253983,9.903398194901271,-24.110431058659408,13.138090562686337,11.539106313112336,16.026536545989355,160.6505425518302,1.0,0.0095179966375055
1,0,0,0,0,0,-663.052612,153.149658,-138.288452,-95.940498,-0.252792,-21.183399,-2.99814,-0.153333,3,22,6.27,6.18,274.0569349392404,462.7227483191287,3025.040636427483,0.8607693912316108,10.481434076660465,-25.13793769932192,9.264740456355346,2.107229247697424,2.926707288468644,168.05781313486017,0.0,0.0019121035192957
1,0,0,0,0,0,-605.912964,14.25672,-102.975594,-95.164902,-0.250748,-20.9181,-3.17216,-0.13,3,23,6.27,6.24,259.5180512180382,454.1764117783596,3113.775370939945,0.8717567070193253,10.8143533644623,-25.83470358636673,11.56527567102466,7.425956916164479,10.313829050228442,172.9875206077747,0.0,0.00111415021614
1,0,0,0,0,0,-614.165161,-17.512644,-146.035934,-97.046799,-0.255707,-21.561701,-3.34644,-0.263333,3,22,6.22,6.22,268.8950310019421,468.2333427381262,2790.145296137101,1.0319894164896832,11.074350652010231,-27.219802445569584,11.17402818553668,7.598182383524366,10.553031088228286,155.0080720076167,0.0,0.001403719596911
1,0,0,0,0,0,-565.81311,11.58335,-73.801895,-86.987602,-0.229202,-18.1215,-3.22176,-0.57,3,24,6.15,6.07,308.31396792022184,492.825671033382,2786.13105633248,1.0397177698816011,10.25065017295334,-25.56379125022808,11.815674061736969,14.841782922484258,20.613587392339248,154.78505868513776,0.0,0.0008060831369235
1,0,0,0,0,0,-600.347229,1838.57251,-115.368073,-86.587097,-0.228147,-17.984501,-2.70585,-0.326667,3,24,6.16,6.14,325.2824069906771,507.1985557519639,2746.331700808917,0.7065131325970229,10.10645270896038,-25.64242391126176,10.8219054485975,8.813891564888264,12.241516062344813,152.57398337827317,1.0,0.011405469471014
1,0,0,0,0,0,-529.054382,211.640167,-145.128311,-86.227402,-0.227199,-17.8615,-2.78153,-0.35,3,21,6.16,6.16,287.1551894809034,467.52233001580674,2510.758025244112,0.9107607314664384,10.02039669638352,-23.903123054079384,10.978404442792693,13.960393765995432,19.38943578610477,139.4865569580062,0.0,0.0008235439478564
1,0,0,0,0,0,-628.969971,2440.515869,36.551155,-82.305,-0.216864,-16.5201,-2.8381,-0.146667,3,22,6.22,6.17,265.8020671544491,464.6152014524355,3103.448089227875,0.8474681347982522,11.04517412766591,-26.979593007195625,13.0676660152985,13.940131946306035,19.36129436986949,172.41378273488192,1.0,0.0074163518376625
1,0,0,0,0,0,-557.013855,-30.821449,-100.09343,-84.2565,-0.222006,-17.1875,-2.80855,-0.323333,3,23,6.21,6.14,302.78368839965106,480.9066454967977,3090.925618133316,0.8544046398588805,9.89571983873037,-24.0116013521554,13.0676660152985,10.151171664388553,14.098849533872986,171.7180898962953,0.0,0.0007907927777035
1,0,0,0,0,0,-691.841919,151.078812,-170.148041,-80.725403,-0.212702,-15.9799,-2.60404,-0.183333,3,19,6.07,6.16,269.7726476924155,441.8862456636541,1950.203189639778,0.9984949299751816,9.5618665539577,-21.616219870885217,14.19445877350388,9.482531614638408,13.1701827981089,108.34462164665432,0.0,0.0008734379595389
1,0,0,0,0,0,-635.510071,271.526947,-110.239113,-89.401901,-0.235563,-18.947201,-2.70915,-0.273333,3,22,6.14,6.05,301.8974421622212,480.57631120823015,2742.973880366849,1.27162760383436,9.926603835889388,-24.0947847628938,13.059841065588742,5.815142250857313,8.076586459524046,152.3874377981583,1.0,0.0080755047662781
1,0,0,0,0,0,-557.501038,1589.470581,-9.592649,-81.803001,-0.215541,-16.3484,-2.55634,-0.316667,3,23,6.2,6.19,281.1447300601035,473.3320640357552,2710.2740247592023,0.8915070150821327,10.677074109758427,-26.16265328720177,11.189678084956205,7.395564186630382,10.271616925875527,150.570779153289,0.0,0.0016069426256334
1,0,0,0,0,0,-547.585205,9379.404297,-110.318787,-77.360703,-0.203836,-14.8292,-2.49551,-0.103333,3,20,6.01,5.79,318.48112438235825,464.11284161308686,1846.8997762689305,0.9297057216778508,8.090650957262701,-18.163528062265303,12.92681692052283,11.873426337987407,16.4908699138714,102.6055431260517,0.0,0.0052371237998252
1,0,0,0,0,0,-545.450623,29.610281,-114.817436,-93.569702,-0.246545,-20.372499,-2.92405,-0.34,3,22,6.12,6.08,287.34770544292377,471.383514545363,2380.891220376241,0.9705302685284796,10.22421161680218,-24.672768366742236,13.66236219324023,8.813891564888264,12.241516062344813,132.27173446534673,0.0,0.0063264990839536
1,0,0,0,0,0,-686.153809,681.73938,-153.390701,-85.950897,-0.22647,-17.767,-2.77261,-0.476667,3,21,6.14,6.22,250.9201844456565,439.5344267876428,1960.489344718268,1.1738600481923638,10.478569018999236,-24.23445360726927,14.233583522052678,9.745935270600588,13.53602120916748,108.91607470657044,1.0,0.0074194942389218
1,0,0,0,0,0,-647.072205,560.235107,-98.020119,-72.966904,-0.192259,-13.3265,-2.5161,-0.473333,3,22,5.99,6.03,295.11679598282853,469.4619070389174,2059.455772854617,1.0538238815938517,9.685839503116048,-22.95946612613088,14.648305856669936,0.0607854590681949,0.0844242487058262,114.41420960303428,0.0,0.0116048729399164
1,0,0,0,0,0,-573.164124,79.279015,-103.6763,-71.386703,-0.188095,-12.7861,-2.37956,0.003333,3,23,6.09,6.0,281.33984779181446,451.89755258150205,2549.480235772721,0.826384585220702,9.475428043871531,-21.715797720942195,10.657581504692551,11.285833566994858,15.674768843048415,141.63779087626227,0.0,0.0007647002482237
1,0,0,0,0,0,-605.766846,9508.240234,-81.906311,-78.102997,-0.205792,-15.083,-2.51945,-0.363333,3,22,6.19,6.02,294.90793857676783,474.2273933599261,2757.332336475158,0.9472566598963552,9.962191932397682,-23.97178861568229,9.53078874648717,7.496873285077373,10.412324007051907,153.18512980417546,0.0,0.0036083030823724
0,0,1,0,0,0,-516.121033,62.807545,-126.317528,-77.783699,-0.138245,-9.37236,-1.89716,-0.22,5,16,5.56,5.26,274.58391768701927,562.0789099905927,3745.3886531287662,1.2846897509821948,11.057499703983591,-55.6179050808976,18.07571077767129,11.184526908269255,16.776790362403887,144.05340973572177,0.3333333333333333,0.0110277126788949
0,0,1,0,0,0,-516.758728,31635.699219,-210.885727,-68.463203,-0.121679,-6.62394,-1.85036,-0.22,5,16,5.41,5.09,275.31793753619536,564.0771890736155,3659.8884064842114,1.3158695497335415,11.106125059131545,-56.07700823730149,18.09313314950519,9.642106295035518,14.463159442553277,140.7649387109312,0.6666666666666666,0.0100475667341049
0,0,1,0,0,0,-531.925049,-21.454466,-88.294724,-78.783096,-0.140021,-9.66708,-1.87579,-0.204,5,16,5.59,5.32,251.7121487343569,545.7310500218176,3650.453153830597,1.28009749525617,11.308419280286952,-56.2222752274237,17.622729109989887,10.085057855759054,15.12758678363858,140.40204437809987,0.6666666666666666,0.0102745996337343
0,0,1,0,0,0,-509.523529,63.944,-4.717596,-72.302803,-0.128504,-7.75616,-1.60673,-0.29,5,12,5.35,5.14,240.9974549539154,524.040614302177,3965.4909549924014,1.3847750883847758,10.886275359548524,-52.01809677907944,14.52154692355568,7.039765875784751,10.559648813677128,152.51888288432312,0.0,0.0006809645755171
0,0,1,0,0,0,-475.934143,32.601288,3.370161,-73.040497,-0.129815,-7.97369,-1.78148,-0.424,5,13,5.35,4.88,241.77645980418797,533.758042188932,4060.9795704086023,1.1607588031040057,11.230060860951694,-54.90119057070889,9.42550316213992,8.969769104651581,13.454653656977372,156.19152193879242,0.3333333333333333,0.001485232374782
0,0,1,0,0,0,-567.613953,-36.808994,5.386697,-73.087402,-0.129898,-7.98753,-2.03021,-0.3175,4,12,5.19,4.95,229.1330941127877,506.1547259487605,4468.007648047893,1.280789157222075,10.654678147537416,-49.40335363982542,20.140261839988447,2.7605374052234586,4.140806107835187,171.84644800184202,0.0,0.0023556913140492
0,0,1,0,0,0,-549.155884,902.633606,-48.103859,-71.7603,-0.127539,-7.59619,-1.75025,-0.328,5,15,5.36,5.09,248.03625278297065,557.4182417531124,4707.191527884941,1.081609401572791,11.899307268082376,-61.06568379450279,19.303987991961243,5.584353604835994,8.376530407253991,181.04582799557463,0.3333333333333333,0.0023594371358547
0,0,1,0,0,0,-487.748962,38.779736,14.854106,-72.186996,-0.128298,-7.72203,-1.71874,-0.382,5,13,5.38,5.27,242.98004451024684,519.0530286883264,5990.782754436367,1.4318631784319096,10.618191699156908,-49.98538605904415,12.92739990075383,11.706576961979136,17.559865442968707,230.4147213244757,0.3333333333333333,0.0058701619408282
0,0,1,0,0,0,-581.068542,-25.532377,-69.232681,-73.841698,-0.131239,-8.20997,-2.17182,-0.3725,4,15,5.16,4.9,256.669208785411,548.5509367046911,4356.324072409901,1.2786764601897258,11.226220304587695,-55.85898130985651,19.83537033289519,4.492794401624424,6.739191602436637,167.5509258619193,0.0,0.0029548609075047
0,0,1,0,0,0,-527.192871,-14.448589,-70.922195,-65.448196,-0.116321,-5.7349,-1.67816,-0.25,5,11,4.64,4.5,245.1370140911023,562.1241164764295,4379.956506463193,1.037713850434656,12.191811630204894,-63.455401080991656,14.81772724473198,7.490627285806922,11.235940928710384,168.45986563319974,0.0,0.0010531268854371
0,0,1,0,0,0,-482.790894,-5.443631,-32.646904,-68.156998,-0.121135,-6.53367,-1.94734,-0.4325,4,9,4.62,4.3,298.9882137956851,563.2958469570714,5831.571236174295,1.3662095557070104,10.165678198514856,-49.809845318785165,8.266915435185568,10.274894238926285,15.412341358389424,224.29120139131905,0.0,0.0008120569515034
0,0,1,0,0,0,-531.99707,423.475922,-32.671333,-71.963799,-0.127901,-7.6562,-2.11658,-0.4575,4,15,5.17,4.92,285.3830974484873,564.9425528152769,5046.020372658257,1.4026216840476784,10.752286744876525,-53.759850400456656,17.230725743727138,8.376530407253991,12.564795610880983,194.0777066407022,0.3333333333333333,0.0028594073016225
0,0,1,0,0,0,-527.951355,-33.291035,18.592787,-63.5886,-0.113016,-5.18653,-1.58972,-0.414,5,13,5.18,4.8,290.4949244480516,539.8347624202314,5034.105903736737,1.650782412274716,9.589993768160763,-44.80721500095776,12.474418233072427,4.674720935493021,7.012081403239531,193.61945783602835,0.0,0.001033958390894
0,0,1,0,0,0,-575.564575,864.019897,32.751919,-64.789398,-0.11515,-5.54061,-1.61973,-0.238,5,14,4.99,4.94,302.041078580703,570.985153088805,3432.678885274172,1.3870199213223529,10.344002865696227,-51.43844760968068,12.840288041584328,11.247805702658331,16.871708553987496,132.02611097208353,0.3333333333333333,0.0064389867966962
0,0,1,0,0,0,-476.123688,73.362358,5.053348,-63.041901,-0.112044,-5.02532,-1.61646,-0.282,5,15,5.15,4.91,274.326490471907,544.7047964216449,5117.691371920269,1.564231757159228,10.39916561345146,-50.183033650041885,15.671423464593085,11.84895424935456,17.773431374031837,196.83428353539497,0.3333333333333333,0.0032817068938304
0,0,1,0,0,0,-568.875488,2.282191,14.677492,-63.253101,-0.112419,-5.08758,-1.80723,-0.7275,4,13,4.94,4.75,272.28768041887446,546.6288867204069,4162.428923253439,1.5777798366475624,10.551584857751246,-51.28632258176567,2.334597825742605,4.912016414452057,7.368024621678085,160.09342012513227,0.0,0.0013568521094515
0,0,1,0,0,0,-531.926453,18.136982,-8.962284,-64.023399,-0.113789,-5.31475,-1.73036,-0.2375,4,12,4.72,4.37,235.18709507364636,514.0924342226264,3646.9385577223184,1.1161200561495055,10.727128428806925,-50.36304442968261,14.390879134801432,8.09968568180178,12.14952852270267,140.26686760470454,0.0,0.0013127599244931
0,0,1,0,0,0,-609.692444,130.058624,-76.546165,-68.569801,-0.121869,-6.65537,-2.01676,-0.2725,4,15,4.88,4.58,270.7248808957269,553.000198863761,4528.298369338021,1.3226512982952738,10.856742998770544,-53.689064440478425,15.723690580094784,4.508614100221695,6.7629211503325415,174.1653218976162,0.0,0.0019524710038231
0,0,1,0,0,0,-554.325928,170.026627,13.375174,-63.079498,-0.112111,-5.03639,-1.43362,-0.152,5,13,5.1,4.82,232.22788711450085,516.5042580099633,3703.174972567696,1.0570609395578456,10.933706572902404,-51.83671846430103,14.60865878272518,6.644273410853023,9.966410116279537,142.4298066372191,0.0,0.0005882176001521
0,0,1,0,0,0,-527.744324,1280.548462,11.070735,-61.676601,-0.109618,-4.62273,-1.58145,-0.252,5,13,4.85,4.63,263.21098674516537,505.97397375171937,4424.230087095598,1.4250230320362072,9.33703796179054,-41.38995210953081,14.652214712309933,9.768663883813671,14.652995825720506,170.162695657523,0.0,0.0029646229509474
0,0,1,0,0,0,-496.033447,37.827984,-46.161659,-63.6992,-0.113212,-5.21915,-1.76942,-0.3775,4,10,4.59,4.23,308.5896620954352,564.4260336850953,5823.533239896571,1.2603610490986406,9.83986044575616,-47.78573533463508,12.953533458504678,7.482717436508286,11.224076154762429,223.9820476883297,0.0,0.0062893436790204
0,0,1,0,0,0,-526.638611,-0.549277,-57.845814,-61.410198,-0.109144,-4.54417,-1.46215,-0.234,5,12,5.3,5.04,206.51549155938864,542.9531004051962,4723.284380759333,1.3145710893253868,12.93990803253106,-67.3704719653492,14.025009326289531,10.591288210871664,15.886932316307496,181.66478387535892,0.0,0.0015635835658456
0,0,1,0,0,0,-554.767334,-21.015907,-27.369928,-66.552002,-0.118283,-6.06037,-2.01673,-0.4625,4,15,5.21,4.96,251.6984668279473,545.860179804363,4533.229522325013,1.1480499231869563,11.313912037554452,-56.26779932331339,19.83537033289519,5.774189988003223,8.661284982004833,174.3549816278851,0.0,0.0013620769851923
0,0,1,0,0,0,-748.101196,-14.946298,-147.822433,-91.743202,-0.141438,-13.3248,-2.13356,0.902,5,13,5.59,5.38,14.526891834314824,461.90266480961066,5687.557232143203,1.3520810703204127,18.640657207303992,-132.24515885577756,16.11296121799692,6.640461189572817,12.7275506133479,236.98155133930013,0.0,0.0083541070420862
0,0,1,0,0,0,-739.654907,-41.52774,-138.08844,-89.2761,-0.137635,-12.6362,-2.07619,0.902,5,13,5.61,5.4,17.578576186787757,460.8222322563197,5812.113576118731,1.3515222370062812,18.46848566956383,-130.27258765626453,13.06623680629266,6.61254053986193,12.674036034735366,242.17139900494712,0.0,0.0049462911958505
0,0,1,0,0,0,-766.894104,-25.984949,-160.224258,-91.043198,-0.140359,-13.1294,-2.22057,0.722,5,12,5.51,5.3,-25.50064360652453,457.01945480144974,5964.080608023605,1.3574350744936434,20.105004100332263,-147.38079810260226,18.93675457518623,5.979672479748473,11.461038919517906,248.50335866765025,1.0,0.0113939121738715
0,0,1,0,0,0,-737.35083,-17.536251,-124.772316,-91.5672,-0.141167,-13.2756,-1.99059,0.698,5,11,5.64,5.22,-44.56365231229808,425.8303473220047,6756.266428683864,1.4018876716787876,19.599749984762614,-137.05312401422722,28.324628981982286,6.221651443909501,11.924831934159876,281.511101195161,0.3333333333333333,0.0031474288245149
0,0,1,0,0,0,-686.781372,39.838081,-113.430237,-87.481201,-0.134868,-12.1353,-1.90177,0.764,5,12,6.03,5.64,10.341989534803131,433.2393929072314,5823.534795258152,1.445392834556202,17.620725140517845,-117.70329211061149,24.91873787133728,1.987019571091516,3.808454177925405,242.6472831357563,0.0,0.0025535748968568
0,0,1,0,0,0,-736.322144,98.73584,-133.089722,-94.134201,-0.145125,-13.9921,-2.09187,0.504,5,11,5.46,5.12,-62.5692830350946,417.2649104878721,6921.191101311197,1.6779280877441074,19.99309139679028,-139.94005629232757,29.823221070666083,0.0698016242772195,0.1337864465313374,288.3829625546332,0.3333333333333333,0.0064138306454022
0,0,1,0,0,0,-780.57373,45.295506,-140.843887,-91.266403,-0.140703,-13.1917,-2.02814,0.724,5,9,5.33,5.04,-10.575408639859518,430.2475544198831,6139.316377426912,1.37924733385631,18.36762346082261,-124.83258171998216,29.067732497032107,0.9213814404592976,1.7659810942136538,255.80484905945468,0.3333333333333333,0.0028061498634083
0,0,1,0,0,0,-794.907532,23.803469,-172.810715,-86.3396,-0.133108,-11.8166,-1.87695,0.428,5,11,5.08,5.02,-36.10675553777901,433.13676263079367,8155.402051020152,1.9209389132568329,19.551813257023863,-137.65700200301455,24.993048222842265,6.640461189572817,12.7275506133479,339.8084187925063,0.0,0.0011535412906707
0,0,1,0,0,0,-671.583557,38.830544,-91.88765,-84.770897,-0.130689,-11.3788,-2.01835,0.398,5,13,5.45,5.03,-18.4385399780719,434.8747664163499,7313.802926523154,1.623899726686702,18.88805443310091,-130.89221967666154,29.88514636358691,2.4895912658874964,4.771716592951035,304.74178860513143,0.0,0.0010122188220777
0,0,1,0,0,0,-757.517944,-29.268599,-155.561813,-94.0158,-0.144942,-13.959,-2.41066,0.49,5,9,5.11,4.82,-6.130977847144322,421.8881647658944,6826.932516637591,1.7525327286772188,17.83413094220995,-118.26199045368368,22.169254865652945,0.9772227398810732,1.873010251438724,284.4555215265663,0.0,0.0007949178569765
0,0,1,0,0,0,-736.174194,-26.709324,-140.910919,-83.767403,-0.129142,-11.0988,-1.82103,0.62,5,11,5.43,5.02,-96.87023022080342,389.7139295431581,7998.583992768608,1.8249962320277555,20.274339990165064,-138.61820152785705,21.14129500316736,1.8567232057740397,3.5587194777335758,333.27433303202537,0.0,0.001633325024302
0,0,1,0,0,0,-738.616089,19.812349,-148.050232,-85.452599,-0.13174,-11.5691,-2.13632,0.784,5,10,5.43,4.9,-42.80634420193053,458.0352118440084,7634.572173107932,1.426599098144962,20.868398168580782,-156.12540606936884,25.46368044904048,3.5831500462306023,6.867704255275321,318.1071738794972,0.3333333333333333,0.0017328123805305
0,0,1,0,0,0,-700.188232,-32.623207,-99.825859,-83.452599,-0.128657,-11.0109,-1.81419,0.762,5,14,5.58,5.38,-18.73029437807662,482.99494423786,7998.657699093405,1.6119060096897488,20.905218275664023,-160.61615156793584,29.823221070666083,2.326720809240651,4.459548217711247,333.2774041288919,0.0,0.0013956026770924
0,0,1,0,0,0,-735.199036,16.149706,-111.700027,-84.381401,-0.130089,-11.2701,-1.96236,0.746,5,12,5.96,5.61,6.437016169240224,463.257704025916,7335.404096440843,1.581873445365954,19.03419532736149,-136.64099728687157,28.99342214552712,1.5495960589542734,2.9700591129956906,305.6418373517018,0.0,0.0026588039115698
0,0,1,0,0,0,-806.343872,-25.713747,-92.733788,-81.997498,-0.126414,-10.6048,-1.90692,0.412,5,11,5.28,4.84,-30.578606548000774,433.3761923056446,7322.844195680025,1.6542301330019462,19.331449952235225,-135.34392492575543,29.823221070666083,6.049474104025692,11.594825366049244,305.1185081533344,0.6666666666666666,0.0054915822358807
0,0,1,0,0,0,-761.14447,120.321381,-105.729752,-79.0737,-0.121906,-9.78878,-1.97684,0.656,5,11,5.65,5.17,2.811230833067896,464.6660864038669,7957.011163481235,1.932082500154256,19.24395231544996,-139.11411016523698,28.200778396140645,3.853049660102518,7.3850118485298255,331.5421318117181,0.0,0.0008011745070125
0,0,1,0,0,0,-800.585205,28.201357,-130.86203,-84.334702,-0.130017,-11.2571,-1.9167,0.732,5,12,5.79,5.51,-1.4963327146319898,476.54197035119415,6972.673976321572,1.5769864209098097,19.91826262774276,-148.34932675726878,29.786065894913595,5.100172013855506,9.775329693223052,290.52808234673216,0.0,0.0045561090208011
0,0,1,0,0,0,-792.777649,-3.870165,-83.197151,-77.359398,-0.119263,-9.31033,-1.84189,0.796,5,11,5.56,5.25,-26.649822466662272,444.9814027262999,6871.212423783791,1.6200403787745317,19.65130104970676,-140.53963297896584,12.211667763985366,3.029390493631327,5.806331779460044,286.300517657658,0.0,0.0007899154607966
0,0,1,0,0,0,-684.760559,-16.509743,-106.088539,-82.470703,-0.127143,-10.7369,-1.83268,0.832,5,12,5.75,5.42,-56.51098856427575,462.69819079909007,7109.835998288341,1.5363621872924391,21.633715806806908,-165.7384641792648,29.9223015393394,3.6203775791784527,6.939057026758701,296.24316659534753,0.0,0.0011522607750667
0,0,1,0,0,0,-706.063782,171.90451,-117.530365,-78.066902,-0.120354,-9.50779,-1.81551,0.878,5,9,5.25,4.64,-42.73537690215534,421.1902297219138,6862.081653314062,1.6794899096861375,19.33023360933621,-133.4931200755988,27.346209353833355,0.0558412994217756,0.1070291572250699,285.92006888808595,0.3333333333333333,0.0054315754813557
0,0,1,0,0,0,-724.716064,59.569202,-139.934067,-77.211899,-0.119036,-9.26918,-1.79563,0.916,5,12,5.68,5.26,-4.13074694521157,447.43887547731214,6899.5197918809,1.4523145910723372,18.81540093427182,-131.97721026913223,29.823221070666083,5.249082145646908,10.060740779156577,287.47999132837083,0.0,0.0024808699168694
0,0,1,0,0,0,-742.148193,90.169922,-105.167801,-78.575302,-0.121138,-9.64969,-2.18265,0.82,4,10,5.24,4.9,-120.71347917946946,374.8784096622872,6586.469558803091,1.1499513909558747,20.64966203507319,-140.24538377123574,25.92192761665454,1.4006859271628718,2.684648027062171,274.43623161679545,0.3333333333333333,0.0019699248698053
0,0,1,0,0,0,-699.12085,27.877645,-79.614098,-79.744301,-0.12294,-9.97595,-2.15525,0.4025,4,13,5.37,4.94,-52.731066318871285,434.1309365876725,8627.123928783849,1.7629798825292269,20.28591678777266,-145.77149590790853,29.81083601208192,4.299780055476722,8.241245106330384,359.4634970326604,0.0,0.001439451855384
0,0,0,0,0,0,-205.082352,283682816.0,-501.864777,-80.709602,-0.135719,-18.470501,-2.01774,0.328,5,11,5.9,5.91,314.08476462784233,599.3278989613707,3461.355955660487,1.3537900055513383,31.69368159261426,-131.6745808292256,31.662766233838152,1.2069422358908612,5.766501793700781,384.59510618449855,0.75,0.0089185047380765
0,0,0,0,0,0,-232.294281,86485.179688,-182.285217,-75.469704,-0.126908,-16.974899,-1.84073,0.342,5,11,5.86,5.86,312.79635323282133,602.2837000869806,3660.5273067336457,1.4077125874170588,32.16526076157325,-134.7215233678815,36.633780604724464,1.1077415041738043,5.292542742163731,406.7252563037384,0.75,0.0082847225653751
0,0,0,0,0,0,-187.301651,-32.949188,-37.595905,-81.124001,-0.136416,-18.5888,-2.13484,0.17,5,12,5.83,5.87,317.2388201613965,600.304127983687,3357.128880518074,1.3799043607388148,31.45170086914338,-130.4917470850939,31.383271449932888,1.1573418700323328,5.529522267932257,373.0143200575637,0.75,0.0092925216702782
0,0,0,0,0,0,-226.419464,57.734455,-31.438904,-84.599998,-0.142261,-19.580999,-2.115,0.204,5,12,6.08,6.14,315.9061599992381,602.5049881704518,3487.8986432770853,1.4583481205661233,31.844314241245968,-132.97834258663008,43.92060889939717,0.0,0.0,387.5442936974539,0.5,0.0041328316238005
0,0,0,0,0,0,-212.565598,-12.72797,-28.014339,-84.374001,-0.141881,-19.5165,-2.22037,0.114,5,12,6.09,6.07,335.1404268025638,609.9283897033287,3631.5749925240434,1.3634171822790808,30.53199587786276,-126.86907985803408,42.40335150105436,1.3392098781802706,6.398447195750182,403.50833250267146,0.5,0.0055230922793669
0,0,0,0,0,0,-220.893036,49.219837,-32.427856,-78.618698,-0.132203,-17.873699,-1.87187,-0.006,5,12,6.07,6.11,337.32261073722736,593.0652151273766,2858.3627634256227,1.309838015564839,28.41584493223881,-113.28345508680792,34.717244943659864,1.3061429676079184,6.240460845237832,317.595862602847,0.0,0.0025274122412494
0,0,0,0,0,0,-195.802017,16.672173,-34.468678,-77.758003,-0.130756,-17.628,-2.04626,0.166,5,9,5.68,5.86,285.2339428397171,583.9869464783834,3149.0636411143605,1.385333090240889,33.19477818207403,-137.62555811143272,44.47959846720769,0.1157341870032332,0.5529522267932258,349.8959601238178,0.75,0.00614038012665
0,0,0,0,0,0,-196.816925,165.049911,-43.066223,-72.082298,-0.121212,-16.007999,-1.80206,0.19,5,8,5.54,5.63,335.13630192582474,582.2712140773666,3111.858797472621,1.363994395471886,27.459434683504654,-106.96836834406852,50.66841153939546,0.0,0.0,345.76208860806906,0.25,0.0038522783942424
0,0,0,0,0,0,-212.51796,117.11937,-7.277567,-73.7229,-0.123971,-16.4762,-1.89033,0.284,5,11,6.05,5.81,316.3248812026209,600.8231299061849,3705.27941806414,1.4310519510834598,31.61091652261823,-131.4421275056896,43.28176367904232,0.0,0.0,411.69771311823774,0.75,0.0042162031902101
0,0,0,0,0,0,-197.166748,11.756529,-31.481133,-72.422997,-0.121785,-16.1052,-1.76641,0.146,5,10,5.58,5.64,340.67669132754287,606.033453947533,3336.399976531848,1.4625483233798282,29.48408473555445,-120.66932147587944,43.84075324685281,0.0496003658585285,0.2369795257685253,370.7111085035386,1.0,0.006834046294268
0,0,0,0,0,0,-215.238174,2.056144,-7.177566,-68.811203,-0.115711,-15.0743,-1.85976,0.072,5,11,5.74,5.92,295.9560577109738,587.9299894080686,3436.0511124243385,1.4629202236137393,32.44154796634387,-134.07054107192718,45.07851586129037,0.3141356504373475,1.500870329867327,381.7834569360376,0.75,0.005753785323484
0,0,0,0,0,0,-194.273117,43.23333,-5.57535,-71.005898,-0.119402,-15.7007,-1.82066,0.01,5,10,5.8,5.82,347.80200611090333,600.4121417404934,3871.49491163546,1.635605227522577,28.067792847732232,-112.45148015452126,44.97869629560993,0.0,0.0,430.1661012928289,0.25,0.0045588168651032
0,0,0,0,0,0,-215.933746,228.153168,-46.357426,-68.146797,-0.114594,-14.8846,-1.94705,0.202,5,8,5.39,5.41,335.40899118487226,604.3766940095519,2744.3856030318348,1.47118706506544,29.885300313853293,-122.58566942542788,40.38699627430931,1.2069422358908612,5.766501793700781,304.93173367020387,0.0,0.0036804848957111
0,0,0,0,0,0,-198.283051,-13.866155,-47.675144,-68.5821,-0.115326,-15.0089,-1.80479,0.376,5,11,5.63,5.61,320.209923645589,601.5188525609728,4029.047031555525,1.4077476839253846,31.25654765726487,-129.60254788672017,44.4396706409355,0.0,0.0,447.6718923950583,0.0,0.0026717395959776
0,0,0,0,0,0,-239.569504,105.09301,-31.60351,-66.501602,-0.111828,-14.415,-1.79734,-0.136,5,12,5.37,5.41,301.84207318953816,595.3122405019617,3921.3949276813582,1.6311600047020578,32.60779636804706,-136.1173358778354,34.657353204251585,0.0,0.0,435.7105475201509,0.5,0.0051646247655817
0,0,0,0,0,0,-190.424622,4.24091,-32.854008,-67.701698,-0.113846,-14.7576,-1.93433,0.122,5,11,5.66,5.67,330.19618680941807,607.0582572036793,3193.605391665227,1.431819570954478,30.76245226602903,-127.71167906545892,43.4814028104032,0.4960036585852854,2.369795257685253,354.8450435183586,1.0,0.0069737027891093
0,0,0,0,0,0,-203.99437,11.358871,-13.776175,-64.170097,-0.107907,-13.7495,-1.73433,0.114,5,9,5.4,5.57,316.53146033945507,595.0840694298911,3414.793204358009,1.6188540579421933,30.95028989893733,-126.99660779535306,30.604678837625396,0.0826672764308809,0.3949658762808755,379.42146715089,0.5,0.0048010273632437
0,0,0,0,0,0,-198.034149,10.685374,-3.560802,-65.539497,-0.11021,-14.1404,-1.72472,-0.11,5,10,5.65,5.74,316.25223617437456,592.4377815523357,4179.681931721314,1.548642947341334,30.68728281977345,-125.19485009013806,48.152958484248174,1.2978762399648305,6.200964257609745,464.4091035245904,0.0,0.0005774998527432
0,0,0,0,0,0,-221.060318,-9.145607,-12.392425,-64.093803,-0.107779,-13.7278,-1.68668,-0.024,5,9,5.48,5.58,277.3651529474129,569.9322279078094,3509.494020692131,1.658558572882493,32.50745277337739,-131.685583787498,50.38891675549021,0.0165334552861761,0.0789931752561751,389.94378007690347,0.25,0.0046814060335173
0,0,0,0,0,0,-223.018188,-4.373605,-61.740257,-65.8134,-0.11067,-14.2186,-1.68752,0.21,5,11,5.83,5.87,331.1269967107139,605.7938521979669,3720.162015160713,1.4126060468064243,30.518539498583664,-126.203170644518,33.89872450508018,0.6117378455885188,2.922747484478479,413.351335017857,0.0,0.0017775888696586
0,0,0,0,0,0,-198.923508,-21.930962,-33.851295,-64.406197,-0.108304,-13.8169,-2.07762,0.038,5,9,5.16,5.16,325.32091583696456,573.5034911247176,2937.3005435685263,1.4167264813458,27.575841698639227,-106.42195683818854,46.51591760708882,0.1488010975755856,0.710938577305576,326.3667270631696,0.75,0.0054650998385088
0,0,0,0,0,0,-216.406128,14.606371,-8.589099,-67.352898,-0.113259,-14.658,-1.727,0.084,5,10,5.63,5.74,306.94788839020305,592.39591823239,2982.657393401936,1.4064146740039716,31.716447760243,-130.76707219923892,46.37617021513619,0.2645352845788189,1.2638908040988015,331.4063770446596,0.25,0.0032346518952186
0,0,0,0,0,0,-200.637619,37.437809,-30.5394,-63.865101,-0.107394,-13.6625,-1.72608,-0.106,5,9,5.46,5.26,287.4523268696349,555.2600315135616,3844.365064605984,1.6276694525043658,29.756411627102963,-115.03041220501416,48.73191196519477,1.281342784678654,6.12197108235357,427.15167384510937,0.25,0.0033702184130885
0,0,1,0,0,0,-311.90033,-32.333035,-8.443274,-81.007301,-0.15774,-14.7071,-2.53148,0.83,4,13,5.55,5.12,151.3880178727169,480.7316946758618,2494.7307701653845,0.966246220804246,20.58397980019656,-83.30980359844504,22.32515780066102,9.890230179141192,22.87115728926401,155.92067313533653,0.0,0.006849464265058
0,0,1,0,0,0,-302.339935,-26.658136,-14.449426,-77.725998,-0.151351,-13.7224,-2.42894,0.83,4,13,5.53,5.1,157.26498467948335,482.1179039976817,2455.1318602305946,0.9592274879554816,20.3033074573874,-81.85891029314038,22.44454367125279,9.96250957143699,23.03830338394804,153.44574126441216,0.0,0.0061085328584206
0,0,1,0,0,0,-321.213623,-29.107456,-2.987039,-74.821899,-0.145696,-12.8509,-2.41361,0.8725,4,13,5.42,5.03,131.61947210787565,474.3427080010684,2690.483121484865,0.9931896299291934,21.420202243324542,-87.44238832542848,25.40531326192869,10.03478896373278,23.205449478632055,168.1551950928041,0.0,0.0072203298798981
0,0,1,0,0,0,-310.766266,352.267181,15.263397,-104.280998,-0.20306,-21.6915,-2.54343,0.51,5,16,6.36,5.97,82.82493396998007,453.3543371185681,4461.971035472003,1.775918685808235,23.15808769678675,-95.32569079326734,27.363241539633723,9.836020634919349,22.74579771825099,278.8731897170002,0.0,0.0053208768057281
0,0,1,0,0,0,-208.236237,421.740356,-9.930017,-95.008598,-0.185004,-18.908899,-2.31728,0.416,5,12,5.67,5.38,29.056508840472983,379.2507298416565,3795.512975090548,1.4103654495369744,21.88713881257397,-79.76692488571832,21.358132248867683,4.643950955004787,10.73913658344857,237.21956094315925,0.0,0.0019857540664029
0,0,1,0,0,0,-293.732819,-25.165554,-9.88072,-88.975998,-0.173257,-17.098499,-2.54217,0.6725,4,16,6.16,5.86,110.49473422613858,461.6042380896217,4620.958246668177,1.6728196783694922,21.944343991467694,-89.10489046398759,31.828273099765923,8.721713337025852,20.16896209187228,288.80989041676105,0.0,0.0045148644266378
0,0,1,0,0,0,-338.284821,668.036621,14.719338,-89.439598,-0.17416,-17.2376,-2.18145,0.412,5,16,5.94,5.75,84.85123714108539,446.06183527959087,3076.055997617552,1.159935635856768,22.575662383656592,-91.0546143180221,25.66796217723058,9.89625346183251,22.88508613048768,192.253499851097,0.0,0.0054033142120686
0,0,1,0,0,0,-333.759857,333.657013,30.11405,-86.915199,-0.169245,-16.480101,-2.28724,0.398,5,16,6.25,5.72,115.22106543739454,453.9298041296835,3565.4298291129508,1.25255069542286,21.16929616826806,-83.83453126105955,31.74470299035169,5.306512051049569,12.271309118052129,222.83936431955945,0.0,0.0041407603863844
0,0,1,0,0,0,-337.815216,13.512917,4.266687,-87.198601,-0.169796,-16.5651,-2.23586,0.374,5,18,6.22,5.88,30.936811778154663,419.6067981946186,3842.9480253213615,1.4178391447964798,24.291874151028995,-98.0985216602843,31.08808070209696,6.99905448730942,16.185313501903032,240.18425158258515,0.3333333333333333,0.0053365057266944
0,0,1,0,0,0,-290.894043,429.344513,8.298089,-86.335403,-0.168116,-16.306101,-2.21373,0.504,5,15,6.32,5.83,125.10387875750048,475.1826292670141,3950.658591692364,1.5554974614856292,21.8799219068446,-90.21497315866164,31.052264940919425,6.2160277374383135,14.3745641428261,246.9161619807728,0.3333333333333333,0.0052718970142326
0,0,1,0,0,0,-338.410522,-10.42656,3.442277,-85.915703,-0.167298,-16.180099,-2.32205,0.628,5,18,6.08,5.86,106.43214509224862,459.8880140465621,3881.695413365404,1.5388662764190368,22.090991809644592,-89.76990268840137,29.26147688204287,9.16743625618325,21.199696342423763,242.6059633353377,0.6666666666666666,0.0065808825204803
0,0,1,0,0,0,-331.163879,168.184464,8.387321,-84.987099,-0.16549,-15.9014,-2.2365,0.446,5,16,6.13,5.62,131.5762690633632,477.2555150300341,3960.689974651965,1.114885882755628,21.60495287291693,-88.83008255837602,31.899904622120992,9.787834373388815,22.63436698846164,247.5431234157478,0.3333333333333333,0.0025635005892492
0,0,1,0,0,0,-261.687134,777.849426,-13.573915,-83.5849,-0.16276,-15.4806,-2.3218,0.5075,4,12,5.45,5.18,57.72407376117013,420.4807410899271,4086.010194457725,1.5360574729381016,22.672291708047307,-88.72176591977944,23.984621401886628,1.572076782433527,3.6354275593775314,255.37563715360784,0.0,0.0011835414212951
0,0,1,0,0,0,-331.557007,-6.568351,-2.585751,-81.825699,-0.159334,-14.9527,-2.27294,0.74,4,17,6.09,5.76,93.81165992987884,444.7213486677528,3748.387425402341,1.258438324154466,21.931855546117124,-87.18232129602185,31.720825816233337,8.402479354386093,19.43073350701784,234.27421408764636,0.0,0.000611792862388
0,0,1,0,0,0,-315.263428,-19.100395,-10.803991,-82.636597,-0.160913,-15.196,-2.36104,0.614,5,15,6.05,5.73,116.38569464036976,472.2687406255541,3799.103720559864,1.5549299632030404,22.242690374074023,-92.03194372499584,26.21713718195273,6.408772783560432,14.820287061983498,237.4439825349915,0.0,0.003194846297886
0,0,1,0,0,0,-355.522003,-19.124327,35.318966,-82.049896,-0.159771,-15.02,-2.21757,0.572,5,14,6.07,5.64,110.29916737942142,468.739389892796,4386.294597352672,1.616219788655069,22.402513907085908,-92.5844204497039,31.613378532700743,8.366339658238195,19.347160459675827,274.143412334542,0.0,0.0006427288017897
0,0,1,0,0,0,-342.348022,-13.333824,3.655188,-81.7761,-0.159237,-14.9378,-2.33646,0.476,5,15,6.14,5.71,131.59832633779314,453.0570657573798,3233.6468525690234,1.256053881893852,20.091171213724166,-77.74578881005961,27.040899689035943,3.4453176994328643,7.967297179938498,202.102928285564,0.0,0.0043012437532077
0,0,1,0,0,0,-318.414063,1785.619385,-5.118438,-80.223,-0.156213,-14.4717,-2.22842,0.46,5,17,6.06,5.57,137.5270062670121,471.5304663519605,4612.582653686195,1.814947394013379,20.87521625530928,-84.01486897166443,31.195527985629543,5.999189560550931,13.873125858774028,288.2864158553872,0.0,0.0027392198929222
0,0,1,0,0,0,-305.419189,2752.145264,-24.206362,-80.955803,-0.15764,-14.6916,-2.13042,0.478,5,15,6.12,5.64,139.89467297845255,475.0950678191886,4295.059753957516,1.2418585313487442,20.950024677546004,-84.81433882991334,24.521857819549595,9.69146185032776,22.41150552888294,268.4412346223447,0.0,0.0005171361203741
0,0,1,0,0,0,-357.773956,87.333992,12.273269,-80.321503,-0.156405,-14.5013,-2.11372,0.376,5,14,5.94,5.45,110.82314914417115,461.7156687586259,3217.449180470707,0.922397337478483,21.93078247590342,-89.03825839617924,29.536064384403943,1.7828916766295937,4.122937002205935,201.0905737794192,0.0,0.0007523200649783
0,0,1,0,0,0,-303.257629,-13.811065,19.846954,-80.397697,-0.156554,-14.5242,-1.96092,0.416,5,13,5.74,5.34,58.44308500788424,443.4525434657572,3961.378462608932,1.1607837248307056,24.06309115361706,-99.60137757790618,31.517869836227323,9.715554981093025,22.46722089377762,247.58615391305824,0.0,0.0015076590367373
0,0,1,0,0,0,-329.354187,31.187319,11.685722,-79.395599,-0.154602,-14.2234,-2.03578,0.098,5,14,5.68,5.34,136.20104571097107,484.45792346466544,4256.542190942068,1.016403891661891,21.766054859605894,-90.55602247595104,31.828273099765923,7.342381600714441,16.979257451652146,266.0338869338792,0.0,0.0015487138192545
0,0,1,0,0,0,-306.878326,1.303471,23.703842,-81.049896,-0.157823,-14.7199,-2.25138,0.418,5,16,5.99,5.53,109.08464068805772,461.1130631067471,4679.461995692091,1.490861160765616,22.001776401168087,-89.38511444841613,29.24953829498369,6.27023728166016,14.49992371383912,292.46637473075566,0.0,0.0017439393241683
1,0,0,0,0,0,-270.926392,556.421509,-48.702347,-34.428699,-0.077986,-3.9148,-1.2296,0.195,2,2,3.68,3.49,108.0703256316108,400.8818735309336,1864.572813859992,0.7812446734255433,26.61923162721116,-75.97983433346027,12.821712704473232,7.565614366285469,22.00905997464864,169.5066194418174,0.0,0.001808994984827
1,0,0,0,0,0,-259.065399,0.372431,-28.826488,-31.2528,-0.070792,-2.91446,-1.15751,0.195,2,2,3.61,3.43,104.56676791534484,398.1260969704431,2002.7337914970597,0.8065290784790392,26.68721173228166,-75.95337515205212,8.500108645599441,7.422326215408849,21.592221717553016,182.0667083179145,0.0,0.001557215110672
1,0,0,0,0,0,-308.217499,-9.240473,-21.12002,-35.275902,-0.079904,-4.18166,-1.17586,0.32,2,3,3.77,3.63,136.46435075252634,421.1330517523344,1556.8168163845476,0.7223309127920761,25.878972818164367,-75.15623540329351,19.375668528857982,2.8600314914973093,8.320091611628536,141.52880148950433,0.0,0.0021869880854673
1,0,0,0,0,0,-310.508667,12.601701,-26.58963,-63.235001,-0.143235,-12.9882,-1.91621,0.18,3,9,5.04,4.99,147.78809929934306,419.78686209279965,2143.9634571959177,1.076665524962947,24.7271602539506,-70.38514794326419,30.66621688134613,3.9375583860894814,11.454715304987586,194.9057688359925,1.0,0.0094389579728884
1,0,0,0,0,0,-298.319244,1871.548584,-12.496475,-59.616001,-0.135038,-11.8483,-1.863,0.39,3,7,4.69,4.63,146.72615715746144,418.39642464941153,3028.9244482788927,1.5923425641048643,24.69729704472273,-70.12546302819635,23.9262317431688,4.44193267717518,12.921985969964162,275.35676802535386,1.0,0.0085331231324899
1,0,0,0,0,0,-292.071442,9.824978,11.141881,-55.605,-0.125953,-10.5849,-1.73766,0.34,3,9,4.85,4.77,119.81395860688372,399.9175422460534,2984.164687556942,0.8449299224177663,25.463962149015423,-71.24979777908162,29.56435094580546,3.840122443493381,11.171265290162564,271.2876988688129,0.0,0.0005647432389129
1,0,0,0,0,0,-298.510345,-13.648676,2.048506,-55.489601,-0.125691,-10.5486,-1.98177,0.366667,3,6,4.66,4.65,136.02690487030094,412.1424920437796,3020.8909690436367,1.4479388018830832,25.10141701577079,-71.08611961658204,27.27475939143525,8.075720183406231,23.493004169909035,274.6264517312397,1.0,0.0044689520474136
1,0,0,0,0,0,-286.193909,-6.382903,-27.491423,-54.811001,-0.124154,-10.3348,-1.66094,0.113333,3,7,4.77,4.78,127.12193192930624,379.3435272772378,2450.691654707758,0.9913934492877003,22.92923594072105,-59.58582721478536,30.380017937049857,4.086578063001165,11.888227092367028,222.790150427978,1.0,0.0072383429340551
1,0,0,0,0,0,-301.77124,-5.874628,13.454708,-52.262699,-0.118382,-9.53216,-1.68589,-0.03,3,8,4.51,4.35,136.47598964042692,399.3832502560239,2509.686684504817,0.8940668790963782,23.90066005596336,-65.1318896776587,27.646818019020408,7.663050308881568,22.29250998947365,228.15333495498336,1.0,0.0033709084352865
1,0,0,0,0,0,-297.515381,27.089386,12.83422,-54.268299,-0.122925,-10.1639,-1.69588,-0.116667,3,7,4.48,4.35,142.84922656237876,409.1824873787035,2959.045644158431,0.950063381726058,24.212114619665886,-67.29820029764647,33.571136165953355,4.676925244612835,13.605600711600973,269.0041494689483,0.0,0.000544420959893
1,0,0,0,0,0,-289.646271,195.090225,11.671312,-54.863701,-0.124273,-10.3514,-1.71449,0.433333,3,6,4.39,4.21,99.29738340703534,362.1254117284752,2772.3413067744123,1.0974766982900892,23.8934571201309,-61.44151360894588,14.252707425954618,6.591254940324461,19.174559826398436,252.0310278885829,0.0,0.0037055978083903
1,0,0,0,0,0,-309.503357,2.612798,-23.618996,-52.630001,-0.119214,-9.64785,-1.87964,0.063333,3,7,4.67,4.72,154.8214374435127,431.54480111405553,2151.2843303130485,0.8761265453547548,25.156669424594803,-73.31386501144986,25.557565725657582,3.9719475422998713,11.554756486690533,195.5713027557317,1.0,0.0051524075546608
1,0,0,0,0,0,-284.353973,36.919125,12.843893,-52.486599,-0.118889,-9.60266,-1.74955,0.406667,3,7,4.77,4.58,118.45438251780725,383.673713733538,2306.9959113910754,1.0926472455706142,24.11084829233916,-64.37553640428602,26.33030287525753,3.433184095003785,9.987444640011011,209.72690103555232,1.0,0.0029524719389885
1,0,0,0,0,0,-294.669586,0.981008,-15.804849,-51.623299,-0.116933,-9.33076,-1.98551,0.113333,3,7,4.63,4.56,120.23061983010726,368.7846540342043,3262.220092563014,1.3458657902046045,22.595821291281556,-57.39669386992514,32.99873827736079,3.828659391423252,11.137918229594916,296.56546296027403,0.0,0.0010903682185124
1,0,0,0,0,0,-289.581085,-5.278458,-30.375593,-52.0872,-0.117984,-9.47686,-1.79611,0.063333,3,7,4.63,4.62,140.6746121944276,426.4757258316083,2763.730738981785,0.937462725109716,25.981919421561884,-76.14743968909157,21.736809819302277,4.21267163577259,12.255044758611172,251.2482489983441,1.0,0.0041218289235221
1,0,0,0,0,0,-305.329865,1888.104492,-12.586317,-51.1446,-0.115849,-9.17998,-1.64983,0.346667,3,7,4.53,4.48,130.55031143170032,418.855790392116,3603.330743574461,1.4827980883461085,26.20958899640143,-76.26300756361107,22.52385691611704,6.516745101868619,18.95780393270871,327.5755221431328,1.0,0.0050104604406731
1,0,0,0,0,0,-292.82135,18.735044,11.387492,-50.0079,-0.113274,-8.82192,-1.56275,-0.113333,3,7,4.51,4.36,135.05241454006898,402.8033335447664,3367.5239299368523,1.1254155435471669,24.34099263679068,-67.15950046042917,29.06350279328698,4.2355977399128495,12.321738879746473,306.1385390851684,0.0,0.0009280492393402
1,0,0,0,0,0,-291.311188,0.718754,12.304724,-50.751301,-0.114958,-9.05609,-1.87968,0.26,3,8,4.68,4.6,100.458789650599,401.0680337904456,2298.09804759104,0.8643714427515948,27.32811310362241,-78.90096424504236,29.50711115694621,4.310107578368691,12.538494773436192,208.9180043264582,0.0,0.0005746234211583
1,0,0,0,0,0,-309.157684,-3.255968,-25.246778,-51.343102,-0.116299,-9.24248,-1.60447,0.22,3,7,4.71,4.64,149.51039192595834,403.3067995787115,2203.3377126395126,1.1735718264641208,23.072400695704832,-62.38233455281635,32.94149848850154,4.2355977399128495,12.321738879746473,200.30342842177387,1.0,0.0030139281236967
1,0,0,0,0,0,-298.411835,0.706338,12.569776,-50.653702,-0.114737,-9.02534,-2.02615,0.26,3,8,4.67,4.58,124.898881970581,408.1036034978475,3454.6954109094363,1.3957739333221295,25.745883775206043,-73.23435186417194,29.592970840235093,7.5828089443906626,22.05908056550011,314.06321917358514,0.0,0.0005910634028961
1,0,0,0,0,0,-314.441223,6.223281,-36.160641,-54.059502,-0.122452,-10.0981,-1.86412,0.113333,3,7,4.66,4.63,140.38288286816697,411.09679400081353,3336.6568469104777,0.863496919642657,24.610355557513323,-69.04257098232553,22.39506739118372,4.086578063001165,11.888227092367028,303.33244062822524,0.0,0.0007814625335431
1,0,0,0,0,0,-307.436401,31.011099,13.661746,-49.5989,-0.112348,-8.69311,-1.503,0.336667,3,8,4.84,4.69,127.604437542219,402.6994741632217,1973.9352949032784,0.8940586083759944,25.008639692818427,-69.746652429311,24.799138523272447,2.9345413299531518,8.536847505318258,179.4486631730253,1.0,0.0067184215544405
1,0,0,0,0,0,-274.436584,-4.125695,-12.836395,-52.921001,-0.119873,-9.73949,-1.76403,0.256667,3,6,4.34,4.23,108.80390988593687,370.3007060195316,2629.3103411546545,1.2467773415005072,23.772436012144976,-61.79976771717393,12.59275354903621,5.6570161966089065,16.456774390135,239.0282128322413,0.0,0.0005908709858755
0,0,1,0,0,0,-397.040741,2613.774658,-147.921173,-54.985802,-0.083593,-1.93576,-1.07815,0.448,5,29,7.41,7.17,259.16200896705175,629.2798384042753,4266.510001690251,1.2451883793352343,14.235301132200906,-84.86071982454428,16.29767025841856,5.390028625373794,9.74351328432955,164.0965385265481,0.3333333333333333,0.0054235890954688
0,0,1,0,0,0,-377.593323,15475.790039,-154.488724,-72.921501,-0.11086,-6.9057,-1.42983,0.384,5,27,7.33,7.13,264.2934910780249,630.0416623317199,4179.560746277552,1.2458787745324027,14.067237355911343,-83.55611221717916,16.130919728041633,5.310763498530062,9.600226324265885,160.75233639529046,0.3333333333333333,0.004072364799981
0,0,1,0,0,0,-411.509033,291.509888,-106.849754,-47.5784,-0.072332,0.116818,-0.91497,0.438,5,25,7.46,7.22,266.8955800901102,637.1902113805608,4273.917353522571,1.1718309723271256,14.24210120347887,-85.58828212903634,14.147466050926614,3.811331515736127,6.88971466306146,164.38143667394505,0.3333333333333333,0.0043436954892937
0,0,1,0,0,0,-430.991211,3286.912354,-6.925917,-105.518997,-0.160417,-15.9385,-2.15346,0.914,5,25,7.93,7.34,278.70710366925454,589.5801121784717,7273.145498251959,1.77145789977559,11.95665417343143,-64.22032466004411,18.64095402739958,3.2432647733560453,5.862824782605159,279.73636531738305,0.0,0.0004943976573141
0,0,1,0,0,0,-434.332306,1548.56189,0.913875,-99.918999,-0.151903,-14.3867,-1.99838,0.586,5,27,7.8,7.36,311.9639457322161,621.2301586551583,7280.970829476104,1.522389849363324,11.894854343190088,-66.02000202750412,15.683326199135143,7.087623425277061,12.812242345693148,280.0373395952348,0.3333333333333333,0.0023442762355865
0,0,1,0,0,0,-484.385345,50283.765625,16.228676,-93.576302,-0.14226,-12.6291,-1.94951,0.818,5,24,8.01,7.33,248.54165195342785,545.8424315266174,6568.242571664436,1.876741929572577,11.434645368199597,-57.50766955286119,8.223434050693694,3.335740754673733,6.0299929026794405,252.624714294786,0.3333333333333333,0.0024600403545546
0,0,1,0,0,0,-391.334045,131.706528,-38.600807,-94.393204,-0.143502,-12.8555,-1.85085,0.976,5,28,8.23,7.71,293.79756821874287,608.0322246725987,7274.014010873954,1.373898824160066,12.0859483251483,-66.48735671202398,20.14170880079192,8.580449980834018,15.510813426892264,279.76976964899825,0.0,0.0006664579329459
0,0,1,0,0,0,-441.49939,343.210846,-4.980591,-90.876701,-0.138156,-11.8811,-1.85463,1.076,5,24,8.14,7.46,203.9054777692149,544.8261336778116,6630.9602747161325,1.6165744122505998,13.112332919561412,-69.27735137678869,16.833027224365534,4.683247911017181,8.465871223761827,255.03693364292815,0.0,0.0029343848397893
0,0,1,0,0,0,-533.225891,1643.434204,-18.406269,-93.9795,-0.142873,-12.7408,-1.87959,0.86,5,25,8.19,7.49,248.2029221395162,545.4420874111529,6178.8423733530735,1.599465181164813,11.432275587370642,-57.46424939759152,9.215160889251209,8.63329339872984,15.606338066934711,237.64778359050285,0.0,0.003678539673807
0,0,1,0,0,0,-407.091339,1885.791748,15.780169,-89.519096,-0.136092,-11.5049,-1.86498,0.608,5,28,8.15,7.83,257.56180752967623,629.5847302171273,7271.935850013942,1.6655366213700082,14.308573949517353,-85.4861399969437,17.886188468851387,4.769118465097892,8.621098763830805,279.6898403851516,0.0,0.0036919979213767
0,0,1,0,0,0,-396.231964,2916.527588,-17.829203,-80.427101,-0.12227,-8.98551,-1.64137,0.346,5,25,7.76,7.09,288.93803224986965,605.3657303070834,7376.441330470838,1.42379848639445,12.170296079123604,-66.91700153879557,0.4388171852024384,4.02931061455639,7.283753803236551,283.7092819411861,0.0,0.0010387022835996
0,0,1,0,0,0,-432.699005,76868.445313,-7.997898,-81.8302,-0.124403,-9.3743,-1.6366,1.004,5,23,7.77,7.17,298.7008846657077,594.3194431428027,6638.165055643061,1.5898721293999882,11.369944556811346,-60.355912487133054,18.307452966645727,8.005777811216959,14.471982966430655,255.31404060165625,0.0,0.0003829561328142
0,0,1,0,0,0,-454.827179,716.812439,-3.802531,-77.269096,-0.117469,-8.11042,-1.57692,0.856,5,25,8.22,7.44,308.77557727138884,608.5692452759658,6575.05587489963,1.309630376952765,11.530525692483732,-62.47556946071892,3.8001568238531154,7.292391669623369,13.182400325857628,252.88676441921652,0.3333333333333333,0.0046505622149066
0,0,1,0,0,0,-405.945557,224.049713,21.948229,-75.596497,-0.114926,-7.64694,-1.57493,0.43,5,27,8.07,7.63,266.4324562356306,632.3291990106331,7292.899112120824,1.5908113468489982,14.072951645192406,-83.79454913906622,17.37716053401656,6.539372964607913,11.821174205252769,280.49611969695474,0.0,0.0054185810898816
0,0,1,0,0,0,-425.754547,7722.107422,8.514457,-81.301102,-0.123599,-9.22768,-1.65921,0.566,5,26,7.84,7.47,241.68673316480624,588.1040552733274,7536.914696731199,1.8566063562246515,13.323743158020044,-74.27064809960935,15.981721885072805,5.984517076701788,10.81816548480708,289.8813344896615,0.3333333333333333,0.0021400658423551
0,0,1,0,0,0,-349.870972,37245.097656,14.411671,-75.2146,-0.114346,-7.54112,-1.53499,0.536,5,21,7.65,7.04,322.7786879309073,606.0669347706487,6087.422708521071,1.5661916537272704,10.895701801528514,-57.80057642917806,18.263571248125483,0.8653109680440774,1.5642159806950628,234.13164263542583,0.0,0.0044101639393211
0,0,1,0,0,0,-380.248016,27794.128906,-11.613851,-81.455498,-0.123834,-9.27046,-1.62911,0.324,5,25,7.73,6.94,223.24072022768357,550.2718313471577,5389.319384639872,1.3158079248099916,12.578119658441311,-65.8213869098722,13.778859615356566,9.465577230589028,17.110851147603242,207.2815147938412,0.0,0.0019357183136649
0,0,1,0,0,0,-463.212158,2006460.625,-21.375465,-71.623802,-0.108887,-6.54612,-1.40439,0.44,5,29,7.66,7.37,305.55357287438125,645.7412185207368,5799.638870590978,1.1290684473536745,13.08414021716752,-76.94714168183349,12.936330619767883,5.152233244842598,9.313652404138542,223.0630334842684,0.6666666666666666,0.0052975317904457
0,0,1,0,0,0,-446.750793,10967.010742,23.489824,-72.891098,-0.110813,-6.89728,-1.48757,0.586,5,24,7.88,7.09,211.7700215950164,527.0706779583542,5822.21379198399,1.19774993871814,12.126948321666838,-60.93359861145413,14.893455265770758,9.221176422820854,16.66904968740693,223.93129969169192,0.0,0.0016322288480346
0,0,1,0,0,0,-389.777161,590.566833,-1.615801,-74.512604,-0.113279,-7.34661,-1.58538,0.774,5,25,7.87,7.36,358.05743493525915,652.7679878355723,7683.808616228449,1.955219098063255,11.33502126539666,-64.06096002867568,12.199117748627788,1.74383279056211,3.1523131214007374,295.5311006241712,0.0,0.0004407324189036
0,0,1,0,0,0,-428.369049,32709.761719,48.484577,-71.305397,-0.108403,-6.45788,-1.45521,0.588,5,22,7.77,7.13,309.8718871586314,607.6836996284469,8028.013188617689,1.9488311504813,11.454300479608287,-61.866649257882656,19.773102365221877,0.3699039252707506,0.6686724802971261,308.76973802375727,0.3333333333333333,0.0016892838123984
0,0,1,0,0,0,-420.89209,2441.199707,7.69593,-71.364098,-0.108492,-6.47416,-1.45641,0.596,5,26,7.93,7.21,272.5267553739917,595.1240645100743,8660.097399339853,1.1486326737563035,12.407588812926251,-67.92035702136174,18.079268030340454,4.597377356936472,8.310643683692852,333.08066920537897,0.0,0.0012334245108723
0,0,1,0,0,0,-408.867584,2224.109131,-7.545154,-83.1054,-0.126342,-9.72764,-1.66211,1.034,5,28,8.22,7.69,258.6554357553962,629.2306496178917,8744.425225653786,1.5565023773595386,14.252892840865211,-85.00029253989032,15.51657566875822,8.395498018198642,15.1764771867437,336.32404714053024,0.0,0.0016913322093536
0,0,1,0,0,0,-412.362244,-18.263491,-122.722176,-76.4795,-0.12564,-10.4126,-1.91199,0.408,5,12,5.45,5.34,269.218779007883,595.7256622957651,4119.333144155407,1.6072243100455954,12.557957049533927,-68.02103172101378,16.238673346119956,8.395836762867836,13.885422338589112,158.43589015982337,0.6666666666666666,0.0079493277181475
0,0,1,0,0,0,-401.343079,16.564812,-133.371429,-77.988297,-0.128119,-10.8433,-1.94971,0.354,5,12,5.3,5.22,280.3680071663724,603.9882722136255,4258.927470601142,1.6689962561710745,12.446933271048191,-67.81267486313453,16.118131762426597,8.474985332786098,14.016321896530853,163.80490271542854,0.6666666666666666,0.0066048857562927
0,0,1,0,0,0,-406.59024,-22.673361,-112.487572,-73.498001,-0.120742,-9.56158,-1.98643,0.286,5,12,5.33,5.25,266.97457836265494,592.2846842202031,3978.571884715268,1.528779936682921,12.511927148367237,-67.43089486860531,14.929936151734896,8.030535670937402,13.281270532704164,153.02199556597182,0.6666666666666666,0.0096054143115741
0,0,1,0,0,0,-362.944946,19.74711,-22.32852,-87.112099,-0.143108,-13.4475,-1.97982,0.478,5,14,5.92,5.77,308.272126724168,603.3265957703026,4678.823400392459,1.4979125980818793,11.348248809466714,-59.87881760067003,19.04557022355109,4.316641236311309,7.139060506207165,179.95474616894074,0.0,0.0012874751055143
0,0,1,0,0,0,-366.697479,-28.345793,-49.84021,-82.3899,-0.13535,-12.0997,-1.91604,0.174,5,12,5.74,5.46,288.2096933244981,599.5512519414216,4413.121307814899,1.4121419783563582,11.974675331420134,-64.06411022466362,4.65807119843632,6.9468090982104425,11.488953508578808,169.73543491595768,0.3333333333333333,0.0052937252899123
0,0,1,0,0,0,-357.365936,-27.930811,-43.705696,-87.434402,-0.143637,-13.5395,-1.94299,0.36,5,11,5.32,4.91,235.1639060392339,564.3602519797664,6018.863431986625,1.6123374034740787,12.661397920789712,-66.44885486777859,13.80201133288987,2.8006417048000034,4.631830511784621,231.49474738410095,0.0,0.0009423551800762
0,0,1,0,0,0,-350.92569,175.992279,-47.445999,-80.545097,-0.132319,-11.5731,-1.91774,0.228,5,12,5.81,5.84,271.55761140515443,598.7481055002786,6195.1843287831125,1.6233240163978948,12.584249772889391,-68.43736748961315,14.5510911744129,2.307485230693916,3.8162255738399375,238.276320337812,0.0,0.0010395640775906
0,0,1,0,0,0,-342.879822,21.078152,-23.892342,-79.133797,-0.130001,-11.1702,-1.97835,0.258,5,14,5.63,5.45,218.1032786776884,583.3726397458856,7458.052205631169,1.5661935820126514,14.048821579546049,-78.27553111836477,19.6654983682598,4.493203430744353,7.431067212384892,286.848161755045,0.0,0.0007607153145016
0,0,1,0,0,0,-408.612457,16.371197,-30.451237,-79.419296,-0.13047,-11.2517,-1.80498,0.47,5,14,5.58,5.62,321.3808497998484,616.0422043267581,5367.406588565915,1.779877884778028,11.333129020265757,-60.61926185783739,15.067697961670165,8.566310605768706,14.167359848002093,206.43871494484287,0.3333333333333333,0.0030185630952129
0,0,1,0,0,0,-388.558411,40.253933,-55.354362,-76.883102,-0.126303,-10.5278,-1.83055,0.16,5,10,5.38,5.3,304.13542673128086,636.4313864695774,5731.429998010417,1.7479468762586472,12.78061383608833,-72.71718355180124,14.637192305622449,2.6484329164956555,4.380100592665892,220.43961530809293,0.0,0.0006693784845497
0,0,1,0,0,0,-385.692932,68.7883,-53.130821,-76.219902,-0.125214,-10.3385,-2.06,0.06,5,12,5.57,5.49,240.02983556705288,580.8607176386315,4865.896207194091,1.560749531243245,13.1088800796761,-70.96349506075293,19.30387361717972,4.03657706583131,6.675877455028705,187.1498541228497,0.0,0.0009255137405086
0,0,1,0,0,0,-408.980743,-4.865908,-36.57206,-75.132401,-0.123427,-10.0281,-1.8325,-0.05,5,13,5.67,5.57,261.1038460686335,594.787486367563,4134.386915154973,1.5220322446825134,12.833986165343443,-69.98641483135135,19.57939723705026,2.684963025688699,4.440515773254386,159.01488135211437,0.6666666666666666,0.0027837507935468
0,0,1,0,0,0,-356.647675,114.691528,-34.70546,-76.337402,-0.125407,-10.372,-1.95737,0.0,5,12,5.54,5.49,206.78450530252405,580.6448130355293,4930.980439852201,1.684586244666881,14.379242605115586,-80.61169460705293,14.757733889315803,5.199452208476528,8.599094037095798,189.65309384046927,0.3333333333333333,0.0039759433207316
0,0,1,0,0,0,-435.713348,8.482959,-38.428131,-76.131599,-0.125069,-10.3133,-1.81266,0.316,5,11,5.36,5.23,283.7437767912279,582.7823497271795,5773.063152203875,1.5495385716438952,11.501483574459677,-59.56868865271799,19.9496321012513,2.045686114810437,3.3832501129557224,222.0408904693798,0.0,0.0007417758519487
0,0,1,0,0,0,-321.960114,283.729156,-9.9099,-76.588898,-0.12582,-10.4438,-1.70198,0.416,5,13,5.41,5.23,233.0396933385861,571.5153890319812,4621.071549611255,1.5938306769062789,13.018295988207502,-69.57849910098395,13.758960767285098,4.194874205667831,6.937676570912182,177.73352113889445,0.0,0.0014725850372603
0,0,1,0,0,0,-391.994293,481.859589,-22.84523,-71.820297,-0.117986,-9.0827,-1.71001,0.284,5,12,5.7,5.29,233.73089165747496,547.1002976931602,4440.179771489227,1.1548121478271605,12.052669462910972,-60.91196465234936,20.250986060484703,3.83566146526957,6.343593961791981,170.77614505727797,0.0,0.0013918160156734
0,0,1,0,0,0,-380.282104,-27.890543,-42.449947,-74.185204,-0.121871,-9.75773,-1.90219,0.246,5,12,5.5,5.28,305.1605643040168,615.4082564946505,5051.374115684637,1.4219112396001794,11.9326035457936,-64.87368761615254,1.506769796167016,3.537332240193048,5.850203320319271,194.2836198340245,0.3333333333333333,0.0052522533412103
0,0,1,0,0,0,-310.100433,-19.622965,-22.106266,-71.769897,-0.117903,-9.06832,-1.63113,0.19,5,13,5.68,5.45,235.22185195368425,547.0354009435086,5289.712624778082,1.2489933278492176,11.99282880730094,-60.49537880085601,18.761436490559596,7.939210397954793,13.130232581232926,203.45048556838776,0.0,0.0037695508735942
0,0,1,0,0,0,-389.726166,35.634113,-26.646009,-75.276703,-0.123664,-10.0693,-1.67282,0.42,5,13,5.51,5.27,296.217640284632,584.2850290489423,4822.010093814093,1.5997039640684207,11.079514952473472,-56.76707198774512,11.201757170361647,1.8934773265060896,3.131520193836994,185.46192668515744,0.0,0.0024190742481
0,0,1,0,0,0,-339.838348,-22.240526,-41.70219,-73.348099,-0.120496,-9.51878,-1.667,0.464,5,14,5.59,5.41,254.68277975054625,574.1330141784406,6226.387523325091,1.54480759202338,12.286547477995937,-64.48350850073147,13.5695382786241,4.584528703726962,7.582105163856129,239.4764432048112,0.0,0.0030673617110435
0,0,1,0,0,0,-331.297119,-4.04161,-72.894753,-79.903198,-0.131265,-11.3899,-2.0488,0.37,5,13,5.47,5.21,260.49346780187875,615.5209900150677,5235.451106413238,1.572728313417106,13.654904700507268,-77.83764697845969,14.206686649574724,5.4734280274243545,9.052207891509507,201.36350409281687,0.3333333333333333,0.0052988835915442
0,0,1,0,0,0,-354.574524,128.685806,-68.328392,-73.879799,-0.121369,-9.67055,-1.67909,0.09,5,9,5.19,4.84,246.7550454188029,570.7122425908381,5708.23300426747,1.458603059851608,12.45989219892443,-65.47276240530522,20.25959617360565,1.1202566819200015,1.8527322047138488,219.54742324105652,0.0,0.0025883006172108
0,0,1,0,0,0,-369.23642,-5.090298,8.3091,-72.024597,-0.118322,-9.141,-1.80061,0.416,5,12,5.6,5.29,252.9133487306869,599.5027760360001,5285.446637049989,1.5236056886914884,13.330362588665894,-74.07287530820102,18.17594879833469,4.76717924969218,7.884181066798606,203.28640911730724,0.3333333333333333,0.0074578556995321
0,0,1,0,0,0,-458.133698,21.410854,-124.930481,-60.5825,-0.10451,-6.54905,-1.31701,0.4,5,17,5.8,5.61,236.2248322028341,588.2092666704898,5654.80273519376,0.9199536978375868,15.99929247580253,-85.59316780258833,16.7638190495699,6.458762970677959,12.036785536263467,257.0364879633527,0.3333333333333333,0.0049650257916904
0,0,1,0,0,0,-434.406738,93.542358,-121.926575,-60.8927,-0.105045,-6.639,-1.35317,0.358,5,15,5.51,5.38,216.87123773019152,570.7219525211837,5970.3217765588815,0.9338385597346178,16.084123399590553,-84.61735227208175,13.131988122065678,6.866072347207199,12.795862101613416,271.3782625708582,0.0,0.0038471692504447
0,0,1,0,0,0,-451.250031,-6.869363,-91.371445,-41.864399,-0.072219,-1.12069,-0.951463,0.55,5,16,5.74,5.43,255.25469046894483,590.3301858610929,5348.44364449913,0.8639184179347078,15.230704336006731,-80.19977205387698,15.576299400249722,5.564137018658378,10.369528080226976,243.11107474996044,0.0,0.0008042145433147
0,0,1,0,0,0,-314.953918,-18.250097,-43.076496,-107.747002,-0.185873,-20.2271,-2.2925,0.442,5,19,6.53,6.08,273.171176902359,575.9774093020621,6494.588653609346,1.5192197666024971,13.763919654531962,-68.82481899056333,19.3466742868413,4.865892373179679,9.068253968198492,295.2085751640612,0.3333333333333333,0.0051111557708583
0,0,1,0,0,0,-400.522827,137.896652,15.995751,-101.440002,-0.174993,-18.398001,-2.25423,0.754,5,19,6.88,6.28,274.2046738647483,594.6304804811897,6671.008968351879,1.6452956508512615,14.564809391656429,-75.8356825118067,10.084021022143878,8.793518503997356,16.387920848358707,303.22768037963084,0.0,0.0022244802547607
0,0,1,0,0,0,-423.552979,167.540009,-54.715385,-98.119202,-0.169263,-17.4349,-2.22998,0.598,5,18,6.86,6.41,231.7709085397351,558.9876123179829,5962.132155448404,1.8089379344307348,14.8734865353749,-75.00109956720719,17.664354783637705,1.9274461567901564,3.592058746745292,271.0060070658365,0.0,0.0018661640746178
0,0,1,0,0,0,-451.641113,537.201599,-99.261612,-96.081596,-0.165748,-16.843901,-1.92163,0.35,5,20,6.76,6.5,243.5704296616883,556.239947851199,6010.306402891499,1.542359945784447,14.21225082679594,-70.26812692935202,22.75089728155915,10.080907069098703,18.78714499241122,273.1957455859772,0.0,0.0034377978971735
0,0,1,0,0,0,-426.981415,90.085854,-74.72493,-94.037003,-0.162221,-16.250999,-2.08971,0.462,5,18,6.64,6.18,226.00175686639005,550.5887192258542,5763.946997699327,1.8455493225166384,14.7539528345211,-73.4724661124221,22.137345462743724,8.41530265436306,15.683064037676614,261.99759080451486,0.0,0.0017055651445692
0,0,1,0,0,0,-399.812897,670.637695,-37.202229,-91.711998,-0.15821,-15.5767,-2.08436,0.424,5,17,6.77,6.36,185.4967401484945,514.332650524746,5777.640931828132,1.7706860062984844,14.94708683528416,-71.71201856218146,20.177938041365422,8.10982062196613,15.113756613664153,262.6200423558242,0.0,0.0020677689703685
0,0,1,0,0,0,-381.092926,-22.145905,-35.110748,-95.036697,-0.163946,-16.540899,-2.06602,0.702,5,18,6.46,5.86,214.24697517033317,516.1282010114139,5341.485567427127,1.2940727749645806,13.721873901867308,-63.86938253775201,18.93104240957923,0.0,0.0,242.79479851941483,0.0,0.0037757456581703
0,0,1,0,0,0,-352.322479,-0.387096,-12.92321,-92.075302,-0.158837,-15.6821,-2.00164,0.742,5,18,6.26,5.66,254.86378514323923,551.0347123049941,5270.741255387403,1.3280777587619907,13.462314870988855,-64.89773909049039,20.35606598876345,6.407849298611804,11.941900965594726,239.5791479721547,0.0,0.0060953812736597
0,0,1,0,0,0,-429.958588,23043.494141,-56.734085,-91.993896,-0.158697,-15.6585,-2.04431,0.438,5,19,6.7,6.3,234.2757217488712,561.4074498706177,6393.315568550045,1.4009954188618168,14.869624005533932,-75.17917469575137,17.100282950210616,7.142460852709183,13.310949770958024,290.6052531159111,0.0,0.0025364502954682
0,0,1,0,0,0,-324.565948,57.588963,-21.295277,-92.077301,-0.158841,-15.6827,-2.09267,0.722,5,21,6.28,6.01,288.0584583324237,598.5796689364101,6604.406674834363,1.607282863930814,14.114600481999384,-73.01324535540525,20.553985930316813,9.993626488413868,18.624485728407663,300.20030340156194,0.0,0.0040663189956643
0,0,1,0,0,0,-440.296234,-13.325759,11.439726,-91.056503,-0.157079,-15.3866,-2.02348,0.788,5,18,6.81,6.4,257.25979206859563,561.1312699530662,5737.215334978137,1.2436697446935074,13.81233990383957,-67.98384589947112,13.686163958415095,5.404122620736175,10.07131942955378,260.782515226279,0.3333333333333333,0.0089765156936787
0,0,1,0,0,0,-377.431396,221.167618,6.070439,-90.004402,-0.155265,-15.0815,-2.04556,0.334,5,17,6.04,5.72,238.05794094589987,540.6376138761489,6507.325005065173,1.449066591877179,13.7536214968295,-65.98991283583355,17.624770795327034,5.207741314195292,9.70533608554577,295.78750023023514,0.0,0.0027890822365816
0,0,1,0,0,0,-406.337524,11088.420898,-45.741535,-90.196602,-0.155596,-15.1373,-2.04992,0.828,5,17,6.59,6.02,208.1558672804717,554.860203622242,7607.1825512325695,1.8531047925650133,15.759288015535011,-80.84522975103708,18.317490590763807,5.258654986261447,9.800220656214512,345.7810250560259,0.3333333333333333,0.0040365600310553
0,0,1,0,0,0,-360.819885,752.610657,-25.481707,-86.320396,-0.148909,-14.0131,-2.00745,0.422,5,17,6.62,6.2,221.52550700066388,538.5098854432529,5905.154820315534,1.7179746928883437,14.4083808382995,-70.13798196468488,11.697068545803791,9.666324310845727,18.014513488394314,268.4161281961606,0.0,0.001426193503571
0,0,1,0,0,0,-407.133728,582.369751,-46.789047,-90.185402,-0.155577,-15.134,-2.14727,0.5,5,17,6.56,6.21,219.27115788038776,557.6524600223095,6114.635194249706,1.5399041799081217,15.38096827917826,-78.42039680724677,22.780585272792152,7.644324191646999,14.246240538978498,277.9379633749866,0.0,0.0013593255957594
0,0,1,0,0,0,-426.842102,551.862671,-89.006744,-89.0177,-0.153562,-14.7954,-1.89399,0.334,5,21,6.55,6.25,256.7392906378672,568.402901587326,5439.009815157387,1.3923910533992714,14.166527770429946,-70.94142342316756,22.206617442287406,10.051813542203758,18.73292523774337,247.2277188707903,0.0,0.0018121919615165
0,0,1,0,0,0,-431.627167,283.620819,-41.605331,-88.662697,-0.15295,-14.6924,-1.92745,0.384,5,20,6.83,6.53,283.111233580436,581.4851030330069,6064.225099001223,1.6128169927497942,13.562448611480498,-67.90037265659709,18.426346558618157,10.975533021118288,20.45440244844772,275.64659540914647,0.0,0.0033980882116259
0,0,1,0,0,0,-397.024811,149.23851,-30.036222,-90.148003,-0.155512,-15.1232,-2.09647,0.604,5,18,6.72,6.3,218.8825539310848,546.5113596900719,6164.783082394383,1.5587647520837251,14.892218443590323,-74.07326004485937,21.60296162054964,7.840705498187884,14.61222388298651,280.21741283610834,0.0,0.0017680483899216
0,0,1,0,0,0,-435.14505,300.867767,-57.139984,-88.580002,-0.152807,-14.6684,-2.10905,0.308,5,17,6.35,5.82,228.94728832718857,538.0550673894444,6503.715087118065,1.4333831273620483,14.0503535937389,-67.72907429661691,18.81229044464721,11.19373447283038,20.86105060845662,295.6234130508211,0.0,0.0009896705818252
0,0,1,0,0,0,-397.054169,10.620482,-69.277084,-86.7472,-0.149646,-14.1369,-1.97153,0.512,5,18,6.26,5.86,172.06062870336677,502.07318745561423,5788.253743059028,1.718650019748994,15.000570852374883,-71.02264696764324,18.208634622909457,8.582590434009,15.99482762701677,263.10244286631945,0.0,0.0018119928047081
0,1,0,0,0,0,-382.247925,84.317413,-95.608574,-104.487,-0.209151,-22.7714,-2.61217,0.3775,4,23,6.35,6.09,206.24840726545017,485.7734346607286,4240.438370056634,1.255466978569287,16.442648670310493,-69.15827697877212,8.610625714086908,10.268343148706537,21.1407064826311,249.437551179802,0.5,0.0067530930888316
0,1,0,0,0,0,-376.645294,25.132458,-88.8032,-101.364998,-0.202901,-21.8169,-2.53412,0.325,4,23,6.24,5.97,212.7774843904916,491.1577016568246,4223.517214021025,1.2598518899682134,16.37530689801959,-69.25657645233666,8.241070962409358,10.11435299923718,20.82366793960596,248.44218906006031,0.5,0.0062072937893531
0,1,0,0,0,0,-469.026855,-43.878868,-93.931091,-107.421997,-0.215026,-23.6686,-2.62004,0.585,4,23,6.57,6.33,197.3890469066199,486.4653716717868,4562.136794905075,1.3070949680586206,17.00448969206864,-72.47868450540331,16.777785726160758,8.539453743300593,17.58122829503063,268.3609879355926,0.5,0.0046962460786873
0,1,0,0,0,0,-418.457184,-34.525223,-63.573528,-102.151001,-0.204475,-22.057301,-2.61925,0.4025,4,21,6.42,6.14,182.31767208019107,469.1907664523047,4156.148389392312,1.4164543559495872,16.874887904241977,-70.11984106097331,28.492671354339084,7.923493145423173,16.31307412293006,244.4793170230772,0.0,0.0032899685066277
0,1,0,0,0,0,-483.528778,-28.793715,-41.041248,-88.562698,-0.177276,-17.903299,-2.3306,0.47,4,21,6.55,6.46,239.64840467515447,483.2808586678592,3506.4703425968546,1.5300320209924534,14.331320823100276,-57.254600360372464,18.317597191483884,1.4769055244560865,3.040687844468413,206.26296132922675,0.5,0.0051632123055933
0,1,0,0,0,0,-384.664307,-20.204824,-18.225222,-79.009598,-0.158153,-14.9827,-2.25742,0.3125,4,18,6.07,5.72,166.00104809696415,426.3374023428623,3768.524452834956,1.1481745884434027,15.313903190935184,-57.79335328570104,14.252494923030833,10.80030911960067,22.23593054035432,221.67790899029157,0.0,0.0021333368491281
0,1,0,0,0,0,-391.130615,-40.395374,-38.944675,-87.938599,-0.176026,-17.7124,-2.37672,0.2425,4,18,6.03,5.66,179.0988119798684,435.52061198589433,3527.7035322007832,1.043462796046941,15.083635294472112,-57.361106585495534,12.798912899765805,9.94636374527061,20.477807710851256,207.51197248239905,0.0,0.0030729715444713
0,1,0,0,0,0,-400.887207,4.446125,-47.202011,-80.987503,-0.162112,-15.5874,-2.13125,0.33,4,18,6.16,5.89,209.5817604730617,470.116528418926,3245.15023855407,1.4406264566300515,15.325574585050838,-61.54155590309617,28.56658230467459,7.594514189738644,15.635764508285444,190.89119050318055,0.0,0.0025893125244698
0,1,0,0,0,0,-379.394897,150.816833,-11.066527,-75.0056,-0.150139,-13.7587,-2.02718,0.315,4,17,5.86,5.76,222.5626514553689,472.8017789283745,3116.0932637430924,1.2339774971543207,14.719948674882684,-58.49391785521195,14.695960625043895,5.242664634206676,10.793721305719629,183.29960374959367,0.5,0.0060020982206075
0,1,0,0,0,0,-415.040924,35.779606,-3.820679,-76.562401,-0.153255,-14.2346,-2.0148,0.285,4,20,5.9,5.75,158.5826659835235,433.3798304567616,4036.924114000232,1.454412100888246,16.164539086661062,-62.913911499731405,9.189594825048404,9.365400908636223,19.28170775307458,237.46612435295484,0.5,0.0041661418297554
0,1,0,0,0,0,-525.008789,65.340324,-6.727409,-72.8228,-0.145769,-13.0914,-2.02286,-0.085,4,12,5.58,5.41,234.81686894972484,464.2218632360812,4321.841489603979,1.152387369483164,13.494411428609196,-51.44242046027742,15.878535830412051,1.9808732863557927,4.078268530732515,254.22596997670468,0.0,0.0010932777496434
0,1,0,0,0,0,-372.970398,-6.501507,-16.431313,-71.361397,-0.142844,-12.6446,-1.98226,0.3575,4,20,6.17,5.94,205.13056296509015,455.448510982042,3111.416037238928,1.300483860880908,14.724585177467755,-57.11440152628381,25.856514125705896,2.421845078018037,4.986151631213606,183.02447277876047,0.5,0.0056249049828998
0,1,0,0,0,0,-448.085144,-33.115993,-52.348595,-83.891701,-0.167926,-16.4753,-2.3969,0.615,4,22,6.15,5.86,187.07304286616895,480.48216175703095,4197.23591758136,1.5296716751119546,17.25935993475659,-73.40847230296346,28.603537779842352,5.291661499946926,10.89459720577308,246.89623044596237,0.5,0.0058228776797559
0,1,0,0,0,0,-387.665375,-17.805553,-17.998484,-71.314102,-0.142749,-12.6302,-1.98095,0.585,4,23,6.29,5.95,201.9411654974673,471.4569412844576,3134.004363024725,1.3988000056951837,15.853869163940608,-64.5623060058547,28.7267226970682,1.3299149272353386,2.73806014430805,184.35319782498385,0.5,0.0055197472110312
0,1,0,0,0,0,-503.184113,-23.364582,-0.260697,-71.698601,-0.143519,-12.7477,-1.9378,-0.2175,4,18,5.88,5.75,196.92637634610364,433.7327802792986,3094.191732743377,1.259165141895704,13.929788466658527,-51.33460562175657,14.006125088579136,7.993488667909243,16.457182551577855,182.01127839666927,0.0,0.004453585912922
0,1,0,0,0,0,-612.489502,20.51329,-16.680725,-71.301804,-0.142725,-12.6264,-1.82825,0.6,4,16,5.63,5.39,246.40660788693475,468.2949946502953,3395.762238229988,1.42818509555265,13.05225804490356,-49.50985973269157,27.285459165525754,2.694827615713712,5.548174502939995,199.75071989588164,0.0,0.0023532495906999
0,1,0,0,0,0,-527.20459,-0.191813,4.489129,-71.904503,-0.143931,-12.8107,-1.99735,0.295,4,18,5.92,5.84,255.26448078276437,483.5711732941416,2885.0055675128388,1.447206752369356,13.42980544184572,-52.54322889239461,28.640493255010107,9.771374939055432,20.117536639231773,169.7062098536964,0.5,0.0059338663441463
0,1,0,0,0,0,-428.358643,-41.738865,-20.968039,-72.394501,-0.144912,-12.9604,-1.95661,-0.4025,4,20,5.86,5.91,209.05225437249788,495.4584633368622,4352.423258386179,1.4434073828634129,16.847424056727313,-72.39467863244045,28.81295213912629,6.747568367657191,13.89205252164716,256.0248975521282,0.0,0.0067648455612204
0,1,0,0,0,0,-585.544739,-3.26969,-11.604178,-73.1922,-0.146509,-13.2043,-1.97817,-0.2725,4,18,5.84,5.74,193.5392630643944,438.1486107794572,3525.9766136048797,1.1952786809258305,14.388785159709576,-53.992376807393576,26.447801728389976,7.538517771749786,15.520477765367207,207.41038903558115,0.0,0.006789035311766
0,1,0,0,0,0,-378.512238,-29.483921,-26.020332,-69.108101,-0.138333,-11.9558,-1.86779,-0.6375,4,17,5.55,5.53,239.05442635784308,478.9032287544274,3523.5158743436496,1.3967552464437176,14.10875308215202,-55.73259495908885,28.4803528626165,8.868432698985124,18.25853790967525,207.2656396672735,0.0,0.0061836670191298
0,1,0,0,0,0,-404.728973,-23.390083,-29.638359,-74.467796,-0.149062,-13.5943,-2.12765,0.085,4,16,5.71,5.5,134.51471178336735,427.2759961668009,3422.158945470037,1.2206556058894322,17.221252022554914,-68.14927690799496,13.79671072929519,3.184796273116205,6.55693350347454,201.3034673805904,0.0,0.0028707219395337
0,1,0,0,0,0,-494.804138,-4.263525,6.414002,-69.177002,-0.138471,-11.9768,-1.86965,-0.23,4,18,5.66,5.68,210.7355015255357,444.1153506857786,4072.6437733515754,1.491063742173316,13.728226421190758,-51.1166286606701,25.548551832641262,7.67150926447332,15.794283779798011,239.56728078538677,0.0,0.0082522992195929
0,1,0,0,0,0,-447.504089,-11.28888,-23.373247,-67.943901,-0.136003,-11.5999,-1.94125,0.33,4,16,5.65,5.24,179.55168731014453,449.8616628822039,3159.4528123308028,1.1015009927679662,15.90058679835643,-62.93477918998408,25.831877142260726,7.825499413942676,16.111322322823156,185.8501654312237,0.0,0.0027240097544819
0,0,1,0,0,0,-352.949371,520.085571,-79.813087,-69.516296,-0.160372,-12.7175,-2.10655,0.03,5,9,5.05,5.0,184.81763007833325,456.5572866991012,1310.732483904907,1.0263022808906277,14.302087190566734,-50.66025996979194,17.72395478716768,10.36322307981731,16.362983810237857,68.98592020552142,0.6666666666666666,0.0079613288315851
0,0,1,0,0,0,-362.746338,73.641678,-115.09726,-68.984802,-0.159146,-12.5465,-2.09045,-0.08,5,9,5.09,5.09,179.75807642732929,458.5816719745975,1347.4678404027418,1.0805691640325503,14.674926081435167,-52.631005055970505,17.7729159882372,9.980202979935637,15.75821523147732,70.91936002119694,0.6666666666666666,0.0086806028674387
0,0,1,0,0,0,-314.87381,-28.778065,-34.51162,-67.475304,-0.155664,-12.0607,-2.17662,-0.034,5,9,5.17,5.2,179.13885352022453,460.0828272060277,1241.517500470627,1.0539296224425347,14.786524930831744,-53.29169588947414,18.85006241176673,9.785079532826106,15.450125578146483,65.34302634055932,0.3333333333333333,0.0090422509007209
0,0,1,0,0,0,-341.308563,-24.432827,-59.977062,-91.0737,-0.210105,-19.6553,-2.46145,-0.108,5,10,5.6,5.63,98.16211113372054,407.5873793528914,1990.410209955311,1.1040467768135458,16.28554043258794,-56.79217443010727,23.971404043638938,5.622445994489447,8.8775463070886,104.75843210291112,0.6666666666666666,0.0078630477532862
0,0,1,0,0,0,-322.99231,63.631977,-70.338531,-80.713699,-0.186204,-16.321199,-2.3061,-0.224,5,8,5.0,5.23,146.3692144640736,415.90099713269393,2058.15991292368,0.8720017034207426,14.185883298348438,-47.29124618642817,24.53935397604542,5.709167526538128,9.014475041902308,108.3242059433516,0.3333333333333333,0.0041862192508071
0,0,1,0,0,0,-324.213409,57.353745,-29.826241,-75.975403,-0.175273,-14.7963,-2.30228,0.07,5,10,5.43,5.26,127.75742917131248,412.6631409671209,2300.942603417309,0.9703168815387716,14.995037462937283,-50.873795664220246,25.254187511660465,8.477029757758508,13.384783828039753,121.10224228512152,0.0,0.0021681982621717
0,0,1,0,0,0,-342.064575,3374.493408,-34.295834,-75.223297,-0.173538,-14.5542,-2.08954,-0.066,5,10,5.24,5.36,117.18664196665532,407.9411649669013,2797.6737094631044,1.2941419950720514,15.302869631591896,-52.00204789883493,21.67022759337131,4.798591440026984,7.576723326358396,147.24598470858444,0.0,0.0016378167256601
0,0,1,0,0,0,-367.906525,37.779594,-0.91427,-76.1418,-0.175657,-14.8498,-2.23946,0.2,5,11,5.54,5.34,148.188137613457,425.2126728415136,1735.3340345307788,1.0040672097303378,14.580238696213506,-49.79755000452074,25.18564183016313,8.38308143137244,13.236444365324903,91.33337023846204,0.0,0.000923168387955
0,0,1,0,0,0,-338.241882,15.094378,-5.639919,-76.067802,-0.175486,-14.826,-2.23729,0.12,5,10,5.47,5.29,131.61012107622128,415.1857317067041,2154.730044898924,1.126676291363916,14.925032138446468,-50.72285039967007,25.616500399574942,8.60711205583153,13.590176930260313,113.4068444683644,0.3333333333333333,0.0021004590549915
0,0,1,0,0,0,-291.383331,34.13715,-23.478262,-71.646301,-0.165286,-13.403,-2.1711,-0.002,5,10,5.27,5.11,184.0143393402506,422.6729975409427,2670.4357796357144,1.4267450733933478,12.56098201056274,-40.40195779411549,8.793431712086505,8.484256552095898,13.396194555940893,140.54925155977443,0.3333333333333333,0.0024455000601091
0,0,1,0,0,0,-271.636536,333.436371,-28.3498,-73.295097,-0.16909,-13.9336,-2.09414,-0.096,5,10,5.2,5.22,105.46414369951884,376.5536799231802,2680.970281559443,1.031549231419477,14.267870327561123,-44.942215719095245,17.86104615016235,10.16087283837039,16.043483429005878,141.10369902944436,0.0,0.0015037721209963
0,0,1,0,0,0,-324.206543,6507.694824,-30.512259,-72.0886,-0.166307,-13.5454,-2.00246,-0.022,5,12,5.37,5.37,129.10044675638693,423.4267339567828,2327.3902886451706,1.224331628653583,15.490857221073467,-54.076675678145406,23.75597475893304,9.879027859212178,15.598465040861331,122.49422571816687,0.3333333333333333,0.004064271046068
0,0,1,0,0,0,-330.2034,148.826965,4.791777,-69.350304,-0.159989,-12.6641,-1.98144,-0.014,5,11,5.24,5.2,145.76633668832417,426.3037494450315,2365.685954009881,1.242133480680234,14.765126987195124,-50.7596389474756,20.612665650269594,7.588134054259536,11.981264296199264,124.50978705315164,0.0,0.0014532757987048
0,0,1,0,0,0,-256.255798,137.023422,-43.614235,-66.546799,-0.153522,-11.7618,-2.07959,-0.088,5,10,5.1,4.83,182.04208287055408,401.5387073001348,2855.4199568692343,1.1358931892550468,11.552453917346352,-34.89394393733967,14.835243924065765,0.0,0.0,150.28526088785443,0.3333333333333333,0.0032152832415093
0,0,1,0,0,0,-314.999023,38.249645,-16.850065,-67.882797,-0.156604,-12.1918,-1.93951,-0.122,5,11,5.19,5.14,197.53825535019396,434.2453416910357,3291.4466274927777,1.0555218157990796,12.458267702149568,-40.65452517938386,22.45360681048369,7.429144578836955,11.73022828237414,173.23403302593567,0.3333333333333333,0.0063301894146466
0,0,1,0,0,0,-338.176025,51.426392,-29.393003,-68.241302,-0.157431,-12.3072,-2.06792,0.012,5,10,5.46,5.4,89.0536490261311,386.3410684726281,2243.825100017621,0.9901768533963714,15.646706286657736,-52.02386188237888,22.806127458184267,3.187016302789005,5.032131004403692,118.09605789566425,0.3333333333333333,0.0030228285442536
0,0,1,0,0,0,-304.375488,6775.791992,-36.863968,-67.4645,-0.155639,-12.0572,-1.87401,-0.136,5,10,5.17,5.13,140.92223041332272,422.3480958969481,3105.397098861132,1.165604460815279,14.811887657032916,-50.69943382936881,20.612665650269594,6.48966131497625,10.24683365522566,163.44195257163852,0.0,0.0027131923783125
0,0,1,0,0,0,-339.849823,13.011477,-12.490447,-64.700897,-0.149263,-11.1678,-2.08712,0.19,5,9,5.43,5.36,111.0549276397308,417.17019564832384,2148.8851505084176,1.1195875567052844,16.111329895189108,-56.676188074212085,19.73136403101816,8.23131875028725,12.996819079400918,113.09921844781144,0.3333333333333333,0.0034631570645076
0,0,1,0,0,0,-306.540558,-1.958301,-22.911743,-66.9384,-0.154425,-11.8879,-2.1593,0.104,5,12,5.1,4.93,144.94284855765977,422.3406229378975,2490.7095919563144,1.2193671043859395,14.599882862117774,-49.68720675587969,20.73017253283645,2.8473569689316736,4.495826793050012,131.08997852401654,0.3333333333333333,0.0024762275967471
0,0,1,0,0,0,-333.461853,-10.441003,-0.18988,-67.382698,-0.15545,-12.0309,-1.92522,-0.032,5,9,5.32,5.32,181.94563032220535,432.9623526161049,2383.248677748631,1.0082299620256132,13.211406436521028,-43.94924051673566,19.124245137756063,5.109343596534755,8.067384626107508,125.43414093413848,0.3333333333333333,0.0032008235967306
0,0,1,0,0,0,-298.351501,908.679993,-31.78927,-70.488998,-0.162616,-13.0306,-2.07321,0.232,5,11,5.23,5.02,177.61962405237432,423.0708834461931,2416.311361146706,1.2397649978690894,12.918487336516776,-42.00364370749232,20.55391220898616,6.35957901690323,10.0414405530051,127.1742821656161,0.0,0.0009996424153
0,0,1,0,0,0,-307.14444,23.663404,-26.718626,-65.2948,-0.150633,-11.3589,-2.04046,0.226,5,11,5.4,5.16,162.30627087874444,426.0487592995253,1889.270419167774,0.9529716598446146,13.881183601093731,-46.56972610385522,21.268745744601212,10.78960394572332,17.036216756405246,99.43528521935652,0.0,0.0005833025829033
0,0,1,0,0,0,-338.449066,8.648096,-25.569218,-66.670898,-0.153808,-11.8018,-1.96091,-0.144,5,8,4.77,4.74,95.59781734949767,389.6746965081415,2742.8866930636927,1.3600569071068105,15.477730482033884,-51.471298617653495,23.716805798077413,6.431846960277131,10.155547832016524,144.36245752966803,0.0,0.0013513343358403
0,1,0,0,0,0,-679.388184,-28.629274,-271.047882,-147.220001,-0.308866,-31.5571,-3.42373,-0.6025,4,27,7.22,7.1,496.8268344104425,666.3507054629413,4796.0387579728485,1.0749682941918577,7.063494627187448,-27.08342342936864,15.332259709831012,15.40354114662443,21.179869076608597,199.8349482488687,0.5,0.0080978148272692
0,1,0,0,0,0,-674.425903,747.342041,-319.788361,-139.837006,-0.293375,-29.2551,-3.25202,-0.56,4,26,6.9,6.74,500.88581980815866,662.1699044413506,4726.869957791058,1.0044048783685298,6.720170193049665,-25.384138816044608,12.020140659495558,15.67000293625333,21.54625403734833,196.9529149079608,0.5,0.0080121201363384
0,1,0,0,0,0,-724.567993,-53.622475,-245.558273,-138.363007,-0.290284,-28.795799,-3.29437,-0.7875,4,27,7.39,7.3,487.8215741131656,669.3762214302226,4812.966781322017,1.197873081738186,7.564776971544041,-29.52794555376794,16.063411818072833,13.948249834035828,19.178843521799266,200.540282555084,0.5,0.0068426737972944
0,1,0,0,0,0,-832.140625,-36.149078,-177.511017,-152.707001,-0.320376,-33.267502,-3.55132,-0.6,4,26,7.31,7.34,435.5196321433029,620.7520613506225,3949.211303728057,1.3329559768795285,7.718017883638314,-28.53483001157204,14.688845854578206,9.264671454789411,12.73892325033544,164.55047098866905,1.0,0.0085099176497849
0,1,0,0,0,0,-744.919495,161.766098,-227.933777,-147.867004,-0.310222,-31.7586,-3.43876,-0.8075,4,26,7.23,7.14,453.3437813180879,619.6320024486807,4241.47971129744,1.2527943711887906,6.928675880441369,-24.97879791290589,4.598946760841062,4.82705780443121,6.637204481092913,176.72832130406002,0.0,0.0025081007264802
0,1,0,0,0,0,-728.944946,19889.853516,-188.378448,-138.617996,-0.290818,-28.875,-3.22367,-0.5825,4,28,7.26,7.16,493.50017466342297,667.0668066804039,4838.308861305942,1.3345215346767274,7.231943000707542,-27.887172318118285,13.182672511600051,7.440433048868488,10.230595442194172,201.59620255441425,0.5,0.0067616498200891
0,1,0,0,0,0,-867.230652,-13.089071,-211.603226,-135.149002,-0.28354,-27.7936,-3.37872,-0.8125,4,28,7.14,7.08,463.120403890082,652.3771569936362,4755.751267364848,1.4451555354674197,7.885698045981424,-30.444314022898453,8.773825298901867,8.13733311405176,11.18883303182117,198.15630280686867,0.5,0.0069187517701252
0,1,0,0,0,0,-804.313049,261.00885,-146.837997,-122.438004,-0.256873,-23.830799,-2.91519,-0.77,4,28,7.15,7.14,424.4721266900404,618.6596328164007,3834.023208357623,1.627210342702392,8.091146088598348,-30.169057889137296,14.703468896743043,7.90161691553389,10.8647232588591,159.75096701490097,1.0,0.0081497603693424
0,1,0,0,0,0,-672.361877,130.049026,-153.844086,-118.821999,-0.249287,-22.7034,-2.97055,-0.52,4,27,7.11,6.88,415.28627471684905,589.1404612816841,4240.851616280464,0.8346441719148987,7.243924440201461,-25.353517875840414,8.393626202616119,8.352552251828948,11.484759346264804,176.7021506783527,0.0,0.0066032870838248
0,1,0,0,0,0,-823.104126,169.544281,-166.993576,-133.345001,-0.279755,-27.2311,-3.33362,-0.66,4,30,6.99,6.88,468.1110064653285,656.5137593955778,5088.986909129591,1.694356503571482,7.850114705427058,-30.42514275934667,14.60110760158919,15.885222074030516,21.842180351791963,212.04112121373296,0.5,0.0073281971630893
0,1,0,0,0,0,-732.639709,237.870529,-135.641174,-104.763,-0.219791,-18.320299,-2.49436,-1.1375,4,28,6.94,6.79,466.44878880903,631.0063131839278,4424.535288188233,1.350525545387642,6.856563515620742,-25.022134936075005,6.924010465050056,6.056881448872281,8.328211992199387,184.35563700784303,0.5,0.0039893783806159
0,1,0,0,0,0,-726.30072,65.263367,-190.553345,-108.736,-0.228127,-19.559,-2.47128,-0.635,4,27,7.14,7.03,453.5099789440935,622.4123119471078,3982.468530147784,0.961252617375884,7.037597208458929,-25.54561922109336,10.97459314470975,13.4563203762594,18.50244051735667,165.93618875615766,0.5,0.0067701243951617
0,1,0,0,0,0,-745.053101,140.84993,-103.487595,-104.615997,-0.219483,-18.2745,-2.68246,-0.725,4,29,6.97,6.86,478.2969399661852,660.2843834608477,5387.983415679047,1.524389207067383,7.582810145610941,-29.297143689296902,12.480766487687903,11.539845197005397,15.86728714588242,224.49930898662691,0.5,0.0095305926440104
0,1,0,0,0,0,-787.196106,226.388641,-188.46312,-113.759003,-0.238665,-21.125,-2.84398,-0.75,4,29,6.94,6.74,439.6056163096215,638.5194393896185,4623.194668697885,1.2965602534298766,8.288075961666541,-31.838071521546013,14.337892842622134,9.951322989602344,13.683069110703222,192.6331111957452,0.0,0.0005290089061118
0,1,0,0,0,0,-763.555847,43.201637,-109.689926,-109.519997,-0.229772,-19.803499,-2.80821,-0.8125,4,29,7.11,7.07,455.8336395137445,630.2108855228569,4035.633646940164,1.3366289747090092,7.265718583713016,-26.81606311204828,16.20233071863878,11.41686283256129,15.698186394771772,168.15140195584016,0.5,0.0061391953288056
0,1,0,0,0,0,-905.808594,162.475418,-173.413406,-102.489998,-0.215021,-17.6115,-2.62794,-0.7475,4,25,6.92,6.93,456.2597532927042,631.4138598553195,3929.864306910808,1.8150388547414509,7.298087773442305,-27.001809951789557,14.68153433349579,7.604409534793964,10.4560631103417,163.74434612128368,0.5,0.0071244739016724
0,1,0,0,0,0,-777.340515,140.288101,-200.902954,-102.500999,-0.215046,-17.6152,-2.56253,-0.56,4,28,7.01,6.65,461.80894652848303,621.4506355292588,4535.795612810008,1.2807635308338907,6.651737041698989,-23.83308526730406,5.995447287582942,5.236999019244899,7.200873651461737,188.99148386708364,0.0,0.0028182224341167
0,1,0,0,0,0,-784.547913,6.606514,-140.123703,-96.822098,-0.203131,-15.8446,-2.42055,-0.9975,4,29,7.02,6.77,477.329496832995,654.5023288879097,5029.490961891038,1.2716388503784175,7.382201335621446,-28.163228631205296,12.583127782841762,13.50756302811111,18.57289916365277,209.56212341212657,0.0,0.0005714078315924
0,1,0,0,0,0,-787.104919,2040.70166,-204.96991,-103.888,-0.217955,-18.0474,-2.47351,-0.7125,4,27,6.8,6.72,451.7053318505283,643.8759286102954,4563.767664611685,1.2967661989989807,8.00710819832363,-30.707818687892782,14.703468896743043,14.962854340699712,20.573924718462106,190.15698602548687,1.0,0.0084871765640652
0,1,0,0,0,0,-704.72467,136.110687,-118.021019,-96.113098,-0.201644,-15.6235,-2.52929,-0.6625,4,24,6.86,6.5,400.6036788642906,569.588299716758,4328.191236827724,1.1960789509791063,7.04102586885281,-23.854600333050488,9.804749771522836,5.2882416710966105,7.27133229775784,180.3413015344885,0.5,0.0046452068285075
0,1,0,0,0,0,-850.747742,2142.922852,-134.511169,-106.817001,-0.224101,-18.960699,-2.67043,-0.545,4,27,6.91,6.92,435.0389547013265,617.5653113754001,4102.346340166867,1.4816097148579832,7.605264861419734,-27.912382993125885,10.40429450028113,13.804770408851036,18.981559312170173,170.9310975069528,0.5,0.0066598672336942
0,1,0,0,0,0,-789.555786,1301.166504,-90.107269,-93.372597,-0.195894,-14.7692,-2.39417,-0.7525,4,26,6.88,6.79,468.54734443221054,639.9064107566047,4187.322521159422,1.7417791949174986,7.139961096849757,-26.570618571233,14.783895628649644,9.469642062196256,13.020757835519852,174.47177171497592,0.5,0.0065807216264075
0,1,0,0,0,0,-715.375305,1.404316,-122.587212,-97.073898,-0.20366,-15.9231,-2.48907,-0.6525,4,29,6.97,6.6,501.0172765324929,678.5059158368941,5354.477639764136,1.32054542883293,7.395359971016719,-29.038430855699787,15.26645602008925,8.116836053311076,11.160649573302727,223.10323499017235,0.5,0.0058381086736141
1,0,0,0,0,0,-283.162292,-16.625441,-44.13166,-69.604797,-0.205082,-17.197001,-2.57796,-0.26,3,11,5.07,5.0,188.50459362956636,374.1053271320621,1924.3644883537308,0.6907943823110473,14.276979500191986,-25.25184773298732,15.046294234188718,12.21599362949194,22.552603623677427,148.0280375656716,0.0,0.0097843295289498
1,0,0,0,0,0,-282.728424,-25.105095,-40.187386,-72.743797,-0.214331,-18.285299,-2.69422,-0.086667,3,11,5.04,4.92,187.84725076502983,369.6052783499695,1959.0506374175347,0.716000542681659,13.981386737303048,-24.36042859712749,15.362470998071547,12.030551600960754,22.210249109466005,150.6962028782719,0.0,0.0094090160330652
1,0,0,0,0,0,-294.000641,-22.766569,-48.197945,-72.791,-0.21447,-18.3016,-2.69596,-0.3,3,11,5.1,5.07,190.0617380401164,375.2060399196192,1870.8956830813515,0.671120723340148,14.241869375346372,-25.218744153577195,13.372417248926684,10.647463138165651,19.65685502430582,143.91505254471934,0.0,0.0086549823895986
1,0,0,0,0,0,-307.06604,854.575439,-32.085701,-80.636902,-0.237587,-21.0217,-2.98655,-0.17,3,12,5.44,5.41,193.15362150422024,365.20235345343485,1978.313240320396,0.8381099550102816,13.234517842247278,-22.468922265081,18.087170757414743,7.881286212575446,14.55006685398544,152.17794156310737,0.0,0.0010187321163226
1,0,0,0,0,0,-289.151062,471.016388,-31.31991,-79.044296,-0.232894,-20.4695,-2.82301,0.173333,3,13,5.29,5.23,197.81591879760956,377.0047614974632,1824.9316411077089,1.100838667104289,13.783757130757976,-24.226485661014355,11.633445047571128,9.820700760964108,18.130524481779894,140.37935700828527,0.0,0.0007803024938322
1,0,0,0,0,0,-307.982513,2.602801,-24.579317,-68.153198,-0.200805,-16.6938,-2.62128,0.066667,3,13,5.34,5.36,179.9600117592481,367.0533611625323,1868.8037625867848,0.928227059041932,14.39179610794494,-25.202090896391123,21.92778850693263,4.906487004887656,9.05812985517721,143.75413558359884,0.0,0.0037405783167731
1,0,0,0,0,0,-303.868103,-21.484413,-30.542805,-68.921204,-0.203068,-16.959999,-2.55264,-0.11,3,12,5.25,5.23,189.86401608050448,360.8545416298998,1958.306819561809,0.8393034540648174,13.153117349953488,-22.1060244876445,18.36615025495842,9.851607765719308,18.1875835674818,150.63898612013918,0.0,0.0034930593766552
1,0,0,0,0,0,-278.54837,93.084694,0.784131,-69.8265,-0.205735,-17.273899,-2.58617,-0.206667,3,12,5.34,5.21,210.93792874531843,379.4435518508487,1577.0770465251253,0.9392760058910354,12.961971008117713,-22.44440720723956,18.18946323984742,5.532353851180411,10.21357634064076,121.31361896347116,0.0,0.0062739975704153
1,0,0,0,0,0,-288.078369,-14.652191,-2.787637,-67.892998,-0.200038,-16.6036,-2.71572,0.6,3,12,5.51,5.45,190.1129612412732,368.5261978122962,1648.235528331248,0.9232307815814484,13.724095120847924,-23.72027791262437,13.335219982587528,9.048025642084164,16.704047339232304,126.78734833317291,0.0,0.0009135130695712
1,0,0,0,0,0,-247.05629,143.414673,-29.089603,-67.117996,-0.197755,-16.3349,-2.58146,-0.063333,3,13,5.33,5.3,134.113576370035,342.6362540913359,1671.574853921536,1.268572712898356,16.04020597856161,-27.937246972159407,21.1094486474712,2.928438700554994,5.406348370255373,128.5826810708874,0.0,0.0032997214076422
1,0,0,0,0,0,-295.568939,29.27619,-27.335188,-63.759998,-0.187861,-15.1708,-2.45231,-0.123333,3,12,5.14,5.08,192.49438114721943,365.7190938225359,2071.5811264590398,0.9190675303059456,13.324977898101263,-22.693777845296623,19.472768928548312,5.099655784607641,9.414749140814108,159.35239434300303,0.0,0.0009538189402274
1,0,0,0,0,0,-287.214386,1848.234253,-27.160757,-60.9851,-0.179685,-14.2087,-2.34558,0.296667,3,10,5.05,5.0,180.82201389844167,358.1398663441887,1709.7758100891408,0.8802232799538345,13.639834803519005,-23.079750534908648,10.666316122753068,7.54130916026827,13.9224169112645,131.52121616070315,0.0,0.002331148142479
1,0,0,0,0,0,-310.961273,361.577728,-22.810143,-60.332199,-0.177761,-13.9824,-2.41329,-0.023333,3,12,5.41,5.41,167.76592774061197,365.23738294898544,1869.2051292285005,0.987604368362444,15.190111939105652,-27.01105374799676,20.0865238231444,6.8690818068427175,12.681381797248092,143.78500994065388,0.0,0.0008395359524036
1,0,0,0,0,0,-244.529419,140.435959,-30.794628,-61.495201,-0.181188,-14.3856,-2.45981,0.116667,3,11,5.21,5.12,188.9354313510944,362.1294431932263,1659.6927477946938,1.3375259185543131,13.322616295548606,-22.537337513775466,17.938381692058122,5.910964659431585,10.91255014048908,127.66867290728412,0.0,0.00092169052409
1,0,0,0,0,0,-310.97998,-19.904165,17.554703,-60.686298,-0.178805,-14.1052,-2.5286,0.126667,3,11,5.16,5.27,193.50412319520515,363.0996987647224,2014.0866797188864,0.8376664153796711,13.04581350534748,-21.96073272167217,18.477742053975888,9.333915436069743,17.23184388197491,154.9297445937605,0.0,0.0018506748735728
1,0,0,0,0,0,-324.454559,-31.116982,-35.587948,-60.8395,-0.179256,-14.1582,-2.33998,0.03,3,12,5.28,5.3,230.11159206313135,397.2396172030427,1908.837904992694,1.1518668083901602,12.856001933839334,-22.927930218251845,16.273804023380876,6.366842979570753,11.75417165459216,146.83368499943802,0.0,0.0007710101439642
1,0,0,0,0,0,-289.87323,-14.58915,-42.677406,-60.165199,-0.177269,-13.9245,-2.40661,-0.083333,3,11,4.98,4.96,190.01250254773865,364.2870388802234,1942.850364545879,0.9095542821785728,13.405733564037291,-22.815120378613717,18.44054478763673,0.0,0.0,149.4500280419907,0.0,0.0010818479243228
1,0,0,0,0,0,-303.638947,-21.055946,-30.244415,-65.788597,-0.193838,-15.874,-2.34959,-0.333333,3,9,5.04,5.07,208.95764818584095,378.2605873495286,1950.4251379695663,0.9144009093640428,13.023303012591354,-22.53473595064855,20.98855753186894,7.093157591317901,13.095060168586894,150.03270292073586,0.0,0.0037310601741042
1,0,0,0,0,0,-237.803574,35.207771,1.389849,-59.937099,-0.176597,-13.8454,-2.49738,0.173333,3,10,5.16,5.17,161.20039093331746,344.954149666393,1757.5209197004667,0.9962504260756408,14.134904517928886,-23.61595443215429,20.179516988992287,10.114317306138489,18.672585795947978,135.1939169000359,0.0,0.003541565391624
1,0,0,0,0,0,-258.805695,26.859066,-18.02927,-59.502102,-0.175315,-13.6946,-2.38008,0.096667,3,11,5.04,4.97,188.5591722876655,368.9998211742424,1640.1541888205952,0.9301647076621518,13.880049914352073,-24.09952536456022,18.71022496859561,12.246900634247138,22.60966270937933,126.16570683235348,0.0,0.0030170427074994
1,0,0,0,0,0,-274.974731,3.062373,-15.116665,-59.542099,-0.175433,-13.7085,-2.38168,0.23,3,12,5.26,5.27,175.19852887939393,363.7868914300674,1800.2725739726286,0.9428848178718808,14.506797119282574,-25.32226608574162,21.85339397425432,8.901217369496974,16.43301668214826,138.4825056902022,0.0,0.0023603679416227
1,0,0,0,0,0,-253.575256,-29.024178,-9.437094,-59.485802,-0.175268,-13.689,-2.37943,0.436667,3,12,5.15,5.12,155.32292855137172,359.1527226986946,1797.5269333931892,1.2954874032415065,15.679214934409456,-27.89433666350249,14.674321570797158,6.11186019034037,11.283434197551454,138.27130256870686,0.0,0.0037274331735312
1,0,0,0,0,0,-297.75708,50.056614,-35.006538,-59.3652,-0.174912,-13.6472,-2.19871,-0.353333,3,11,5.12,5.16,204.0171734332801,367.0491822051684,1948.7977398939724,0.9128838643921944,12.540923751683712,-21.00722746852164,19.844741591939883,10.114317306138489,18.672585795947978,149.9075184533825,0.0,0.0002549291557288
0,0,1,0,0,0,-433.475952,-56.22039,-25.523838,-84.390999,-0.129888,-11.2728,-1.83459,-0.26,5,22,6.58,6.35,90.7311742032536,474.70094297556574,6017.683969108932,1.1751947971944223,14.768068029704311,-85.52896737662635,9.90426331151386,7.236662197148624,12.803325425724488,231.4493834272666,0.3333333333333333,0.0058181205981636
0,0,1,0,0,0,-433.210052,-58.629047,-27.311954,-82.699097,-0.127284,-10.8006,-1.79781,-0.132,5,22,6.56,6.37,99.3309940236503,480.9015078374502,6159.865389486133,1.1289289772996025,14.675788992838458,-85.37080349986998,10.37871903901153,7.542828674720297,13.345004578351295,236.9178995956205,0.3333333333333333,0.0069098213379814
0,0,1,0,0,0,-447.804016,-49.783638,-23.583786,-90.4701,-0.139245,-12.9694,-1.9249,-0.392,5,22,6.54,6.22,118.4404206212543,482.0434693923995,5764.133916276396,1.1436155502748346,13.984732645044046,-79.76381685944251,7.848288492357287,7.325728808805839,12.96090481557956,221.69745831832293,0.3333333333333333,0.0047180136452378
0,0,1,0,0,0,-400.30603,1240.163818,-40.878712,-98.480698,-0.151574,-15.2051,-1.96961,-0.28,5,20,6.73,6.34,128.36939249201316,475.5340058350143,6484.207247603709,1.6668529010502633,13.352485128576966,-74.09105277926133,22.161036271870326,6.7857624756339785,12.005579764583192,249.3925864462965,0.3333333333333333,0.0026682984509837
0,0,1,0,0,0,-441.416565,158.288712,-18.109552,-99.549599,-0.153219,-15.5034,-1.99099,0.166,5,20,6.54,6.27,48.09854163848979,444.82744502059234,5959.583545399011,1.1713948536489402,15.258803976234711,-86.60971088251017,15.093622831019625,8.78976123792129,15.551116036322282,229.2147517461158,0.0,0.0057887735993507
0,0,1,0,0,0,-400.348114,5.888829,-5.477385,-89.125504,-0.137175,-12.5942,-1.85678,0.642,5,22,6.44,6.03,150.8573969738211,516.2299217500724,6388.102987233884,1.1545665370020706,14.052789414471205,-83.55995924470189,17.446132479862232,5.85612971646181,10.360844882970897,245.6962687397648,0.0,0.0016915203110778
0,0,1,0,0,0,-264.379364,923.335693,-11.460065,-88.9618,-0.136923,-12.5485,-1.81555,0.382,5,20,6.77,6.61,128.48054562908402,525.7164499514193,6476.158161275227,1.418752570560388,15.278304012397513,-95.1080601888015,22.852950874471095,0.5566663228575865,0.9848711865941916,249.08300620289336,0.3333333333333333,0.0040084803989355
0,0,1,0,0,0,-438.427643,-41.113491,-24.297092,-90.545197,-0.13936,-12.9904,-1.88636,-0.134,5,21,6.6,6.41,147.1984432530512,528.0232098342067,6239.468237265564,1.3875196517726542,14.647106406967518,-89.78545248591625,5.653930752680565,6.752362496262524,11.946487493387544,239.9795475871371,0.0,0.0052795683472672
0,0,1,0,0,0,-482.866943,107.080772,-42.067265,-92.629097,-0.142568,-13.572,-1.97083,0.328,5,18,6.64,6.36,146.56472821345022,520.5370256124622,7374.792924154407,1.382822632107248,14.383549899962,-86.77884194511601,12.62249925030259,8.388961485463827,14.842008781974464,283.6458816982464,0.0,0.0058301267796199
0,0,1,0,0,0,-450.398254,242.222549,-47.117332,-87.0261,-0.133944,-12.0082,-1.85162,-0.104,5,16,6.05,5.84,163.86052590900886,489.6640439665474,6336.5610819175645,1.253842765673257,12.53090454067456,-68.92106920991753,22.546531550462184,8.366694832549525,14.8026139345107,243.71388776606017,0.0,0.001395318484091
0,0,1,0,0,0,-449.793182,191.509247,-12.918229,-82.364502,-0.126769,-10.7072,-1.75244,0.566,5,19,6.05,5.81,121.92107814280796,514.9120506722038,7652.893592875506,1.42375635699063,15.115037404976762,-92.55749303135204,1.8187469554077345,3.3622645900598225,5.948621967028917,294.3420612644426,0.0,0.0028866339167978
0,0,1,0,0,0,-409.266907,168.535767,-44.197334,-80.451401,-0.123825,-10.1733,-1.57748,0.024,5,17,6.4,6.07,160.25357587113882,481.9623730374372,6205.755033565543,1.6111834655604866,12.373415275626858,-67.07039634389645,23.55474997139473,7.437062073377355,13.157879052898398,238.68288590636703,0.3333333333333333,0.0030059141076313
0,0,1,0,0,0,-442.320435,100.494751,-18.072502,-85.111504,-0.130997,-11.4739,-1.70223,-0.086,5,21,6.43,6.22,145.1877568456149,526.247251282945,6100.349861688086,1.061555154031962,14.656134401435772,-89.68844064500857,14.431361711387458,6.646595894919583,11.759361967934646,234.6288408341572,0.3333333333333333,0.0037502805383405
0,0,1,0,0,0,-422.468506,134.173233,-10.716566,-80.365997,-0.123693,-10.1495,-1.67429,0.476,5,20,6.4,6.03,174.42003582848793,508.4476215259404,6082.465314299114,1.1747920968408938,12.847214834517404,-73.00103376154634,16.022765297369226,8.416794801606708,14.891252341304174,233.940973626889,0.0,0.0042780735923248
0,0,1,0,0,0,-442.648895,97.0429,-2.187395,-82.475998,-0.126941,-10.7384,-1.71825,0.544,5,20,6.46,6.24,88.01869582001075,478.02668015629206,7296.822188549679,1.1588986015782063,15.000307089856973,-87.82135093464467,20.233559878911045,2.0874987107159493,3.693266949728218,280.64700725191074,0.3333333333333333,0.0049807403858145
0,0,1,0,0,0,-482.047058,-13.781051,4.320016,-78.472397,-0.120779,-9.62097,-1.70592,0.65,5,19,6.3,6.36,160.0100321356735,535.5056329943235,7665.020506748284,1.6965892992668412,14.442138494563462,-88.73876190281779,16.68502641700139,2.7554982981450533,4.875112373641248,294.80848102878014,0.0,0.0040074229739091
0,0,1,0,0,0,-484.270325,48.225353,-10.887631,-82.648102,-0.127206,-10.7864,-1.65296,-0.01,5,19,6.32,6.25,143.81796984295102,519.9682203510271,5503.434518696642,1.1563757625779203,14.467317327233694,-87.44124470127964,1.067525386869757,6.446196018690851,11.404808340760736,211.6705584114093,0.3333333333333333,0.004282126175739
0,0,1,0,0,0,-447.802002,-26.20793,-18.478638,-77.793503,-0.119734,-9.43148,-1.65518,-0.122,5,21,6.34,6.14,156.3219198628072,500.6734825597191,4794.638551444601,1.0625304952006032,13.244290872958148,-75.48509147782937,4.022989189407325,6.975029025405559,12.340435968025218,184.4091750555616,0.0,0.0045089276155534
0,0,1,0,0,0,-438.558746,136.018723,-9.445399,-85.563103,-0.131692,-11.5999,-1.71126,0.138,5,19,6.22,6.18,186.94863186395048,541.6819844855993,5984.491940042157,1.1729215609290708,13.643590485448032,-82.48991354804932,9.439692078339055,8.249794904749432,14.595790985325918,230.17276692469835,0.3333333333333333,0.0048333409811496
0,0,1,0,0,0,-462.49353,208.60321,-15.381262,-76.262199,-0.117377,-9.00412,-1.5888,0.23,5,21,6.13,6.03,171.81538954031697,548.9868757040556,5452.701020061311,1.419084205661839,14.506595621682257,-90.61782867411354,20.20390639594244,6.078796245604844,10.75479335760857,209.7192700023581,0.3333333333333333,0.0037270128072381
0,0,1,0,0,0,-440.655975,142.857712,-13.963055,-83.957397,-0.129221,-11.1518,-1.74911,0.044,5,20,6.51,6.42,154.2924409299264,521.3531268214335,6162.5243328963625,1.3705378203959286,14.11771868813489,-84.59461544082583,2.9653482968604368,3.779764332203012,6.687275356974561,237.0201666498601,0.0,0.0030501152596094
0,0,1,0,0,0,-452.149872,11.434525,-14.040745,-77.489098,-0.119265,-9.34654,-1.6487,0.108,5,19,6.13,6.09,159.36421434390462,522.8996114492113,4751.105537777159,1.218034894382147,13.98213065789641,-83.5955482218238,13.759216097432429,6.63546256846243,11.739664544202762,182.7348283760446,0.3333333333333333,0.0031106610393808
0,0,1,0,0,0,-411.540924,-5.836352,-0.356268,-73.774696,-0.113549,-8.30989,-1.53697,0.09,5,20,6.79,6.3,64.85515648897695,459.8921192576195,6351.37687682146,1.3588652509393917,15.193729337255483,-87.61074446891016,9.9536857831282,8.27762822089231,14.645034544655628,244.2837260315946,0.0,0.0013209399736062
0,1,0,0,0,0,-297.263306,-41.931881,-35.3344,-77.3022,-0.20001,-17.767401,-2.76079,-0.685,4,19,5.4,6.06,230.79690813079915,454.2138257378178,1776.8183760078618,1.2682896625261948,12.412050978167706,-31.207902305796665,15.810849289946734,8.900967613691224,13.351451420536836,98.71213200043675,0.5,0.008788463028607
0,1,0,0,0,0,-294.113281,-43.989517,-31.042072,-80.795898,-0.209049,-18.931999,-2.78606,-0.61,4,18,5.35,5.98,232.12042129275105,453.7558611749354,1690.5355300516785,1.22064951097533,12.313079993454686,-30.85674343854396,15.842392131422937,8.900967613691224,13.351451420536836,93.9186405584266,0.5,0.005406808851269
0,1,0,0,0,0,-315.253265,-37.667904,-33.070766,-85.144096,-0.2203,-20.381399,-2.74658,-0.745,4,17,5.54,6.25,220.72957122754167,455.6233634745693,2028.8698308171697,1.3596175918696145,13.04965512483487,-33.43500813770626,16.126277704708762,8.49665662779747,12.744984941696208,112.71499060095388,1.0,0.0103155422053587
0,1,0,0,0,0,-300.106384,28.997879,-24.139601,-86.621597,-0.224123,-20.873899,-2.88739,-0.6725,4,20,5.73,6.4,219.9164660851793,444.9474056790392,2203.1639135174337,1.2914900282622883,12.50171886632555,-31.078383410415217,15.455992323339451,8.931597233834689,13.397395850752034,122.397995195413,0.5,0.0067558082063347
0,1,0,0,0,0,-303.08374,12.895043,-12.954965,-78.250298,-0.202463,-18.083401,-2.60834,-1.17,4,18,5.47,6.24,237.84706854492677,440.3131877834622,2113.522036258717,1.1832976063002998,11.24811773547419,-26.82684910908519,11.852222684683262,4.814976286552857,7.222464429829285,117.41789090326203,0.0,0.0033510455804748
0,1,0,0,0,0,-281.48764,402.937775,-8.481483,-75.709801,-0.19589,-17.236601,-2.61068,-1.0025,4,20,5.76,6.48,177.7271156853314,429.239565321601,2519.19183621465,1.4714325397627457,13.972913868681644,-35.29424071934949,13.721136042148288,8.753945437002587,13.13091815550388,139.955102011925,0.0,0.0021769432384903
0,1,0,0,0,0,-314.331451,-17.4944,-18.960119,-73.194199,-0.189381,-16.3981,-2.52394,-0.635,4,18,5.48,6.14,205.89811255576527,435.97683121952485,2368.6423700868027,1.613138185718765,12.78215103687553,-31.589468749174856,17.135648631947262,7.510382859177866,11.265574288766798,131.59124278260015,0.0,0.0023427239092491
0,1,0,0,0,0,-301.513306,10.592827,-16.056637,-75.109703,-0.194337,-17.0366,-2.42289,-1.025,4,18,5.19,5.8,146.47493495657142,380.4919785071522,1977.8534796316765,1.0084428496804343,13.000946863921156,-29.64361558038232,11.844336974314212,1.3967106785420502,2.095066017813076,109.88074886842648,0.0,0.0022288871517908
0,1,0,0,0,0,-316.525879,35.174908,-15.023442,-71.017197,-0.183748,-15.6724,-2.44887,-0.6825,4,19,5.4,5.92,223.02222565429955,445.466186362618,2154.974398668799,0.9574151072745924,12.3579978171288,-30.62626820884315,14.79359265233919,7.737042048239514,11.60556307235927,119.7207999260444,0.5,0.0046486953535389
0,1,0,0,0,0,-266.380554,34.574169,-10.015013,-74.407204,-0.192519,-16.802401,-2.56577,-1.1525,4,19,5.36,5.88,222.23850497355207,420.9726289537638,2169.771848055412,1.453620332554972,11.040784665567314,-25.387158489555752,10.771880364123312,7.926945693129003,11.890418539693504,120.5428804475229,0.0,0.0008582098097351
0,1,0,0,0,0,-208.975754,-0.63083,-14.446436,-72.796501,-0.188352,-16.265499,-2.42655,-1.1925,4,19,5.2,5.95,180.7733651808421,403.9796117143042,2127.282756138063,1.0182602019269793,12.400347029636784,-28.857454696889256,6.876339441812245,7.957575313272469,11.936362969908703,118.1823753410035,0.0,0.0012806710838932
0,1,0,0,0,0,-308.769379,-5.193194,-24.935326,-75.488602,-0.195317,-17.162901,-2.51629,-0.6775,4,18,5.41,6.03,224.92379137286989,456.2166525097366,1989.039180031722,1.3339204366411224,12.849603396492595,-32.77904990936541,16.788677375709025,9.482930396417077,14.224395594625614,110.502176668429,0.5,0.0096058444594124
0,1,0,0,0,0,-325.485229,-15.138224,4.318779,-66.8666,-0.173009,-14.2889,-2.22889,-1.1725,4,19,5.25,5.7,196.20180462788528,424.36301706312025,2262.6677847383507,1.450490909919144,12.67562291306861,-30.68978735835263,13.594964676243476,8.104597489961106,12.15689623494166,125.70376581879728,0.0,0.0021099609346469
0,1,0,0,0,0,-313.989258,50.141628,-24.521204,-70.614601,-0.182707,-15.5382,-2.52195,-1.295,4,18,5.25,5.84,183.1203777642428,414.7897140412164,2065.846693313661,1.0190986085872598,12.87051868205409,-30.872016319461085,14.974963990827357,9.090871258580714,13.63630688787107,114.76926073964786,0.0,0.0011712188866772
0,1,0,0,0,0,-295.110168,-3.770282,-1.759817,-65.627296,-0.169803,-13.8758,-2.26301,-1.31,4,16,5.1,5.38,140.7200170578287,371.6888819095228,2322.426891901972,1.0044442333128576,12.831603602871896,-28.69324087897712,14.643764155327226,0.0,0.0,129.02371621677622,0.0,0.0011961565143217
0,1,0,0,0,0,-327.407257,373.640472,-13.146213,-65.383904,-0.169173,-13.7946,-2.25462,-1.09,4,16,5.53,6.07,256.67429236413363,448.7327298413893,2322.4133511629643,1.1832198996786834,10.669913193180868,-25.36911568536436,9.281481104372723,7.773797592411674,11.660696388617511,129.02296395349802,0.0,0.0004171052681524
0,1,0,0,0,0,-298.342804,192.268646,-17.805019,-67.129303,-0.173689,-14.3764,-2.23764,-0.95,4,14,5.21,5.68,219.0485792365542,421.1741530271137,2242.4872108115187,1.3604316215431589,11.229198543919974,-25.970100073859573,13.863078828791204,8.60692326031395,12.910384890470926,124.58262282286216,0.0,0.0020980619518258
0,1,0,0,0,0,-323.452911,113.313797,3.280958,-62.259899,-0.16109,-12.7533,-2.07533,-1.24,4,18,5.25,5.89,225.6964850142389,457.8677339821232,2407.498147220438,1.1258580921338155,12.89840272043802,-33.02459382755201,12.561936617897828,7.222464429829285,10.833696644743927,133.74989706780212,0.0,0.0020868464689416
0,1,0,0,0,0,-313.302521,14.554774,-30.970869,-67.754097,-0.175305,-14.5847,-2.33635,-1.125,4,15,5.13,5.65,143.9476421524908,379.4061133092883,2082.952120587217,1.0391071962226657,13.081026175377636,-29.843463189119493,13.121822054100432,6.444472078185249,9.666708117277873,115.7195622548454,0.0,0.0025598577310842
0,1,0,0,0,0,-323.763855,157.889465,-22.563993,-61.564899,-0.159292,-12.5216,-2.19875,-0.5225,4,15,4.98,5.31,187.52793147061047,401.02253231938295,2301.551227734063,1.3088659153797937,11.860811158265138,-27.044335384043023,16.16570625655402,8.637552880457417,12.956329320686123,127.86395709633685,0.0,0.0019873920305214
0,1,0,0,0,0,-272.65564,-29.455147,-11.760242,-64.415199,-0.166666,-13.4717,-2.14717,-1.0975,4,17,4.89,5.63,209.55393107522812,426.0375990251535,2084.4339124680005,1.0629490342733516,12.02687044166252,-28.67266532854499,11.032108806301984,4.576065249433823,6.864097874150734,115.80188402600002,0.0,0.0020868323629575
0,1,0,0,0,0,-305.559326,-23.346617,-17.342493,-66.3041,-0.171554,-14.1014,-2.28635,-0.93,4,18,5.45,5.79,142.30352011904125,380.4165606177844,2001.577962827615,1.2948167698239934,13.228502249930177,-30.359812848516967,15.266735274482237,5.041635475614505,7.562453213421758,111.19877571264529,0.0,0.000906858685844
0,1,0,0,0,0,-307.668671,55.086983,-3.413567,-60.285702,-0.155982,-12.0952,-2.15306,-0.415,4,15,4.98,5.53,156.37877924834297,407.55928201014456,2282.705099674561,1.19632250839209,13.954472375655644,-34.10792032206476,13.374164785910056,5.893138915602861,8.83970837340429,126.81694998192006,0.0,0.0061925057794596
0,0,1,0,0,0,-412.118652,26.444792,-75.348854,-47.3148,-0.073724,-0.925137,-1.02858,0.3,5,15,5.28,4.96,342.9937651229253,682.4164858096512,7083.419823959055,1.8793469171729809,13.576908827469037,-77.82085131912451,14.171141300317949,7.595750847232961,13.976181558908648,283.3367929583622,0.0,0.0076800085100272
0,0,1,0,0,0,-445.778595,285.091919,-92.309746,-53.001701,-0.082585,-2.51229,-1.2326,0.242,5,14,5.16,4.9,353.98495691332005,691.5789727405788,7292.851242514542,1.8428607523145064,13.503760633090351,-77.95709089400958,14.428642353624753,7.5253012188016255,13.84655424259499,291.71404970058165,0.0,0.0063699987048534
0,0,1,0,0,0,-421.112549,-18.427898,-55.689758,-48.7243,-0.07592,-1.31852,-1.03669,0.406,5,15,5.55,5.25,368.4830026340568,701.0487113661637,6576.224420986968,1.8689635518957992,13.302628349284278,-77.12737159258195,12.46305098004946,8.530809551867035,15.696689575435345,263.0489768394787,0.0,0.0038019639613935
0,0,1,0,0,0,-400.871185,641.711914,5.017578,-95.3116,-0.148511,-14.3207,-1.98566,0.494,5,16,6.37,5.88,322.5233415907413,649.7735190632951,7284.649532660804,1.6216201493043931,13.090007098902152,-71.73935920616245,13.767722983470616,7.915976431011753,14.565396633061626,291.38598130643214,0.0,0.0010038584770787
0,0,1,0,0,0,-356.38443,9946.209961,-24.732677,-98.164299,-0.152956,-15.1168,-2.04509,0.624,5,20,6.57,6.33,369.28629902602296,685.0338897171916,9228.502724798622,1.6531185326405184,12.629903627646748,-70.90091022570954,13.802056457244856,7.70462754571775,14.176514684120662,369.1401089919449,0.3333333333333333,0.0059170665956202
0,0,1,0,0,0,-457.025208,1987.584717,-8.516305,-95.001602,-0.148028,-14.2341,-2.02131,0.658,5,18,6.33,6.04,291.7288700168224,595.8891332750012,5400.954907605541,1.3340060908996203,12.166410530327152,-61.42445696654755,8.154200021382222,8.178561409710364,15.048552993867068,216.03819630422163,0.0,0.0009540136176899
0,0,1,0,0,0,-402.504333,329.002289,12.276658,-88.986397,-0.138655,-12.5553,-1.93449,0.656,5,15,6.7,6.12,312.96016959059244,647.751297012787,7291.922262274687,1.7346855184007135,13.39164509688778,-73.80703458826589,10.935211397095738,4.130910030746425,7.600874456573422,291.6768904909875,0.0,0.0017212856858719
0,0,1,0,0,0,-424.969482,222.153931,8.678958,-88.793701,-0.138355,-12.5016,-1.88923,0.392,5,15,6.42,5.81,277.72333113725455,643.1167595498823,8943.521618657738,1.7803073807135863,14.61573713650511,-82.6824862598227,18.05082383680717,1.645959500622994,3.0285654811463085,357.7408647463095,0.6666666666666666,0.0052379952290629
0,0,1,0,0,0,-528.261658,2020.31958,-12.87475,-94.4058,-0.1471,-14.0679,-1.88812,0.466,5,18,6.76,6.37,236.978185875344,577.1470257219198,6097.923687625224,1.8046053038921148,13.606753593863033,-70.01416908730124,12.76346887557407,6.782377864434826,12.479575270560082,243.91694750500892,0.0,0.0018053467283886
0,0,1,0,0,0,-297.319061,497.874146,12.433653,-87.136703,-0.135773,-12.0391,-1.85397,0.7825,4,14,6.16,5.75,320.47835823439794,630.2231765739272,6061.402807996532,1.7461589468954746,12.389792733581167,-65.32653475134572,14.488725932729674,0.6916872609621921,1.2727045601704334,242.4561123198613,0.0,0.0017949286900729
0,0,1,0,0,0,-397.035156,476.773132,-4.672298,-91.5355,-0.142627,-13.2668,-1.86807,0.572,5,19,7.04,6.58,273.1506552718498,631.2418343045384,6639.525050651511,1.5886733698341284,14.323647161307544,-79.48929216462527,14.128224458100146,6.660692142598887,12.25567354238195,265.58100202606045,0.0,0.0048329769907829
0,0,1,0,0,0,-455.755371,295.799438,6.680242,-86.674202,-0.135052,-11.91,-1.96987,0.752,5,17,6.13,5.87,352.48575178005274,671.8066292867778,6396.204078501112,1.7936697289690355,12.772835100269004,-71.01160826067552,11.02104508153134,7.403615496965686,13.622652514416862,255.84816314004448,0.0,0.0009319076840801
0,0,1,0,0,0,-430.819031,326.161652,12.117058,-85.192902,-0.132744,-11.4966,-1.81261,0.7,5,18,6.36,6.03,310.75530940416746,634.2999461392583,7211.744904457926,1.54616389236831,12.941785469403634,-69.53472761597601,13.716222772809257,6.205971813633002,11.418988137084725,288.46979617831704,0.0,0.0018445413898437
0,0,1,0,0,0,-433.122437,83.807846,2.090206,-84.055801,-0.130972,-11.1792,-1.75116,0.45,5,13,5.99,5.46,276.50896275462844,617.9743329729203,6973.099085437858,1.4217355357147232,13.658614808731672,-73.50838101743825,12.909386139114591,3.842707005345511,7.070580889835741,278.9239634175143,0.0,0.0008999753723808
0,0,1,0,0,0,-419.66214,2260.502686,-24.961636,-93.386803,-0.145512,-13.7835,-1.90585,0.416,5,19,6.48,6.08,271.1572119799601,578.16831373746,5452.113200328373,1.534908909194317,12.280444070299996,-60.9758539850308,12.883636033783912,6.340466558820094,11.666458468228972,218.0845280131349,0.0,0.0011970946545533
0,0,1,0,0,0,-463.288666,2753.207764,-16.568306,-89.688301,-0.139749,-12.7512,-1.99307,0.672,5,17,6.26,5.96,272.79751075906387,600.3245557105661,5095.876461770456,1.2461150312978155,13.101081798060088,-68.18646776162365,19.01216110248592,6.135522185201666,11.289360820771067,203.83505847081827,0.0,0.0012140691359111
0,0,1,0,0,0,-420.344696,30.737619,5.251782,-77.570602,-0.120867,-9.36928,-1.68632,0.45,5,16,6.11,5.63,296.5046596801223,607.5041273723084,6724.253115402504,1.7847561232480087,12.439978707687445,-64.09335586739854,16.591651201401934,6.442938745629307,11.855007291957923,268.9701246161001,0.0,0.0052003861714706
0,0,1,0,0,0,-379.426361,236.418228,3.081931,-83.1371,-0.129541,-10.9228,-1.80733,0.6,5,13,6.14,5.6,311.22358148829835,645.6162185313508,7661.983565131281,2.1178979865759726,13.3757054817221,-73.52909344884326,5.115687592361899,9.677217141795111,17.806079540903006,306.47934260525125,0.3333333333333333,0.0031549354737239
0,0,1,0,0,0,-438.75885,-1.897939,10.007547,-80.999603,-0.126211,-10.3263,-1.76086,0.398,5,17,5.86,5.56,293.64308027709177,629.5597302192499,6253.069438461407,1.4193783851424546,13.436665997686326,-72.76887975561152,13.364304666623289,6.641478607572158,12.22032063793277,250.1227775384563,0.0,0.0024988870186061
0,0,1,0,0,0,-438.731567,4016.156738,-8.063105,-85.6437,-0.133447,-11.6224,-1.94645,0.658,5,18,6.25,5.88,287.0220218422604,595.4951805060934,5520.272590849019,1.7071491574817663,12.338926346553322,-62.56667930984492,7.30444654546976,9.734857746875296,17.912138254250543,220.8109036339608,0.0,0.0014858434475727
0,0,1,0,0,0,-438.090027,177.706955,13.916405,-79.826599,-0.124383,-9.99893,-1.85643,0.128,5,16,6.07,5.62,329.85313964090744,643.0958401809604,7687.867813839492,1.757032892544084,12.52970802160212,-67.21483286103312,11.544630556588515,6.257207907037607,11.513262548949196,307.51471255357967,0.0,0.0033804096365137
0,0,1,0,0,0,-437.5289,13783.40332,-23.715717,-86.804497,-0.135255,-11.9464,-1.8469,0.542,5,18,6.43,5.95,283.7689188736555,588.9967297304671,6478.765098315992,1.774034951229036,12.209112434272464,-61.24112940541413,16.222566358328844,6.3532755821712446,11.690027071195091,259.1506039326397,0.0,0.0019886081480641
0,0,1,0,0,0,-406.268707,621.126404,9.555348,-80.769897,-0.125853,-10.2622,-1.97,0.06,4,16,5.83,5.49,313.4872499293172,634.4860080703618,9470.178986267936,1.42241509350115,12.839950325641786,-68.81761618377362,16.016565515683396,5.174845433865289,9.52171559831213,378.8071594507175,0.0,0.004191230845565
0,1,0,0,0,0,-352.758026,455.441315,-100.690422,-36.5243,-0.084447,-2.09971,-1.25946,0.1925,4,13,4.42,4.39,214.0336723369213,469.6935687694919,3686.781480563173,1.218719883771619,14.203327579587254,-48.68579436943738,22.671631547805667,9.902480162883869,16.504133604806444,204.82119336462068,0.0,0.0058935481670319
0,1,0,0,0,0,-355.628082,140.871292,-90.838455,-33.945702,-0.078485,-1.26985,-1.21235,0.133333,3,11,4.39,4.35,213.2194388760708,470.01274278368766,3844.921797148796,1.2250079084084269,14.26629466153427,-48.9995609251036,22.390370722223672,10.566048421221444,17.61008070203574,213.60676650826645,0.0,0.0045178918452073
0,1,0,0,0,0,-376.406525,62.80986,-29.469282,-37.230301,-0.086079,-2.32692,-1.2838,0.0375,4,12,4.65,4.69,219.97914085861848,469.787005339729,3742.6938097530574,1.144606462449374,13.87821469339503,-47.19371080520833,20.16037417653787,9.426072182538938,15.710120304231562,207.92743387516987,1.0,0.0063168551734888
0,1,0,0,0,0,-374.835144,88.461227,-42.370007,-70.849602,-0.16381,-13.1466,-2.08381,0.325,4,15,5.09,5.0,224.31545145402484,446.8749866363052,3313.8972393290423,1.106094208188633,12.364418621237798,-39.11508441717064,19.3467267882471,4.713036091269469,7.855060152115781,184.1054021849468,0.0,0.0032903508637869
0,1,0,0,0,0,-403.54538,14.665197,-17.086716,-70.552597,-0.163123,-13.051,-2.20477,0.1525,4,15,5.02,4.9,219.7872382200463,458.5688155351779,2771.2898152123307,0.9724885844727152,13.265643184173978,-43.71614202788835,11.702459350107931,4.143047971928215,6.905079953213693,153.96054528957393,0.0,0.0041481907246834
0,1,0,0,0,0,-386.242004,-23.780582,-53.726334,-73.1371,-0.169099,-13.8828,-2.03159,0.3925,4,16,5.21,5.08,262.2541657841315,472.59877992889614,3720.3714678067327,1.0063622977213489,11.685811896931371,-37.71430132956462,15.08763428657692,8.013862812230759,13.356438020384596,206.6873037670407,0.0,0.0066729836201993
0,1,0,0,0,0,-355.068512,-26.849976,-40.749557,-73.583603,-0.170131,-14.0265,-2.10239,0.225,4,12,5.23,5.15,220.91897952020952,456.3674391242681,3962.915116867659,1.0128049931248584,13.080469978003256,-42.76380627966271,12.787322534495615,9.153839050913264,15.256398418188772,220.16195093709217,0.0,0.0008483828558564
0,1,0,0,0,0,-371.259033,-2.238997,-37.668098,-68.240898,-0.157778,-12.3071,-2.00708,0.085,4,13,5.03,5.05,215.5364829271096,440.72292226194446,2795.6663809918164,1.1235186410268172,12.510357740824158,-39.36835932457211,22.76203681317131,10.497990138315028,17.496650230525045,155.3147989439898,0.0,0.0006010809754711
0,1,0,0,0,0,-388.363342,357.354797,-48.619987,-67.161903,-0.155283,-11.9598,-2.03521,0.2925,4,15,5.04,4.98,204.5715512131478,449.1274692375656,3387.202026318392,1.0236460869547943,13.586439890245432,-44.53786887949646,15.127814404517204,7.792673392784898,12.987788987974833,188.1778903510218,0.0,0.0016826268865465
0,1,0,0,0,0,-357.296448,19.593618,-41.684288,-72.281799,-0.167121,-13.6076,-2.0652,-0.1225,4,15,5.11,5.08,201.13049521232196,439.4803707450352,2791.953949360532,1.1531523250539442,13.241659751817403,-42.41562153148173,12.28507106024206,8.05639923904727,13.42733206507878,155.10855274225176,0.0,0.0017122434075544
0,1,0,0,0,0,-408.935425,-15.136725,-30.215147,-64.467003,-0.149053,-11.0925,-2.01459,0.395,4,14,5.02,4.92,212.6121670495636,447.8759944175793,3113.8653001536604,0.8801669647847055,13.070212631556426,-42.19439088177516,22.48077598758931,5.648837481232722,9.41472913538787,172.99251667520335,0.5,0.0021938613299386
0,1,0,0,0,0,-275.478424,-27.967756,-28.80521,-68.9226,-0.159354,-12.5265,-2.15383,-0.165,4,13,5.02,5.06,176.8674215597077,406.98981303195154,3004.304807850604,0.887665364282176,12.784577304013546,-38.4914937150546,16.785244269553953,0.0,0.0,166.9058226583669,0.0,0.0012372830382967
0,1,0,0,0,0,-361.833099,-14.778358,-27.797913,-64.472099,-0.149064,-11.0942,-2.01475,0.3375,4,14,4.91,4.93,246.3143079931006,450.2329509529381,2991.7400321131345,1.1264281285479425,11.328813497768746,-35.02073833108338,15.961551851778117,1.9396610628329225,3.2327684380548707,166.2077795618408,0.0,0.0007483572198653
0,1,0,0,0,0,-436.201691,57.00761,-43.04406,-64.383102,-0.148859,-11.0655,-2.07688,0.12,4,13,4.96,4.86,213.02236293410309,435.6051252530543,2710.28912788281,1.0810770993843044,12.36570901771951,-38.46195676623572,20.16037417653787,8.328632370672942,13.88105395112157,150.57161821571168,0.0,0.0015414444783307
0,1,0,0,0,0,-481.303131,75.85157,-14.277649,-62.799198,-0.145197,-10.5558,-1.90301,0.0825,4,10,4.96,4.78,238.95024445911832,469.34617450203865,2955.6723379316027,1.0280780344453475,12.799773891273352,-42.32556571532037,23.364738582275574,0.1020874243596274,0.1701457072660458,164.20401877397794,0.0,0.0006791934677929
0,1,0,0,0,0,-386.465363,14.622991,-25.868771,-64.183403,-0.148397,-11.0012,-1.88775,-0.055,4,13,5.12,4.92,191.7108986670417,441.0402280363774,3058.0329999627547,0.8846040606876793,13.85162940940754,-45.190272796809545,17.900242542396853,10.047104014060006,16.745173356766674,169.89072222015304,0.0,0.0008830821071368
0,1,0,0,0,0,-410.720367,123.431946,-34.255936,-60.692299,-0.140325,-9.8777,-1.89663,0.0525,4,14,4.83,4.91,206.86665672131016,459.7675371639701,4260.976655435002,1.1610563746427145,14.05004891348111,-47.31815647984081,18.78420513708312,7.741629680605085,12.902716134341809,236.72092530194453,0.5,0.0067666650110755
0,1,0,0,0,0,-326.045746,-16.370251,-36.522064,-60.792,-0.140556,-9.90978,-2.09628,0.0975,4,12,4.56,4.35,265.8129240856806,468.7733377758524,3070.7949668925594,1.182518916106043,11.275578538342875,-35.79303055874032,0.8236924177758371,4.151555257291518,6.91925876215253,170.59972038291997,0.5,0.0040920257378813
0,1,0,0,0,0,-427.593567,-1.715612,13.788162,-62.4613,-0.144415,-10.447,-1.95191,-0.1,4,14,5.0,4.91,156.17703762338903,415.4918526246631,3194.6862558935645,1.0595456609519407,14.406378611181893,-45.94059927639236,22.98302746184287,6.278376598117091,10.463960996861818,177.4825697718647,0.0,0.0006686607197748
0,1,0,0,0,0,-395.53537,75.037369,-33.297783,-59.682701,-0.137991,-9.55277,-1.86508,0.215,4,14,4.99,4.88,228.7723694629855,451.732680422444,3200.9275070425324,1.015524421316231,12.38668394219214,-39.493327065982,18.58330454738169,6.099723605487742,10.166206009146237,177.82930594680735,0.0,0.0018878221560436
0,1,0,0,0,0,-392.103882,654.591187,-36.175377,-59.525299,-0.137627,-9.50211,-1.98418,0.135,4,13,4.84,4.79,172.5117948400812,415.49091850478175,2767.288048641787,1.0116633122245873,13.498840203594476,-42.00441533654925,15.95150682229304,10.506497423678328,17.51082903946388,153.73822492454372,0.0,0.0020390310163884
0,1,0,0,0,0,-393.601135,441.519867,-32.160378,-64.097397,-0.148198,-10.9736,-1.83135,0.1275,4,14,5.06,4.86,201.26142243817597,438.6641957897576,3099.670129060665,1.0159107776381755,13.189042963976757,-42.13718003271934,11.451333612981152,5.078849361891468,8.46474893648578,172.20389605892584,0.0,0.0030214784353365
0,1,0,0,0,0,-336.896454,16.966408,-49.146782,-62.574299,-0.144677,-10.4834,-1.95545,0.0375,4,14,4.95,4.9,212.7770932892464,451.1842045594792,3074.160556698177,1.052267297713303,13.244839515012933,-43.161939422581234,3.314859730073491,6.150767317667556,10.25127886277926,170.7866975943432,0.0,0.0007894962502392
0,0,1,0,0,0,-368.07785,320.487671,-113.073318,-48.088799,-0.080724,-0.600913,-1.14497,-0.266,5,11,4.45,4.07,304.2034456537255,613.1698348558142,3435.5504396648976,1.192183699560319,11.883322661618797,-62.31022547713396,6.944106054914143,10.005479306954973,16.162697342004186,132.13655537172684,0.3333333333333333,0.0063260452221082
0,0,1,0,0,0,-320.66571,203.231903,-88.64135,-41.7076,-0.070013,1.23486,-0.993038,-0.266,5,9,4.27,3.9,307.74487701475977,607.8450073826945,3195.2398623918925,1.2297857017861078,11.542312706459027,-59.59074212844207,4.59314966764803,10.13320883002248,16.369029648497854,122.89384086122664,0.3333333333333333,0.0075766848753259
0,0,1,0,0,0,-429.049194,1.819875,-32.4492,-35.143902,-0.058994,3.12313,-0.857169,-0.176,5,9,4.55,4.2,329.3239000103308,636.4530187194614,3748.831860816943,1.2044547722563186,11.812658411889638,-63.38021486296225,12.156368792518377,8.706895822435282,14.064985559318531,144.18584080065165,0.0,0.0044724886641666
0,0,1,0,0,0,-399.554443,208.944977,-2.688425,-88.981598,-0.149369,-12.3651,-1.97737,0.122,5,19,6.45,6.11,285.1091048463846,593.5100036835117,5008.479162390809,1.4473327390594442,11.861573032197198,-60.83202514305627,10.792646760047282,8.742376245509591,14.12230008890011,192.63381393810803,0.0,0.0014379685810771
0,0,1,0,0,0,-439.723114,-10.119583,7.370691,-88.6465,-0.148807,-12.2688,-2.11063,0.204,5,18,6.35,6.08,255.1654753831085,564.2519186556323,5068.218083910266,1.071307657808131,11.887940125866296,-59.03580601288179,14.858713678948815,7.465081014834489,12.058977023963404,194.93146476577945,0.0,0.0008990215328994
0,0,1,0,0,0,-341.165283,63.837605,5.122505,-88.881302,-0.149201,-12.3363,-2.06701,0.268,5,18,6.45,6.25,297.9307163436914,602.073867263107,4861.454838393089,1.6902533638874828,11.6978134969006,-60.27861391986754,10.69225004600033,9.23910216854991,14.924703503042164,186.979032245888,0.0,0.0021598152612161
0,0,1,0,0,0,-434.630646,157.150711,7.206758,-88.1064,-0.1479,-12.1134,-1.95792,-0.104,5,15,6.02,5.76,268.61489434923004,606.6608383583696,7436.25474618632,1.237510365407165,13.001767077274597,-69.84346315848715,18.096507706963003,8.054056037868008,13.010398215017553,286.0097979302431,0.0,0.0009063290163014
0,0,1,0,0,0,-390.209686,-4.977771,-2.100556,-85.103699,-0.14286,-11.2495,-2.02628,0.248,5,17,6.39,6.14,310.47630524890087,603.2238425833542,5591.316554933175,1.1609998999524087,11.259520666709744,-57.364127218438654,9.445657513250683,8.713991907050145,14.076448465234847,215.05063672819904,0.0,0.0016639155309953
0,0,1,0,0,0,-422.88504,6.124501,3.865914,-85.278503,-0.143153,-11.2998,-2.18663,0.084,5,20,6.42,6.14,293.4668162802599,593.3187549288565,4852.312319526422,1.3975827835225658,11.53276687109987,-58.5725765306565,16.665854531793943,7.756020484043818,12.52895616653232,186.6273969048624,0.0,0.000692457376777
0,0,1,0,0,0,-415.564117,125.388771,5.521354,-83.476402,-0.140128,-10.7814,-2.08691,0.118,5,17,5.82,5.9,271.52230880244906,585.1975412625096,5791.378404071029,1.9059268788936183,12.064432017694635,-61.6639665481616,19.21760434715396,0.1703060307566803,0.2751097419915606,222.7453232335011,0.3333333333333333,0.004660630649151
0,0,1,0,0,0,-440.918671,602.832153,4.015098,-83.318001,-0.139862,-10.7358,-1.98376,0.16,5,16,6.14,5.72,304.9859286256301,622.3679166706414,4143.293051712117,1.594194343947352,12.206999540192744,-65.23002865016032,18.79928470529166,1.5327542768101232,2.4759876779240453,159.35742506585063,0.0,0.0007510647138402
0,0,1,0,0,0,-374.824982,209.153198,29.401648,-82.257896,-0.138082,-10.4309,-1.91297,-0.014,5,15,6.05,5.3,265.0743494187989,587.3098075531592,6609.188120176361,1.8675863662983396,12.393671466706166,-64.09891052393914,13.846380145642057,3.526754053586256,5.697064240408567,254.19954308370615,0.0,0.0004991551935809
0,0,1,0,0,0,-455.812592,100.714493,9.454481,-81.642097,-0.137049,-10.2537,-1.81427,0.014,5,13,5.85,5.64,265.6499056629452,616.3120666440598,5476.361786246385,1.2806044982627185,13.487006191581331,-74.15779477543694,18.280568349382413,8.323707253232751,13.44598863983752,210.6292994710148,0.3333333333333333,0.0025101593331259
0,0,1,0,0,0,-432.645844,699.862488,-5.404417,-81.623299,-0.137017,-10.2483,-1.81385,-0.246,5,11,5.38,5.1,241.2493118646828,575.3850789688784,5670.817822601212,1.311342479845166,12.851375657853676,-66.46432933122944,16.523625853560763,3.370640192059299,5.444880310249636,218.10837779235436,0.3333333333333333,0.0030324619825065
0,0,1,0,0,0,-442.594452,73.47287,-28.753654,-81.400803,-0.136644,-10.1843,-1.76958,-0.054,5,16,5.68,5.49,284.5889569062845,602.5526282844006,5559.840849304341,1.2174550933265502,12.229371976081389,-64.012087272176,17.761851993473165,7.564426199442553,12.219457706791816,213.8400326655516,0.3333333333333333,0.0043458097761237
0,0,1,0,0,0,-436.797516,45.051983,6.49465,-80.503304,-0.135137,-9.92607,-1.82962,0.334,5,15,5.63,5.67,252.18269687532523,564.6734279610399,3260.321178782049,1.5107615899389446,12.018874272527489,-59.947492345107214,22.17930741153903,5.641387268815036,9.113010203470443,125.3969684146942,0.3333333333333333,0.0045625783718854
0,0,1,0,0,0,-368.293945,-11.165672,-0.292419,-79.853104,-0.134046,-9.73902,-1.77451,-0.1,5,13,5.78,5.32,299.7513445076793,583.4530969661923,6229.002724737902,1.5049175677065123,10.911605863788964,-53.8036425052512,18.48136177747632,0.5676867691889346,0.917032473305202,239.5770278745347,0.0,0.0007495767964929
0,0,1,0,0,0,-400.444916,28.946802,-0.825023,-79.901604,-0.134127,-9.75296,-1.94882,0.008,5,19,6.09,5.63,261.74338657479944,560.2447901856659,5681.896688454117,1.1960283928407878,11.480823215802555,-56.06143439744265,17.10927335216798,8.834625345502793,14.271317865812204,218.53448801746603,0.0,0.000697564708461
0,0,1,0,0,0,-425.140198,8.688451,0.780197,-77.568298,-0.13021,-9.08171,-1.93921,-0.1175,4,14,5.29,5.34,238.46936298569423,583.2490901005264,7324.784541914432,2.0092417762367587,13.26075873518585,-69.97713964845329,22.18767380437627,1.6888681383370805,2.728171608082976,281.7224823813243,0.0,0.0037611327841989
0,0,1,0,0,0,-457.936768,-20.651419,-4.670302,-79.467003,-0.133398,-9.62795,-1.98668,0.344,5,18,6.16,5.9,303.21647376113185,594.1071029445109,5341.655270250507,1.08517011428304,11.188101122437654,-56.30213859712895,14.473859608435504,7.607002707131722,12.288235142289706,205.4482796250195,0.0,0.0011333434939447
0,0,1,0,0,0,-431.063049,45.797516,7.853689,-77.556801,-0.130191,-9.07841,-1.89163,0.348,5,15,5.5,5.69,289.2292023333067,607.9285127836669,3469.875218983254,1.4072030592000733,12.257665786552312,-64.58615981506104,19.635923989016256,1.3908325845128895,2.246729559597745,133.45673919166362,0.3333333333333333,0.0033476601469628
0,0,1,0,0,0,-407.471893,195.234131,5.981686,-76.664703,-0.128693,-8.82177,-1.82535,-0.196,5,10,5.36,5.2,240.48133970767168,565.1525577138655,5715.716027234101,1.2165819482088462,12.48735453869976,-63.183080873838655,19.10884124026976,2.859722099789258,4.6195510842749545,219.8352318166962,0.0,0.0005803225581145
0,0,1,0,0,0,-432.324829,56.5298,-4.867727,-77.251801,-0.129679,-8.99067,-1.88419,0.258,5,14,5.46,5.54,287.4863561194494,577.9005900630449,3376.682648204704,1.2710349532258758,11.169778228599826,-55.150330145927335,10.290663189812523,1.9159428460126544,3.0949845974050567,129.87240954633475,0.0,0.0024688237428576
0,1,0,0,0,0,-331.662811,124.996063,-0.201868,-42.6922,-0.095607,-3.40367,-1.42307,-0.21,4,10,4.65,4.2,208.83191589563248,455.95298488217486,2965.623532527925,1.1771490886672378,13.006372051923284,-43.629354630305,15.73776642911992,11.709379069295972,19.104776376219743,156.0854490804171,0.5,0.0062167602458078
0,1,0,0,0,0,-333.9104,9.757915,5.893947,-44.801498,-0.100331,-4.07513,-1.44521,-0.21,4,10,4.72,4.28,213.03929975665716,461.5067208904294,3033.7869059521217,1.1434660219293478,13.077232691251172,-44.29757252488186,15.977964329442264,11.75917090091594,19.1860156804418,159.67299505011167,0.5,0.0058768397512196
0,1,0,0,0,0,-387.304688,-34.624828,5.731607,-31.3689,-0.070249,0.200905,-1.04563,-0.245,4,10,4.83,4.36,223.2073728853823,474.22997448065087,3124.237634404739,1.172407486364007,13.211715873435187,-45.71619223327692,10.607139278234673,11.311044416336223,18.454861942443312,164.43355970551258,0.0,0.0030586646428058
0,1,0,0,0,0,-358.640137,181.13327,-6.008665,-69.992203,-0.156744,-12.0941,-2.05859,-0.125,4,12,5.48,5.26,248.6653709694712,478.6681992758597,3559.3395103417947,1.3203286870215558,12.105412016125712,-40.93038204045164,19.984465306818947,10.447986001590095,17.04671400259437,187.33365843904184,0.0,0.0053963033141893
0,1,0,0,0,0,-424.084198,417.156067,-6.037716,-67.019501,-0.150087,-11.1478,-2.09436,-0.26,4,12,5.52,5.29,250.27744187486545,474.27778666931465,3280.797496852804,1.336986506919104,11.7894918312868,-39.2776116478132,15.03638856017868,7.958394420591664,12.98474879149166,172.67355246593706,1.0,0.0110921716999826
0,1,0,0,0,0,-339.856293,183.877411,2.189236,-64.188202,-0.143746,-10.2465,-1.88789,-0.295,4,9,5.17,4.92,229.50076517301267,450.3402026645781,3833.70010118936,1.3683388022953655,11.62312828902976,-37.22059831561535,8.041825702792048,9.775796274720518,15.949983395596636,201.7736895362821,0.0,0.0008590690621395
0,1,0,0,0,0,-384.298401,109.164497,-10.200557,-64.391998,-0.144203,-10.3114,-2.01225,-0.3375,4,12,5.49,5.2,278.2625914159476,497.6259901931242,3404.143516194954,1.2315073360638995,11.545442040904032,-39.49524740310069,12.701664969045504,9.81728946773716,16.017682815781683,179.16544822078706,1.0,0.0117326516099881
0,1,0,0,0,0,-417.824188,8.672446,-6.093689,-61.432301,-0.137575,-9.36921,-1.91976,-0.32,4,11,5.12,4.94,222.15633388908415,471.2110956809478,3736.9663431970826,1.3813611337296716,13.108145357466505,-45.04593668088984,16.36228096995801,9.784094913323846,15.963523279633645,196.68243911563596,0.0,0.0011345044606038
0,1,0,0,0,0,-448.935272,693.653259,0.378676,-62.708599,-0.140433,-9.77552,-1.95965,0.1675,4,11,5.15,4.72,233.46844969352583,465.8182741133066,3934.1991823276153,1.4379293834516058,12.228938127356884,-40.73524129153822,11.289301315150126,9.20319021109088,15.015731397043016,207.06311485934816,0.0,0.0017984469901789
0,1,0,0,0,0,-431.52829,4.859323,-11.017442,-66.049896,-0.147915,-10.8391,-1.94264,-0.0125,4,12,5.28,4.87,226.4180577159961,453.7066232243474,3684.950474132633,1.1470602036158444,11.962556079386912,-38.86776561615642,15.593647688926517,10.315207783936849,16.83007585800223,193.9447617964544,0.5,0.0022773452983755
0,1,0,0,0,0,-422.91507,26.172876,-2.145581,-60.0798,-0.134546,-8.93869,-1.87749,-0.3075,4,11,5.0,4.81,259.64912372411584,480.8813996778991,3906.109335119044,1.1830522826473755,11.643803997567538,-39.00532162446935,3.833558489144597,9.875379937960458,16.112462004040747,205.58470184837077,0.0,0.0007995494662795
0,1,0,0,0,0,-449.988983,45.878071,-13.746325,-64.336197,-0.144078,-10.2936,-2.01051,-0.2525,4,12,5.53,5.4,214.1095555654827,445.39883140275225,2876.2741372815417,1.0817304437346635,12.173119780908925,-39.30175862456762,17.27503299118292,7.161725114672163,11.684919923938793,151.38284933060746,1.0,0.0117775672666557
0,1,0,0,0,0,-407.053589,360.334381,-3.583014,-57.922001,-0.129714,-8.25179,-1.81006,-0.0125,4,10,5.02,4.75,243.28620082643292,461.62434624917296,3536.234495517946,1.3011419350819369,11.491481338038948,-37.28056774416039,14.248539447121392,12.05792189063575,19.67345150577412,186.1176050272603,0.0,0.0008504836317622
0,1,0,0,0,0,-407.028839,140.956177,-1.614367,-60.9049,-0.136394,-9.20135,-1.8456,-0.13,4,12,5.33,5.04,288.3274320067326,514.1816672533973,4337.844512131085,1.5435384842443487,11.887065012982356,-41.97096673499593,17.342288403273173,6.987453704002273,11.400582359161604,228.30760590163607,0.5,0.0043721145048378
0,1,0,0,0,0,-405.098969,406.047363,-11.606948,-60.433601,-0.135338,-9.05132,-1.88855,-0.31,4,12,5.47,5.27,232.6729967128898,470.82872108214815,3346.544860654792,1.180324786699832,12.534511808908334,-42.399982354755984,15.66090310101677,9.626420779860617,15.706265482930476,176.13394003446274,0.5,0.0057082753199501
0,1,0,0,0,0,-423.27951,-32.258095,3.127089,-56.300598,-0.126082,-7.73563,-1.81615,-0.215,4,11,5.0,4.75,227.81736364437344,457.3336878131152,3892.1387893114543,1.0352135789101138,12.079806535196932,-39.58616530288968,17.736212959801815,12.389867434768878,20.21504686725449,204.8494099637608,0.0,0.0007784966674606
0,1,0,0,0,0,-390.22522,15.279021,-3.306022,-60.5224,-0.135537,-9.07959,-1.78007,-0.34,4,11,5.01,4.82,223.40133869978703,466.0143655420836,4104.143596536494,1.125197211029788,12.769106675910342,-43.17178406935032,22.040559333578205,9.95006768539041,16.234320960373825,216.00755771244707,0.0,0.001113498181858
0,1,0,0,0,0,-390.690887,395.16095,-7.631353,-58.893398,-0.131889,-8.561,-1.84042,0.0925,4,13,5.11,4.75,265.2183039296823,505.27972602306,3947.825388032386,1.4678596601432978,12.634811689125138,-44.93093087509551,13.566377410205938,10.464583278796752,17.073793770668384,207.78028358065188,0.0,0.0005647961224537
0,1,0,0,0,0,-443.887512,4807.407227,-3.47776,-55.841202,-0.125054,-7.58941,-1.74504,0.1175,4,12,5.18,4.82,218.93929728909825,470.8423641488363,4043.367790942824,1.4349832779195126,13.25805615051253,-45.71795056403898,22.434483890106844,4.780015835516994,7.798973205317201,212.8088311022539,0.0,0.0030789245789324
0,1,0,0,0,0,-402.619446,-22.02976,4.653637,-54.283298,-0.121565,-7.09347,-1.80944,0.1475,4,10,4.76,4.37,226.7643369392962,456.0987075836652,3539.361473665193,0.9229123846169808,12.070230033914155,-39.47318326292748,13.25892409779334,10.232221397903569,16.694677017632134,186.28218282448387,0.5,0.0057502230817053
0,1,0,0,0,0,-386.164917,-3.979765,1.005949,-54.672901,-0.122437,-7.21751,-1.76364,-0.375,4,11,4.97,4.8,249.29882396386324,481.8244428623253,3671.1722337139936,1.0530384925239649,12.23819046834011,-41.71092676671885,12.144405840297663,13.15334218627506,21.460716198659316,193.21959124810493,0.0,0.0043455165755593
0,1,0,0,0,0,-455.484467,6.272122,4.971403,-54.8736,-0.122887,-7.28137,-1.77011,-0.2425,4,11,5.06,4.88,203.9456137048433,463.44376595701954,3690.352886648504,1.2394688837034615,13.657797486956644,-47.10918823936056,17.496015059479472,9.742601720307206,15.8958238594486,194.22909929728968,0.0,0.0007282286588003
0,1,0,0,0,0,-442.414764,-25.839184,0.232735,-57.6133,-0.129022,-8.15351,-1.74586,-0.1725,4,11,4.96,4.7,237.0075243684279,466.7795572175213,3418.6876071045863,0.9849574537587992,12.093264886794389,-40.190036293766255,19.70583574244503,4.481264845797182,7.311537379984877,179.93092668971508,0.0,0.0022199422311928
0,0,1,0,0,0,-465.469086,572.993042,-156.668198,-110.122002,-0.153427,-17.715099,-2.44715,0.886,5,16,6.46,5.86,-3.074576435091501,508.8279312281601,7061.236791748754,1.3604053094488249,23.268295802875077,-168.0884550421094,25.02551002035636,2.9536987081637758,6.981469673841651,320.9653087158524,0.6666666666666666,0.0093335948327828
0,0,1,0,0,0,-455.555542,2167.507813,-179.127045,-110.609001,-0.154106,-17.845699,-2.40455,0.936,5,17,6.55,5.9,-8.151072070890791,507.83950948318216,6884.487802757123,1.334809804820168,23.454117343366956,-169.9453267269518,24.584315916177697,3.099560372764456,7.32623360835235,312.93126376168743,0.6666666666666666,0.0089429934642914
0,0,1,0,0,0,-464.127533,-36.56147,-89.401566,-111.255997,-0.155007,-18.0189,-2.36715,1.15,4,16,6.65,6.12,20.46131291348888,517.6980386362253,7236.362960532537,1.3464940901361218,22.601669351033475,-162.34573698916938,25.491214908100503,4.80301624149383,11.35258384353087,328.9255891151153,0.6666666666666666,0.0093458728290643
0,0,1,0,0,0,-453.015381,-30.405954,-16.546183,-101.463997,-0.141364,-15.3955,-2.07069,0.964,5,14,6.47,6.0,9.430908491222397,483.6258193072006,7870.174882647912,1.4423325175856705,21.554314127999007,-146.1102498638965,27.96680404821411,6.230376816514772,14.72634520267128,357.7352219385415,0.3333333333333333,0.0034526723430043
0,0,1,0,0,0,-455.011169,56.006268,-61.916126,-99.118797,-0.138097,-14.7672,-1.94351,0.056,5,14,6.43,6.02,36.66106768343417,496.1582174564012,9079.704890727362,1.378483805184432,20.88623408058941,-141.26145903219896,17.476188682188134,3.839287386096477,9.074679276228036,412.7138586694255,0.0,0.004768234587085
0,0,1,0,0,0,-508.777374,14212.662109,-33.508583,-93.125603,-0.129747,-13.1615,-1.75709,0.514,5,15,6.61,6.0,52.01596264311365,499.7064964078078,7337.590697136453,1.130212818169665,20.349569716577005,-136.44244493218096,15.723667657256224,6.105352532571332,14.430833258804968,333.5268498698388,0.3333333333333333,0.0042917955209078
0,0,1,0,0,0,-506.578613,-8.434028,-85.742523,-93.440697,-0.130186,-13.246,-1.69892,0.35,5,16,6.61,5.86,32.123905335171344,525.5481117159594,8068.263174481535,1.527160416520288,22.428373017308548,-161.74184754939142,27.770717779690266,6.756520678110082,15.969957966442012,366.7392352037061,0.0,0.0030054362193987
0,0,1,0,0,0,-450.387146,7.830303,-70.805954,-95.2995,-0.132776,-13.744,-1.7981,0.296,5,16,6.59,5.98,71.0687437194706,540.5657112273872,7631.918685538045,1.310916123442692,21.340771250359843,-152.55297395428417,28.97174617439884,6.329354374636661,14.960292158232107,346.9053947971839,0.0,0.0016236000442614
0,0,1,0,0,0,-513.085022,263.723694,-85.505363,-93.209,-0.129863,-13.1839,-1.82763,0.21,5,15,6.53,5.84,85.70323534799184,552.33326185058,7263.607420106073,1.5154407152689806,21.21045575011765,-152.9575015054281,28.236422667434407,1.8284801526728136,4.321862179044832,330.1639736411851,0.0,0.0015140385715688
0,0,1,0,0,0,-455.313202,245.001205,-52.882725,-91.891899,-0.128028,-12.831,-1.83784,0.386,5,15,6.39,6.12,61.47979836851147,496.4690581379711,9345.769988889251,1.464133763689736,19.772239080429983,-130.34114200043376,8.345921804046368,7.668156081864335,18.12473255713388,424.8077267676933,0.0,0.0041513531461122
0,0,1,0,0,0,-455.428406,-28.598644,-19.058798,-92.810699,-0.129308,-13.0772,-2.01762,0.956,5,16,6.23,5.89,43.05389580332917,550.9968312855951,8741.433166840645,1.4986905058708928,23.088315249193908,-173.0317279564347,27.63590847008011,7.7358775690003645,18.28480152672813,397.3378712200293,0.3333333333333333,0.0032786660420124
0,0,1,0,0,0,-486.462555,-34.559074,-31.051105,-92.897499,-0.129429,-13.1004,-2.11131,0.966,5,14,6.24,5.83,84.33361058720232,522.6029546405765,7830.962017321937,1.8896617826351312,19.92133382060792,-135.47099775717209,29.32715253609832,5.33436944825345,12.6085096049627,355.95281896917896,0.3333333333333333,0.003621739369352
0,0,1,0,0,0,-471.726379,-32.494862,-30.704918,-92.136002,-0.128368,-12.8964,-2.094,1.2425,4,14,6.19,5.78,62.12800824463977,547.757549358098,9045.86941140856,1.8343214990359893,22.074070050611738,-161.4387148205944,28.73889373052677,6.120980568064261,14.467772251788254,411.1758823367528,0.3333333333333333,0.0031276125225955
0,0,1,0,0,0,-454.602081,-9.245663,-28.518143,-92.898102,-0.12943,-13.1006,-1.97656,0.906,5,15,6.37,5.94,4.885614137750338,480.11928076522895,8024.252174818925,1.298774597918583,21.601530301249028,-146.0530429574267,29.388429495012023,6.490844074730272,15.341995085726095,364.7387352190421,0.3333333333333333,0.0036370144356656
0,0,1,0,0,0,-478.662109,43.959969,-61.369209,-89.091904,-0.124127,-12.0809,-2.02482,0.8825,4,14,6.02,5.8,14.98435369320856,475.4978701448673,7217.154965925865,1.5952103056204203,20.932432565984488,-138.66379312656858,21.054763082748394,5.891769380834622,13.926000354700015,328.0524984511757,0.0,0.0016304495627917
0,0,1,0,0,0,-465.403809,-34.502747,-24.370331,-90.341301,-0.125868,-12.4156,-2.10096,1.3,4,14,6.22,5.82,63.331158830774825,550.9409315853271,8067.130887188081,1.8232224092881124,22.164080579752376,-162.90697085058193,28.10161335782425,7.5795972140710655,17.915411596895243,366.6877675994583,0.3333333333333333,0.0035590289597657
0,0,1,0,0,0,-466.872345,-39.162518,-19.699425,-91.869797,-0.127997,-12.8251,-1.95468,1.2425,4,14,6.08,5.69,33.93470459143913,522.2231365803995,8845.97938598815,1.2924572087225057,22.194928726770925,-158.72936828397766,21.09152925809662,0.7449363584963314,1.7607586655367833,402.08997209037045,0.3333333333333333,0.0038572831604533
0,0,1,0,0,0,-477.377838,-20.089403,-21.22484,-87.677002,-0.122156,-11.7018,-2.36965,1.75,3,14,6.08,5.72,94.21402149846602,548.8077213436536,9199.94921808415,1.5913197678494106,20.663349992963077,-146.7363415228771,26.937351138463896,3.4850519149233965,8.237395435273482,418.1795099129159,0.3333333333333333,0.0038143424715967
0,0,1,0,0,0,-513.137756,-32.198105,-14.712575,-89.190102,-0.124264,-12.1072,-2.41054,1.75,3,14,6.15,5.74,53.45102594308611,543.3478152192704,8098.721744808774,1.701259797758021,22.268035876190197,-162.8348287503727,25.895642836930943,4.000777086190087,9.456382203722026,368.12371567312607,0.3333333333333333,0.003053091620763
0,0,1,0,0,0,-500.323395,718.738037,-63.645588,-84.8181,-0.118172,-10.9358,-1.76704,0.38,5,17,6.37,5.62,-8.422360395937403,479.38882360011615,8669.323936569335,1.855289904722727,22.17323563618425,-151.7775740179969,28.68987216339581,6.376238481115452,15.07110913718198,394.06017893496977,0.0,0.0018459690895691
0,0,1,0,0,0,-510.9245,15514.098633,-78.069603,-85.824402,-0.119575,-11.2054,-1.82605,0.756,5,15,6.4,5.34,10.583258934178389,533.7196203632861,8997.24303895636,1.5533442386974674,23.7789255195049,-177.85672035693207,27.30501289194612,4.032033157175947,9.530260189688605,408.9655926798345,0.0,0.0044013626449084
0,0,1,0,0,0,-482.304443,602.423523,13.009711,-84.333603,-0.117497,-10.806,-1.56173,0.282,5,15,5.98,5.73,53.03893109115626,487.25716118174086,7403.493225281028,1.321909022783236,19.737192276844755,-128.71565078380377,29.53549419640491,5.38125355473224,12.719326583912569,336.5224193309558,0.0,0.0017968416754893
0,0,1,0,0,0,-479.984772,-2.702259,2.258623,-84.331596,-0.117495,-10.8055,-1.62176,0.694,5,14,6.25,5.89,12.776407961322718,498.2202870944793,8268.364618008249,1.661802859656425,22.06563086968893,-153.61210583177075,28.55506285378566,8.439139166182215,19.947056210976147,375.8347553640113,0.0,0.0008226308251639
1,0,0,0,0,0,-273.687317,-10.940783,-13.75425,-50.172001,-0.102906,-9.74341,-2.00688,0.31,3,7,4.37,4.41,266.6086425530199,505.2027102970529,3075.00524026321,1.5353898068316982,26.510451971559228,-68.23121896897256,32.15250757170838,7.51957252098486,30.07829008393944,341.6672489181344,0.0,0.0013324109782751
1,0,0,0,0,0,-258.12619,-18.696314,-13.946554,-52.345299,-0.107363,-10.4016,-2.18105,0.31,3,7,4.34,4.34,246.57845718404343,484.7402243256501,3005.8422875746046,1.475294863571768,26.46241857128962,-66.19431025425108,31.917173573013358,7.663487784544379,30.653951138177515,333.9824763971783,1.0,0.0036920290536273
1,0,0,0,0,0,-301.443787,-13.724873,-28.52393,-32.525501,-0.066712,-4.3991,-1.35523,0.32,3,8,4.32,4.31,288.44074615640284,526.5228412300451,3221.4182116502498,1.4165514861931925,26.453566119293583,-69.98952225109377,31.873048448258032,7.925619157456361,31.702476629825444,357.93535685002774,0.0,0.0002988055968427
1,0,0,0,0,0,-285.100372,-27.443192,-13.853076,-76.783401,-0.157488,-17.8027,-2.13287,0.39,3,9,5.52,5.28,295.5810882246229,518.9384760923504,3621.509776381685,1.1852049028558658,24.817487540858608,-63.74506357410894,31.917173573013358,6.100979208755318,24.40391683502127,402.3899751535205,0.0,0.0006224924307902
1,0,0,0,0,0,-274.466156,-23.499241,-25.787277,-75.326897,-0.1545,-17.361601,-2.1522,0.523333,3,10,5.67,5.55,238.956430545122,452.2616135142068,3382.511063357614,1.2872159759829067,23.700575885453866,-54.58360960260804,31.41708882578642,0.2261525570221011,0.9046102280884044,375.8345625952904,0.0,0.0014094141225969
1,0,0,0,0,0,-300.684265,73.22641,-0.146747,-77.046997,-0.158028,-17.882601,-2.08235,0.283333,3,9,5.59,5.33,265.008738067438,502.09078824074703,3813.717978647557,1.5005330588858985,26.34245001925656,-67.37734134048567,27.18107684927589,5.437941030213247,21.75176412085299,423.7464420719508,0.0,0.0040907403510758
1,0,0,0,0,0,-301.530487,-3.587333,-13.77373,-73.119202,-0.149972,-16.693001,-2.08912,0.53,3,10,5.67,5.54,321.5141789429028,521.1181956712742,2745.4579958266986,1.163209188264754,22.17822408093016,-55.31034654823443,26.87220097598866,7.951318311663416,31.805273246653663,305.0508884251888,1.0,0.0042987844534824
1,0,0,0,0,0,-295.613251,-12.315973,-26.909317,-73.783096,-0.151334,-16.8941,-2.04953,0.39,3,8,5.36,5.1,272.24306759080423,507.2422135653658,3981.4330759444742,1.1433992745237695,26.11101621939572,-67.06263762631235,29.18141583818364,6.368250412508711,25.47300165003484,442.3814528827194,0.0,0.0007906920743006
1,0,0,0,0,0,-293.212433,20.844824,-18.953508,-69.682098,-0.142922,-15.6521,-1.93561,0.27,3,8,5.39,5.29,315.0953904024,530.1234800590114,3721.968168486808,1.526292266775266,23.89200996184572,-61.60401432729548,28.3430384678326,7.869081018200834,31.476324072803337,413.5520187207565,1.0,0.0057444174256572
1,0,0,0,0,0,-295.860107,44.764439,-25.385206,-66.970001,-0.13736,-14.8307,-2.09281,0.473333,3,9,5.44,5.26,282.28577249025363,479.47741749623145,3408.497701976362,1.3767277620497431,21.91018277844198,-51.30196815783796,16.635172032754884,3.906271439472655,15.62508575789062,378.7219668862624,1.0,0.0069009183719264
1,0,0,0,0,0,-302.716339,-18.203253,4.37453,-68.764603,-0.141041,-15.3742,-1.8585,0.086667,3,8,5.35,5.19,288.2376795561434,525.2342966000303,3417.314456485693,1.3419926454288202,26.332957449320773,-69.45410209881541,23.06273187211288,6.70747924804186,26.82991699216744,379.7016062761881,0.0,0.0038982810807819
1,0,0,0,0,0,-263.729736,-20.93948,-21.425032,-67.551804,-0.138553,-15.0069,-1.93005,0.366667,3,8,5.44,5.19,286.8728927988762,489.84349331217504,2528.512386136216,1.1035006182942164,22.552288945922093,-54.06535344351043,17.120548405063385,2.3797416795734727,9.51896671829389,280.9458206818017,0.0,0.0009452222400105
1,0,0,0,0,0,-291.320251,-0.913247,-16.473171,-66.530098,-0.136457,-14.6975,-1.95677,0.383333,3,8,5.5,5.31,323.5953589530062,498.1907885719104,2959.966808106179,1.244517112423219,19.39949217987824,-45.16262259029194,33.21151056583601,7.915339495773537,31.66135798309415,328.8852009006866,0.0,0.0018250035795362
1,0,0,0,0,0,-310.946289,35.043659,-4.114411,-68.473297,-0.140443,-15.286,-1.90203,0.383333,3,9,5.44,5.27,286.108523640576,496.7905428697681,3185.855162495201,1.5714660239458729,23.40911324768801,-57.30681465922717,20.944725883857608,6.1780766713764885,24.712306685505958,353.9839069439113,0.0,0.0010839392350557
1,0,0,0,0,0,-280.379974,-11.523964,-28.979345,-67.061996,-0.137548,-14.8586,-1.91606,0.4,3,9,5.31,5.09,201.9993422378566,439.15141305418746,4034.687351918769,1.0038830515345414,26.350230090703427,-61.66485886359381,31.01996270298856,3.191834952516472,12.767339810065888,448.298594657641,0.0,0.0017925314266838
1,0,0,0,0,0,-278.684723,-13.874111,-32.82378,-65.387703,-0.134114,-14.3515,-2.25475,0.39,3,8,5.02,4.75,319.51437404880016,512.4055366274207,3223.954399875055,1.3900900835309606,21.432351397624505,-52.306225035976816,33.75572043781827,7.637788630337322,30.55115452134929,358.2171555416728,1.0,0.011309830697995
1,0,0,0,0,0,-299.492676,-9.457619,8.319525,-70.355904,-0.144304,-15.8562,-1.90151,0.583333,3,9,5.74,5.46,238.5681387885161,478.5551707702164,4550.632735658943,0.8557212496295512,26.66522577574447,-66.29934710175483,31.68183957431832,7.848521694835189,31.39408677934076,505.6258595176603,1.0,0.0075828886661283
1,0,0,0,0,0,-317.333832,2116.823975,-22.392843,-66.955101,-0.137329,-14.8262,-1.8096,0.623333,3,11,5.6,5.55,291.0589256292654,511.8190322524441,3742.195248031865,1.3025001236221916,24.52890073590875,-62.17908666566289,24.46002748936461,7.920479326614949,31.681917306459795,415.7994720035406,0.0,0.0007110772360432
1,0,0,0,0,0,-295.612244,149.083374,-14.43005,-64.497803,-0.132289,-14.082,-1.7916,0.37,3,8,5.26,4.95,266.2371192315683,495.18810937751806,3306.6558173937865,1.2805437926124694,25.43899890510553,-63.74317911905088,21.32714363173703,4.636127418953071,18.54450967581228,367.4062019326429,0.0,0.0007490916529986
1,0,0,0,0,0,-288.533081,250.786072,-15.590479,-69.519402,-0.142589,-15.6028,-1.98627,0.263333,3,8,5.37,5.29,304.51662802634536,516.7339040081623,3025.459426593845,1.3547488876598217,23.579697331313,-59.47690689379764,28.710747840793577,7.879360679883657,31.51744271953463,336.1621585104272,0.0,0.0006144453295023
1,0,0,0,0,0,-300.522827,-18.529533,-26.96117,-64.496399,-0.132286,-14.0816,-1.89695,0.253333,3,6,4.95,4.69,297.4051596036577,500.8504491130304,2984.0709518189688,1.432841005817312,22.605032167708085,-55.08988876177037,24.71006986297808,7.709746262117083,30.83898504846833,331.5634390909965,0.0,0.0012410782439571
1,0,0,0,0,0,-293.683533,2.00498,-23.869028,-63.9175,-0.131099,-13.9063,-1.87993,0.493333,3,9,5.43,5.26,273.04707514298536,473.66284080216127,3359.5122884542616,1.3976640423719358,22.290640628797323,-52.00841711612598,30.637544955109124,7.884500510725069,31.53800204290028,373.2791431615846,1.0,0.0095974290179641
1,0,0,0,0,0,-291.0737,-18.548792,-11.516073,-64.096703,-0.131466,-13.9605,-1.78046,0.386667,3,9,5.35,5.15,294.08377050515804,509.53631366555055,3792.582723928952,1.262839902945369,23.939171462265836,-60.05541220166757,22.25377125159871,4.266059598371452,17.06423839348581,421.39808043655023,0.0,0.0007090882020837
0,1,0,0,0,0,-300.882294,-4.34857,-16.419554,-45.016399,-0.093665,-4.63525,-1.25046,-0.205,4,18,4.98,4.97,262.36701606953415,508.2138457345817,4147.771994791751,1.1945643163130104,11.706991888811787,-35.98761605292134,13.805722262917708,4.0931584158304615,6.627018387535033,197.5129521329405,0.0,0.0006444381866306
0,1,0,0,0,0,-295.533661,13.454749,-13.255844,-38.867599,-0.080872,-2.73725,-1.21461,-0.13,4,17,4.71,4.69,263.8487905258154,508.60406202396416,4068.619194081137,1.1570660036076006,11.655012928483274,-35.79450830199881,13.909692199271044,4.173024921505202,6.756326063389374,193.74377114672083,0.0,0.0009167144831718
0,1,0,0,0,0,-309.575317,-12.528484,-18.642942,-30.8118,-0.06411,-0.2506,-0.880338,-0.2125,4,17,5.14,5.14,272.35160175071303,513.1168197528636,3963.030706712581,1.2113552837418078,11.46501038105479,-35.235408944330224,16.338132855523913,3.906803235922733,6.325300477208233,188.7157479386944,0.0,0.0005236927739602
0,1,0,0,0,0,-328.423126,-36.526691,-14.206335,-83.081299,-0.172866,-16.385099,-2.51761,-0.095,4,20,5.87,6.13,312.33000150250945,517.9562982013161,3976.4942349524777,1.525949802818282,9.79172841422889,-28.88344153457168,16.041075894514385,5.031589857508664,8.146383578823551,189.3568683310704,0.0,0.0018925186871052
0,1,0,0,0,0,-329.630829,-17.792669,-29.363955,-82.594002,-0.171853,-16.234699,-2.42924,-0.31,4,18,5.7,6.1,263.54944099371227,473.9157168868833,3732.4886440722817,1.3825707180887243,10.01744170919862,-27.944310847797208,13.879986503170088,3.853558898806239,6.239095359972006,177.73755447963245,0.0,0.0023607861072785
0,1,0,0,0,0,-296.582123,-31.450106,-8.195284,-69.365097,-0.144327,-12.1512,-2.04015,-0.285,4,18,5.54,5.77,300.39370925156044,531.152683511441,3955.84162313218,1.646509735754614,10.988522583803832,-34.130715438583,14.39240976091152,8.13972803668399,13.178607297488368,188.3734106253419,0.0,0.0006356994031573
0,1,0,0,0,0,-333.501587,2378.221191,-7.392464,-71.952797,-0.149711,-12.9499,-2.11626,-0.385,4,20,5.55,6.15,306.3425524042396,531.7758152186074,3932.472140657259,1.722933001215735,10.734917276874656,-33.137213227558114,12.127350433213886,6.602297802445232,10.68943453729228,187.26057812653613,0.0,0.0018463447828108
0,1,0,0,0,0,-303.218964,32.177803,-15.112457,-70.999199,-0.147727,-12.6556,-1.9722,-0.185,4,17,5.39,5.55,269.5524114770949,483.2767042925974,4060.442160754243,1.4537252501734983,10.177347276928693,-28.918080450862615,14.51123254531533,5.89681033565169,9.54721673391226,193.3543886073449,0.0,0.0019790690119013
0,1,0,0,0,0,-312.658295,-31.327143,-10.60449,-71.3508,-0.148459,-12.7641,-2.03859,-0.315,4,16,5.52,5.8,284.86263436583806,502.6484086457081,3847.1286258927785,1.266306966571956,10.370751156184289,-30.458323336793693,11.005960405402927,4.752057087647072,7.693806713333354,183.19660123298945,0.0,0.0016795231283654
0,1,0,0,0,0,-271.497437,-10.491432,-14.434524,-72.441002,-0.150727,-13.1006,-2.06974,-0.1775,4,20,5.49,5.8,339.12251741821547,540.587540134088,3826.634299110264,1.5583042890821268,9.593572510279648,-29.02127576629452,10.159348066525776,6.682164308119972,10.818742213146622,182.2206809100126,0.0,0.0034732338959963
0,1,0,0,0,0,-240.764725,129.515533,-20.862835,-69.786301,-0.145204,-12.2812,-1.83648,-0.2325,4,18,5.4,5.95,222.31087959867503,448.3631870999072,3749.5372915163375,1.4881706665593817,10.764395595296769,-29.59502135374705,17.259009434653443,3.574026128944647,5.786518494481809,178.54939483411135,0.0,0.0010921221578634
0,1,0,0,0,0,-318.659821,776.202209,-9.240836,-71.452499,-0.14867,-12.7955,-1.93115,-0.405,4,20,5.55,6.12,282.5092088036308,524.6226201524616,3549.153410727149,1.7679370096357112,11.52921006423004,-36.03685589418543,10.11478952237435,6.755375271655152,10.937274249346435,169.0073052727214,0.0,0.0024807351380874
0,1,0,0,0,0,-277.144318,143.623245,-9.156941,-67.713799,-0.140891,-11.6414,-1.8301,-0.42,4,16,5.28,5.82,332.8225563012511,515.9086582571948,3722.2669202088855,1.522305979932448,8.718385807425891,-24.843425174193342,3.364170083432878,3.693825887456757,5.980480008263322,177.25080572423263,0.0,0.0013070111644442
0,1,0,0,0,0,-287.24826,143.027664,-16.611666,-66.727699,-0.13884,-11.3371,-1.96258,-0.18,4,19,5.42,6.01,265.36058685762026,503.4102817373569,4039.5160674016834,1.552527110247056,11.335699756177936,-34.26395695447638,12.624920842904844,6.59564226030567,10.678658897637751,192.35790797150872,0.0,0.0011003234037127
0,1,0,0,0,0,-307.510651,29.1399,-5.484819,-66.144203,-0.137625,-11.1569,-1.94542,-0.21,4,17,5.11,5.72,240.05059564395287,466.3982150670116,3772.020623597359,1.4176851897644134,10.778458067764705,-30.439115443645083,5.948565644215752,0.5856877082814319,0.9482562895985088,179.62002969511235,0.0,0.0026867046045854
0,1,0,0,0,0,-241.653809,-38.752808,-10.161787,-67.230904,-0.139887,-11.4924,-1.92088,-0.2325,4,17,5.19,5.46,314.9387389899399,517.7730877940611,3851.7366571546463,1.635719320189742,9.65877851448196,-28.37412092477436,13.86513365511961,7.474173822727819,12.101043332035516,183.4160312930784,0.0,0.0021438157329664
0,1,0,0,0,0,-308.326141,-23.362228,-17.017593,-64.222702,-0.133627,-10.5638,-1.83493,-0.175,4,19,5.27,5.61,332.59742234789985,552.8001251344374,3300.907922131453,1.424602868036559,10.48584298983512,-33.04348930731091,18.046210381328688,4.791990340484443,7.7584605512605265,157.1860915300692,1.0,0.0094582483178009
0,1,0,0,0,0,-308.487915,5972.143066,-0.02183,-64.877998,-0.134991,-10.7661,-1.80217,-0.3825,4,19,5.25,5.64,317.9514039258638,539.0379335793385,4276.139058491554,1.6611066982701344,10.527929983498796,-32.62339585750751,9.632071960733873,6.841897319469454,11.077357564855308,203.6256694519788,0.0,0.002283894945154
0,1,0,0,0,0,-308.551697,82352.890625,-25.198753,-63.763802,-0.132673,-10.4222,-1.72335,-0.2975,4,19,5.34,5.65,241.95287743915864,491.4563004515285,3560.9472597938848,1.2929189131595775,11.88111538154142,-35.88833277583483,15.5954904530001,4.1197805843887085,6.670120946153147,169.5689171330421,0.0,0.0008420056806221
0,1,0,0,0,0,-251.93132,73.224342,-11.74732,-65.961998,-0.137246,-11.1007,-1.78276,-0.215,4,19,5.57,6.11,310.67648197723247,546.6774855363391,3956.9324098416273,1.6703568378973548,11.238143026624126,-35.857451625908226,13.15219694869675,6.808619608771645,11.023479366582665,188.4253528496013,0.0,0.006200827509645
0,1,0,0,0,0,-311.432556,72.704384,-8.698638,-59.9473,-0.124732,-9.2441,-1.87335,-0.16,4,17,5.01,5.1,256.41345806966467,497.4223520589901,3539.895568781677,1.2734273400875458,11.476613999491688,-34.548190717220095,17.310994402830108,8.765348997802795,14.191517425014048,168.56645565627034,0.5,0.0022540322523138
0,1,0,0,0,0,-297.133972,477.62204,-14.870508,-65.493896,-0.136272,-10.9562,-1.72352,-0.06,4,20,5.52,6.05,256.0450910901278,485.5777365455859,4093.012603060297,1.561830260460085,10.93012597406943,-31.86395784234152,16.226736495145342,6.722097560957344,10.883396051073795,194.90536205049037,0.0,0.0013931610292901
0,1,0,0,0,0,-279.133118,-22.866154,4.557613,-62.154499,-0.129324,-9.92543,-1.72652,-0.5075,4,19,5.48,5.89,312.7197261498491,524.6755454183708,3439.342920672103,1.316655748033246,10.093134250881985,-30.30942690134313,5.770331467610037,3.627270466061141,5.872723611718037,163.77823431771918,0.0,0.0011608246782411
0,0,1,0,0,0,-495.68512,86.724388,3.313983,-47.3573,-0.07642,-2.08401,-1.15506,-0.426,5,16,5.72,5.54,141.6703136831336,502.06003603096894,6254.182600594662,1.5336506433029151,15.016238431159806,-82.24377432345227,10.80822833803196,7.393549757402312,13.55484122190424,260.59094169144424,0.0,0.0049675348945811
0,0,1,0,0,0,-454.812195,-28.130119,-2.671681,-52.9058,-0.085374,-3.65566,-1.29038,-0.238,5,16,5.38,5.14,144.65934145292312,502.7811519972683,7034.652823374876,1.4529399871917883,14.921742106014385,-81.57964374574432,0.3226336817322973,7.393549757402312,13.55484122190424,293.1105343072865,0.3333333333333333,0.004214313455445
0,0,1,0,0,0,-546.724731,4.113207,7.0349,-38.944199,-0.062844,0.299059,-1.02485,-0.43,5,18,5.82,5.61,113.0233493014934,510.04771971848703,6439.158223266224,1.5586013978265272,16.542682100708067,-95.29185926220929,10.162960974567364,7.388129266377823,13.54490365502601,268.29825930275933,0.3333333333333333,0.0059127447778081
0,0,1,0,0,0,-566.484924,36.28701,-22.661135,-79.5317,-0.12834,-11.1977,-1.69216,-0.53,5,21,6.21,6.35,230.83158561064693,579.2668878821306,7173.552216816592,1.336932504538495,14.518137594645154,-85.53179026629876,20.325921949134727,7.930178368826673,14.5386603428489,298.89800903402465,0.6666666666666666,0.0051601445940352
0,0,1,0,0,0,-483.869354,-1.733933,-19.453793,-77.897697,-0.125703,-10.7348,-1.73106,-0.35,5,19,6.05,5.91,101.14521142122088,488.87945701252056,7201.975540501779,1.460498208272238,16.15559356630415,-89.93717589164864,18.460695976619885,4.867600939990671,8.923935056649563,300.0823141875741,0.3333333333333333,0.0033988653305831
0,0,1,0,0,0,-495.238007,-8.231631,-12.144225,-75.167297,-0.121297,-9.96142,-1.67038,-0.58,5,18,6.09,5.93,205.91376963408172,543.3779282943927,7590.389960505307,1.4025255451748817,14.061006610846292,-78.65431298153646,19.92262984696936,5.984222091035301,10.971073833564718,316.26624835438776,0.0,0.0034816601608887
0,0,1,0,0,0,-560.252014,-38.729153,-13.856629,-71.000298,-0.114573,-8.7811,-1.61364,-0.364,5,21,6.06,5.82,101.62676841081202,501.1748836970843,6296.408049372187,1.0913513234989898,16.647838136928012,-95.22635677681028,18.359872951078543,5.940858162839393,10.891573298538887,262.3503353905078,0.3333333333333333,0.0040882070694253
0,0,1,0,0,0,-518.569153,-40.721458,-20.454596,-73.413803,-0.118468,-9.46473,-1.88241,-0.3625,4,20,5.89,5.64,134.36427570961257,511.8448188775899,6208.043771052193,1.4701399858090862,15.728355965332389,-88.82844913442854,24.278184550355373,4.50984853237443,8.268055642686454,258.66849046050805,0.0,0.0011574942943161
0,0,1,0,0,0,-522.107056,-19.360292,-9.077187,-69.702103,-0.112478,-8.41337,-1.65957,-0.254,5,20,5.96,6.06,151.96363409719214,527.6545274662994,6286.353056260488,1.4618232108171731,15.653787223712804,-89.80103581494429,14.78065554436087,5.832448342349623,10.692821960974308,261.931377344187,0.0,0.0021623476773175
0,0,1,0,0,0,-486.481201,-2.532968,-8.017325,-70.629898,-0.113975,-8.67616,-1.81102,-0.192,5,19,5.59,5.7,151.3087543592901,494.83169347857904,5912.276476008897,1.4393428718715142,14.313455796637038,-76.20445159248895,12.159256880285954,4.054527286317396,7.433300024915226,246.34485316703737,0.0,0.0004635861424389
0,0,1,0,0,0,-504.7612,2.996619,-7.12781,-69.454498,-0.112079,-8.34323,-1.69401,-0.476,5,18,5.44,5.62,106.24863478334736,510.56175605635264,6183.327218813448,1.271241184163811,16.846380053041887,-97.8760351878286,22.947320613209644,3.2035101954727025,5.873102025033288,257.638634117227,0.3333333333333333,0.0030061736873595
0,0,1,0,0,0,-508.225189,1242.089355,-14.337376,-68.156998,-0.109985,-7.97571,-1.74762,-0.51,4,18,5.74,5.56,120.99941081694044,513.2963674268999,6872.253134862711,1.4890521999793582,16.34570652541498,-94.00370736615962,20.709049446191838,2.4988463622891977,4.581218330863529,286.3438806192796,0.3333333333333333,0.004454036157738
0,0,1,0,0,0,-520.208252,3.835206,11.005798,-67.9104,-0.109587,-7.90584,-1.65635,-0.422,5,20,5.51,5.6,136.97110710084297,488.4154452525116,5213.525873007144,1.3940504136270155,14.64351408965286,-78.10164251450597,4.9100813438634,5.5505828090762215,10.176068483306407,217.23024470863095,0.0,0.0024723054986867
0,0,1,0,0,0,-445.581909,36.391891,-12.501643,-66.848099,-0.107873,-7.60495,-1.48551,-0.342,5,18,5.84,5.91,180.7312540733068,541.7725203677837,7509.253133655045,1.4790546077394098,15.043386095603204,-86.24856079406057,20.44690957978434,4.450223131105056,8.158742407025937,312.8855472356269,0.6666666666666666,0.0059896955827515
0,0,1,0,0,0,-599.985779,216.722107,-19.511492,-70.871101,-0.114365,-8.7445,-1.61071,-0.164,5,20,5.64,5.98,148.02882297605095,501.7128875845371,5348.903039920286,1.1575418589336788,14.73683602535359,-80.0534442846278,7.329833956855629,6.081790929476094,11.14995003737284,222.87095999667855,0.3333333333333333,0.0043802790267507
0,0,1,0,0,0,-589.590393,5.552702,-20.551195,-66.408501,-0.107163,-7.48043,-1.47575,-0.436,5,22,5.68,5.8,110.89008448755328,519.8236530083374,6244.521985323741,1.3859179642103068,17.038898688366004,-100.49669896747127,18.20863841276653,6.67262445114534,12.23314482709979,260.18841605515587,0.0,0.0015458719541986
0,0,1,0,0,0,-518.975281,-38.208076,-23.010494,-68.3666,-0.110323,-8.03508,-1.62778,-0.376,5,20,5.78,5.66,171.8848108716884,506.4979412588498,6346.956105157207,1.5830530245258574,13.942213766131728,-74.47202433867838,19.610078467791197,0.9756883844079296,1.7887620380812042,264.4565043815503,0.0,0.0009405913455419
0,0,1,0,0,0,-469.638245,-32.597828,10.101328,-66.648102,-0.10755,-7.54829,-1.62556,-0.348,5,19,5.48,5.5,109.77298527070906,477.90787485664566,5575.201331290713,1.438238620640698,15.338953732747358,-82.4130762550525,20.21501662103925,2.0543660982811405,3.766337846848758,232.3000554704464,0.6666666666666666,0.0066796767002439
0,0,1,0,0,0,-490.051575,-43.210079,-22.597141,-67.789597,-0.109392,-7.87163,-1.50644,-0.406,5,18,5.9,5.85,168.87274303502545,515.7672865877831,6734.929197869456,1.5357551946547436,14.453939314698236,-79.18353420644898,20.93086010238279,3.143884794203329,5.763788789372769,280.6220499112273,0.0,0.0029201682566033
0,0,1,0,0,0,-518.087463,932.483093,-16.479445,-68.077797,-0.109857,-7.95325,-1.70194,-0.3875,4,16,5.51,5.62,165.37930306617977,531.747103323307,5555.636894307267,1.2744805082308257,15.265325010713632,-87.06548644653837,23.47160034602463,3.9515379568521145,7.244486254228877,231.4848705961361,0.3333333333333333,0.0029805351194798
0,0,1,0,0,0,-551.160034,-38.84478,-14.272902,-66.015099,-0.106528,-7.36898,-1.57179,-0.308,5,18,5.97,5.83,94.49072452315112,496.4282272663154,6753.954910060069,1.2796406191202252,16.747395947631844,-95.54512590667744,7.087858695556407,2.2495037751627263,4.124090254464998,281.4147879191696,0.3333333333333333,0.0037498291176732
0,0,1,0,0,0,-551.967651,-25.472355,-4.56456,-64.716797,-0.104434,-7.00124,-1.70307,-0.446,5,14,5.12,4.96,183.7953233804804,510.8763823816523,5274.25357690624,1.6360310179430395,13.628377458382165,-72.52273732120726,20.285592738918197,2.997531536542139,5.495474483660588,219.76056570442665,0.0,0.0049163818931139
0,0,1,0,0,0,-511.886658,11.840316,-15.210132,-64.292397,-0.103749,-6.88103,-1.60731,-0.334,5,17,5.34,5.44,135.9313940622851,514.8504725063411,7150.607623098926,1.3971753407987644,15.788294935169,-89.61255460586574,21.848349634809008,4.423120675982614,8.109054572634792,297.9419842957886,0.6666666666666666,0.0029890507634728
0,1,0,0,0,0,-385.240234,-29.385897,-120.591393,-79.936501,-0.187422,-19.2894,-2.49802,-0.2225,4,16,5.71,5.5,259.7633388078294,460.2442578707861,2515.553022117944,0.9128501263308704,20.04809190629566,-56.61553749683861,36.331006493920114,12.73515551567822,38.20546654703465,251.5553022117944,0.0,0.0038860646592684
0,1,0,0,0,0,-390.902069,9.264385,-143.763596,-77.5429,-0.18181,-18.518999,-2.50138,-0.2225,4,16,5.64,5.41,273.9366232483748,469.9900535034117,2572.3023118912847,0.961634414689013,19.60534302550369,-55.8108662539856,36.28195472997693,12.790048427383727,38.37014528215118,257.23023118912846,0.0,0.0056470303964904
0,1,0,0,0,0,-391.878235,-30.548571,-102.030502,-78.445999,-0.183927,-18.8097,-2.37715,-0.2225,4,16,5.66,5.47,259.15809942952745,464.9223548186845,2552.17170878005,0.8611016547864007,20.576425538915704,-58.98360373939416,35.52982768284807,12.648895225855275,37.94668567756583,255.217170878005,0.0,0.0021452034044909
0,1,0,0,0,0,-435.767975,128.663086,-73.528847,-72.112999,-0.169079,-16.7715,-2.25353,-0.4,4,14,5.36,5.1,236.41757579512048,430.969825744983,2679.901815317157,1.1637568385830983,19.455224994986253,-52.01404549697811,29.97062776928693,9.95130070775595,29.853902123267847,267.9901815317157,0.0,0.0010901324145529
0,1,0,0,0,0,-457.811432,-21.589472,-91.693687,-72.240898,-0.169379,-16.8127,-2.25753,-0.2025,4,15,5.42,5.15,240.20364528680733,442.0040676792147,2937.4466469625013,1.1185250120222618,20.180042239240738,-55.52873839258668,28.106660739445847,8.67308004947051,26.01924014841153,293.74466469625014,0.0,0.0031089816404159
0,1,0,0,0,0,-420.525757,-17.567585,-73.728706,-69.092499,-0.161997,-15.7994,-2.09371,0.05,4,16,5.55,5.46,253.6966974842288,446.3693819594739,2716.1709624551963,1.0556396463608784,19.267268447524508,-52.62490564841024,34.64689593187072,2.9093243203920074,8.727972961176022,271.61709624551963,0.0,0.0036309697370973
0,1,0,0,0,0,-415.881042,3.745512,-70.90152,-79.189201,-0.18567,-19.0488,-2.32909,0.1175,4,14,5.54,5.34,266.1524166822218,461.2460768614308,2916.929655172627,0.821107588300957,19.5093660179209,-54.7285056081873,34.05827476455247,11.535353302686364,34.606059908059095,291.6929655172627,0.0,0.0024005269009917
0,1,0,0,0,0,-394.958649,-16.46785,-28.755053,-66.181,-0.15517,-14.8624,-2.13487,-0.0775,4,18,5.62,5.56,253.305030359178,444.7948737352558,2816.786466460313,1.493522744109623,19.14898433760778,-52.07616211083795,34.434338288116905,7.465435991949302,22.396307975847904,281.6786466460313,0.0,0.0040585812297868
0,1,0,0,0,0,-442.574219,5.617126,-22.267138,-65.2173,-0.152911,-14.5523,-2.24887,-0.6325,4,14,5.5,5.4,248.21568147963225,442.7175140296461,3256.3861543667936,1.4460758511762544,19.450183255001388,-52.97297753533417,23.36499022493782,10.42181137951746,31.265434138552376,325.63861543667934,0.0,0.0024242610910227
0,1,0,0,0,0,-394.69043,8.483191,-50.232136,-66.110001,-0.155004,-14.8396,-2.06594,-0.045,4,14,5.48,5.3,234.17299191491983,420.8490301442,2421.8167158568,0.8911016447651775,18.66760382292801,-48.47239880677243,10.08831278431535,4.869785452731634,14.6093563581949,242.18167158568,0.0,0.0061849572704297
0,1,0,0,0,0,-496.845764,20.894472,-76.52964,-72.285103,-0.169482,-16.8269,-2.33178,-0.09,4,18,5.96,5.83,210.95722594132,410.4456141151047,2174.0645180538604,0.9817526002740355,19.948838817378476,-52.00465270843214,37.115834717011104,0.031367378117434,0.0941021343523021,217.40645180538604,0.0,0.0020596311995539
0,1,0,0,0,0,-350.32251,-33.030743,-55.597027,-69.795403,-0.163645,-16.0257,-2.25147,-0.43,4,16,5.72,5.64,275.3953062611892,459.8525912373772,2730.6369410174825,1.1507875040827595,18.4457284976188,-50.7963298514802,34.02557358859035,12.335221444680936,37.005664334042805,273.06369410174824,0.0,0.0010395511560541
0,1,0,0,0,0,-350.990173,-10.956197,-9.620946,-67.891998,-0.159182,-15.4131,-2.19006,-0.445,4,14,5.79,5.74,265.4688171827467,458.3510672744151,2776.64292406681,1.1006526750966945,19.28822500916684,-53.68718204388333,13.848948019959646,6.179373489134505,18.53812046740352,277.664292406681,0.0,0.0035232848647616
0,1,0,0,0,0,-398.408447,-35.92271,-0.342541,-64.576698,-0.151409,-14.3461,-2.01802,-0.405,4,15,5.62,5.58,244.96524935642503,444.38115695622673,2487.665056941968,1.005660829802265,19.94159075998017,-54.87196664758843,31.245973631809782,8.249620444885151,24.74886133465545,248.7665056941968,0.0,0.0018068578758291
0,1,0,0,0,0,-375.144928,40.472912,-18.950329,-66.550201,-0.156036,-14.9812,-2.14678,0.1675,4,14,5.52,5.28,247.51665744852684,435.709156709314,2890.037028623537,1.0641162527757315,18.81924992607872,-50.18341160368264,33.91111947272292,11.950971062742369,35.852913188227106,289.00370286235363,0.0,0.0013113842872777
0,1,0,0,0,0,-349.153412,20.271515,-19.815029,-65.920197,-0.154559,-14.7785,-2.12646,-0.5625,4,16,5.64,5.53,240.7857320122082,431.6242750502767,2388.5062812516776,1.0671161719202686,19.083854303806845,-50.77164574486184,2.861352896685877,0.0,0.0,238.85062812516776,0.5,0.0064389165555401
0,1,0,0,0,0,-346.340057,35.923729,-29.713551,-71.321503,-0.167223,-16.5168,-2.30069,0.0625,4,16,5.67,5.58,205.5318734029898,419.3771767785217,2918.382802063269,1.1589004379352457,21.38453033755319,-57.87590233740292,37.44284647663234,8.265304133943868,24.795912401831604,291.8382802063269,0.0,0.0025250484095286
0,1,0,0,0,0,-366.390442,3042.395752,-23.819283,-62.672501,-0.146944,-13.7333,-2.2383,-0.5325,4,14,5.21,5.06,215.0213684182441,406.3911405164153,2883.830463059984,1.3446788335577928,19.13697720981712,-48.89253858921367,16.056277397403036,2.885798786803931,8.657396360411793,288.3830463059984,0.0,0.0010517943643546
0,1,0,0,0,0,-401.942749,27.424793,-11.043708,-62.461399,-0.146449,-13.6654,-2.08205,0.12,4,15,5.5,5.4,283.96647318333066,475.7064246994295,3138.911592875351,0.9199388417049502,19.17399515160988,-54.69790932666499,31.60568656739316,12.586160469620406,37.758481408861215,313.89115928753506,0.0,0.0022552650415589
0,1,0,0,0,0,-299.664612,1373.276123,-57.54129,-71.613297,-0.167907,-16.610701,-2.23792,-0.5275,4,16,5.65,5.45,301.26069713271033,473.6052203547433,2423.171755721941,1.2383463457787884,17.234452322203303,-47.58148053904197,29.56186306976038,7.818318995770432,23.4549569873113,242.3171755721941,0.0,0.0060601302148544
0,1,0,0,0,0,-460.47113,45.341347,-79.304062,-69.467499,-0.162876,-15.9201,-2.24089,-0.3975,4,16,5.34,5.07,235.621141988609,427.9684494020042,2147.524573825645,1.0682129337239503,19.23473074133952,-50.99653380036021,30.706404228434728,8.233936755826432,24.7018102674793,214.7524573825645,0.0,0.0016078008559027
0,1,0,0,0,0,-358.882416,-7.827847,-24.951288,-66.5019,-0.155923,-14.9657,-2.07819,-0.1375,4,18,5.7,5.59,253.53040570877204,444.7959799298521,2603.005723987676,1.0685606352060035,19.126557422108004,-51.99692834470168,36.13479943814737,6.132322421958354,18.396967265875062,260.3005723987676,0.0,0.0065027148553752
0,1,0,0,0,0,-338.610535,101.336754,-14.636081,-68.829002,-0.161379,-15.7146,-2.15091,-0.4725,4,13,5.79,5.8,312.92323645705216,482.57606521738137,2494.4013320379145,1.0697522158000694,16.965282876032923,-47.29365445867014,34.6959476958139,11.088368164512932,33.2651044935388,249.44013320379145,0.5,0.0046055123709954
0,1,0,0,0,0,-414.106201,11.951055,-103.5728,-65.789101,-0.152795,-10.8743,-2.05591,-0.0775,4,15,5.44,5.35,296.4137066396647,514.2101087455743,2232.4639944099445,1.3131697710314871,10.371257243138553,-30.809467874388677,10.719432762831683,6.403310660604919,9.147586658007029,106.3078092576164,0.0,0.005215928953051
0,1,0,0,0,0,-415.652161,547.847534,-170.835785,-68.511002,-0.159117,-11.7503,-2.14097,-0.0225,4,13,5.17,5.12,300.99190659506223,515.7539385063207,2150.2600662407986,1.127171078566987,10.22676342434564,-30.3183646117122,10.268477315567733,6.448404397651432,9.212006282359187,102.39333648765708,0.0,0.0053723849259832
0,1,0,0,0,0,-411.41214,-15.151565,-72.939827,-72.129501,-0.167521,-12.9149,-2.25405,0.015,4,13,5.47,5.38,291.08490817376514,497.21930389530735,2050.124607096941,1.4351875795617477,9.815923605787724,-28.01836528756955,9.44049354354211,6.3807637920816624,9.115376845830946,97.62498129033052,0.0,0.0061048530636736
0,1,0,0,0,0,-428.133789,-11.651719,-25.679886,-80.516998,-0.187001,-15.6142,-2.51616,0.2025,4,17,6.09,6.02,241.82126707668613,454.0415052018111,2997.682013384607,1.5567541522956465,10.105725625005949,-27.32437435781043,15.406412329476712,3.3219052957598283,4.745578993942612,142.74676254212417,0.0,0.0036081383035701
0,1,0,0,0,0,-433.31955,96.367516,-45.992012,-81.869797,-0.190143,-16.049601,-2.64096,-0.465,4,18,5.94,5.97,308.1907142433722,532.0286421391252,2340.963001373452,0.9992709253749597,10.658948947416809,-32.69620647924023,14.65235567995338,5.381185954217279,7.687408506024685,111.47442863683106,0.0,0.0016347831177629
0,1,0,0,0,0,-468.523163,127.193497,-56.698524,-74.902397,-0.173961,-13.8073,-2.41621,-0.3125,4,16,5.61,5.64,249.73035957127104,461.403795628766,2959.6468725285963,1.3656270824561063,10.079687431309283,-27.53276398434926,12.227546061878348,11.190762410376436,15.986803443394908,140.9355653585046,0.0,0.0011986683876167
0,1,0,0,0,0,-403.428589,101.79866,8.333602,-73.5308,-0.170775,-13.3658,-2.45103,-0.045,4,17,5.83,5.94,273.34295073241407,510.42847189854535,2344.393365937678,0.889060314495882,11.289786722196729,-34.24860696696393,13.247740352409917,10.634606320136102,15.192294743051574,111.63777933036562,0.0,0.0021440556903063
0,1,0,0,0,0,-415.588104,7.264125,1.81005,-73.1754,-0.16995,-13.2515,-2.28673,-0.1125,4,16,5.76,5.73,246.5544852096777,461.8584170257572,2721.0381163761417,1.1448184903545002,10.25256818171807,-28.174960509086706,14.541464996199949,2.141952509709392,3.0599321567277027,129.57324363695912,0.0,0.0009085392469289
0,1,0,0,0,0,-436.460632,19.804598,-36.067719,-71.528702,-0.166126,-12.7215,-2.16754,-0.01,4,15,5.76,5.82,266.18002607024124,471.5804909298171,2801.4021381589178,1.366726739426249,9.780974517122658,-26.871779441491743,16.06436371974707,6.6287793458374855,9.469684779767835,133.40010181709133,0.5,0.0073445253703723
0,1,0,0,0,0,-379.028503,72.267342,-40.715202,-74.089996,-0.172074,-13.5458,-2.39,0.0575,4,17,5.98,6.05,332.152565945163,526.3460713335508,2042.9240026058412,0.968460225581266,9.247309780399418,-27.040274357448205,12.131440802625374,9.454653534085669,13.506647905836664,97.28209536218291,0.5,0.0104115597598842
0,1,0,0,0,0,-376.138885,11.426445,14.694004,-68.462502,-0.159004,-11.7347,-2.20847,0.1025,4,18,5.78,5.76,280.6331688941025,497.3402724199421,2706.0107416533497,1.0649081438367816,10.319385882182836,-29.90327311388933,11.69527077986188,11.190762410376436,15.986803443394908,128.8576543644452,0.0,0.0010587662584823
0,1,0,0,0,0,-421.488678,25.343557,29.008347,-66.707703,-0.154929,-11.17,-2.15186,0.0525,4,16,5.63,5.55,225.9701607530453,456.4708314458721,3332.663305024288,1.4203533778709685,10.976222413944132,-30.60056655173838,15.014598580214589,6.493498134697946,9.276425906711353,158.6982526202042,0.0,0.0021982255521079
0,1,0,0,0,0,-430.6539,102.610313,-9.583566,-67.580498,-0.156956,-11.4509,-2.18002,0.0325,4,14,5.56,5.49,293.31899254649943,490.41571548580777,2645.072002821976,1.248513962782988,9.385558235205158,-26.18656389771564,12.478898278386126,11.904746580279566,17.006780828970808,125.95580965818932,0.0,0.0020242251776906
0,1,0,0,0,0,-422.451263,-6.208432,7.800508,-67.8881,-0.15767,-11.5499,-2.1215,0.2,4,16,5.64,5.69,257.8915316904687,466.96144019126086,2936.114054780084,1.4387320997371915,9.955709928609153,-27.313472451957328,14.031367850934163,11.671762272205912,16.6739461031513,139.81495498952782,0.0,0.0021245514847684
0,1,0,0,0,0,-345.822998,125.62722,2.360996,-66.9841,-0.155571,-11.2589,-2.16078,-0.105,4,14,5.52,5.79,303.70156221551633,516.0945481135832,2231.8695744700544,1.176172273208709,10.113951709431754,-29.90066500152049,15.325092494724194,7.147357321872391,10.2105104598177,106.27950354619308,0.0,0.0034149188987698
0,1,0,0,0,0,-354.402679,37.159851,-40.544487,-70.418297,-0.163547,-12.3642,-2.27156,0.025,4,17,5.98,6.0,312.6933436545476,519.7825025693536,2577.6641148179533,0.8281119039936905,9.86138851975267,-29.08932568241016,15.776047941988148,9.462169156926752,13.51738450989536,122.74591022942634,0.5,0.0069483445501856
0,1,0,0,0,0,-519.195618,85.905281,2.848363,-66.640099,-0.154772,-11.1482,-2.14968,0.065,4,17,5.94,5.85,214.26324286806684,429.1867383841005,2727.3715405358244,1.198622126635441,10.234452167430176,-26.752393707498356,16.1752544035005,11.070512444919068,15.815017778455813,129.8748352636107,0.0,0.0016312308035153
0,1,0,0,0,0,-463.176239,35.428749,-20.640116,-65.677803,-0.152537,-10.8385,-2.05243,-0.22,4,17,5.5,5.57,222.5697239719758,431.2767332902105,2660.247020154188,1.2374196956339516,9.938429015154032,-25.812170735256437,13.388201885164262,9.09390363771356,12.99129091101937,126.67842953115182,0.0,0.0023051092287494
0,1,0,0,0,0,-413.932495,1145.796753,3.746037,-65.325302,-0.151718,-10.7251,-2.04142,0.1975,4,16,5.85,5.65,209.84629732375515,422.8404508207256,2746.0605976053,1.0263188642267944,10.142578737950972,-26.17160729202332,12.368007594632694,1.4204527169651755,2.029218167093108,130.7647903621571,0.0,0.0013430336191261
0,1,0,0,0,0,-495.138947,1427.161987,4.603388,-64.527802,-0.149866,-10.4684,-2.08154,0.065,4,18,6.1,5.86,191.6798045202229,434.1524705091479,2816.125589958217,1.3404729762918188,11.546317428044048,-31.705124847554945,13.51387799341815,1.1423746718450087,1.631963816921441,134.1012185694389,0.0,0.0023466867257032
0,1,0,0,0,0,-366.812378,139.193939,-5.189615,-64.601501,-0.150037,-10.4921,-2.15338,0.1625,4,16,5.99,5.63,236.7545484803712,440.24799604858487,2172.6624424040315,1.1306142695039978,9.690164169914938,-25.31514688587701,10.172372056314757,10.724793794229129,15.321133991755898,103.46011630495389,0.0,0.0023462969373484
0,1,0,0,0,0,-424.043121,6.161787,-20.752182,-65.798103,-0.152816,-10.8772,-2.19327,-0.79,4,14,5.5,5.51,267.2894446092714,501.5828236821103,2475.3004314382133,1.4142125592399295,11.156827574897088,-33.31833780377372,17.380266500287785,4.7498736355660895,6.785533765094414,117.8714491161054,0.0,0.0020296139580438
0,1,0,0,0,0,-385.371002,86.197395,8.609381,-64.5504,-0.149919,-10.4757,-1.95607,0.0675,4,9,5.13,5.07,305.16182167854095,520.2363619211785,2836.897581341677,1.3213220703471902,10.241644773458932,-30.56177406226015,11.488274836855473,3.682655192131936,5.2609359887599085,135.09036101627032,0.5,0.0054364002241833
0,0,1,0,0,0,-299.925446,-17.82818,-79.03511,-75.549896,-0.127244,-9.65181,-1.71704,0.28,5,20,6.28,6.06,294.8164147398985,603.7042751875935,4366.851437275956,1.010555282107265,11.880302324911344,-58.21701142935031,8.5246987254297,9.701198337530146,15.671166545241004,167.9558245106137,0.3333333333333333,0.0030344536920544
0,0,1,0,0,0,-332.994812,226.404846,-120.137337,-59.9389,-0.100951,-5.16075,-1.39393,0.298,5,19,5.95,5.77,316.5744667271504,612.1485960044783,4159.272499672048,1.0170633139072858,11.36823574143569,-55.4104876208224,7.631936022951891,9.248250401213408,14.939481417344735,159.9720192181557,0.0,0.0015030490452986
0,0,1,0,0,0,-367.483978,-32.97937,-77.255699,-73.357697,-0.123552,-9.02114,-1.66722,0.256,5,19,6.41,6.09,309.2312625817608,596.3925009805378,4167.450393766634,0.9964833926353548,11.044663015337576,-52.399981254727535,7.205306058935945,8.984594139775306,14.5135751488678,160.286553606409,0.3333333333333333,0.0078731458415093
0,0,1,0,0,0,-413.332275,1012.488647,-15.378131,-99.014099,-0.166763,-16.4021,-2.10668,-0.108,5,14,6.44,6.23,324.54590459500577,611.9518408589436,4675.120798960117,1.4505648376855989,11.054074471689916,-53.38270461942717,15.761607003922382,10.350198365685472,16.7195512061073,179.81233842154296,0.0,0.0055296434170565
0,0,1,0,0,0,-406.2435,30.414604,-22.811623,-95.227303,-0.160385,-15.3127,-2.11616,0.042,5,17,7.01,6.63,368.0612219422415,629.716146135172,4617.126065474646,1.313706303122672,10.06365093049733,-48.16813062651684,6.178233923342006,6.814500295630931,11.00803893909612,177.58177174902482,0.0,0.005398824315922
0,0,1,0,0,0,-412.155487,67.564964,-6.860744,-92.516602,-0.15582,-14.5329,-2.05593,-0.184,5,19,6.7,6.58,334.0642095881481,626.0987914767497,5385.693446097137,1.2005572427214082,11.232099303407754,-55.37482938029028,12.553981718913615,8.578969122178226,13.858334735826364,207.14205561912064,0.0,0.005911564975774
0,0,1,0,0,0,-421.292542,1393.990845,-29.736073,-93.220299,-0.157005,-14.7353,-2.07156,-0.206,5,18,6.8,6.79,293.8283818837764,603.3793981257011,5043.606348322615,1.4314454952057225,11.905808316997105,-58.36362452236636,15.24807093612541,7.598708662985285,12.27483707097623,193.98485955086983,0.0,0.0035535444615077
0,0,1,0,0,0,-402.772217,882.673218,-4.121882,-89.496597,-0.150733,-13.664,-1.90418,-0.108,5,15,6.2,5.87,325.2423730707726,615.6653115367361,5213.414981883377,1.4118989113772566,11.170113017921674,-54.34677261934901,11.53481013820886,10.417802535284986,16.828757941614207,200.51596084166837,0.0,0.0027371797137968
0,0,1,0,0,0,-423.330933,7.586802,-18.357407,-91.018204,-0.153296,-14.1018,-2.02263,-0.072,5,17,6.56,6.61,319.87024963313394,617.9225876479139,5258.895428776805,1.219862690064311,11.463551462106922,-56.38303675041528,15.49298813769012,6.686052373391856,10.800546141633,202.26520879910788,0.0,0.0050457390164189
0,0,1,0,0,0,-345.599182,179.415695,-3.748123,-90.031898,-0.151635,-13.8181,-2.14362,0.348,5,20,6.51,6.58,303.55904084118754,615.4262997576213,6086.443119104464,1.4017991769207978,11.994894573708992,-59.725441798665685,15.26387204590378,5.793677334678281,9.35901723294184,234.09396611940247,0.3333333333333333,0.0073128330261603
0,0,1,0,0,0,-442.780731,257.38736,-4.142926,-90.4049,-0.152263,-13.9253,-2.05466,0.274,5,21,6.61,6.72,306.6652384633681,623.9434573431496,5993.213794598101,1.3800792862732254,12.203008418453132,-61.67434189889245,8.92762702477809,7.524344076425821,12.154709661918634,230.50822286915772,0.0,0.0037045112962852
0,0,1,0,0,0,-428.929077,-13.147552,-9.591245,-88.864899,-0.149669,-13.4823,-2.06662,0.38,5,19,7.11,6.65,354.38144262203264,624.5481770558125,4674.470095652412,1.226788841663191,10.391028247453072,-49.92164569071125,7.687239907176178,1.622500070388317,2.6209616521657426,179.78731137124663,0.0,0.0033011947955706
0,0,1,0,0,0,-410.486023,5258.25,-10.67705,-86.636703,-0.145916,-12.8413,-1.96902,-0.086,5,19,6.5,6.42,301.14795918751446,612.5923029481191,5468.299281222689,1.4369482774928124,11.978628606177104,-59.4349618287209,13.423042756723872,6.949708634829958,11.226452410109932,210.3192031239496,0.3333333333333333,0.0087491184313867
0,0,1,0,0,0,-409.694061,-29.057222,-29.024441,-89.279503,-0.150368,-13.6016,-1.94086,0.346,5,18,6.99,6.63,370.525542283626,630.2008560251835,4282.529627808282,1.4675176872308384,9.987512066982983,-47.72353293292047,5.870112282663824,9.856687927609023,15.922342036906889,164.71267799262623,0.0,0.0046287374126497
0,0,1,0,0,0,-333.687469,-3.318871,-57.317379,-90.420303,-0.152289,-13.9298,-2.1028,0.188,5,20,6.75,6.47,299.36773687063646,598.2110357327073,4403.727164837786,1.224171895875393,11.49397303315657,-55.364912221563024,11.511108473541308,7.842083673543533,12.667981318801091,169.37412172453026,0.3333333333333333,0.0046513310967284
0,0,1,0,0,0,-426.659576,1003.960205,-18.826626,-84.834198,-0.142881,-12.3227,-1.8852,-0.07,5,20,6.72,6.56,285.10512893718413,601.2934346843421,5170.499273926525,1.313972988400745,12.161088682582998,-59.91224285793156,11.906136218000514,8.484323284738908,13.705445306116696,198.86535668948176,0.0,0.0046156190048618
0,0,1,0,0,0,-432.967072,547.547302,-18.930227,-87.021103,-0.146564,-12.9519,-1.89176,-0.04,5,14,6.01,5.69,327.69430722835153,599.2894525536226,4890.367480655377,1.4706593991888135,10.445967127895042,-48.848918999774746,14.141993251639631,10.242031694326252,16.54482042929625,188.09105694828372,0.0,0.0033327703298043
0,0,1,0,0,0,-434.448395,327.677826,-12.684266,-84.640503,-0.142554,-12.267,-1.8809,0.136,5,16,6.29,6.24,327.5471639271785,619.4893525099579,5365.303903643793,1.4534190830383562,11.228545714722287,-54.95323428156386,9.00663257366993,8.092219101061731,13.072046240176643,206.3578424478382,0.0,0.0057246568354474
0,0,1,0,0,0,-420.334717,27.91164,-4.856687,-83.4394,-0.140531,-11.9215,-1.85421,0.106,5,18,6.59,6.4,303.66075690924674,589.8527031091106,4856.730097907763,1.437044231319604,11.00738254614861,-51.77927844879231,15.635198125695435,6.13169818267585,9.905050910476373,186.79731145799087,0.0,0.0055517714678324
0,0,1,0,0,0,-374.625214,268.125549,-12.46363,-83.485001,-0.140608,-11.9346,-1.85522,0.016,5,19,6.21,5.9,297.3579452517178,596.2384203643193,6136.451561898486,1.4321452289062837,11.49540288894621,-55.25233224553103,15.611496461027883,7.348573235467084,11.870772149600676,236.0173677653264,0.3333333333333333,0.0051673919996039
0,0,1,0,0,0,-355.172638,-32.259125,-42.873039,-82.064903,-0.138216,-11.5261,-1.90849,0.028,5,19,6.61,6.32,278.29518826667027,588.385692417554,4887.480023319535,1.451552555427138,11.926557851957066,-57.53967276722372,10.38922967927716,3.907521002851864,6.312149312299165,187.9800008969052,0.3333333333333333,0.0030667945208119
0,0,1,0,0,0,-399.059967,217.274643,-6.806805,-80.822899,-0.136125,-11.1688,-1.79606,0.326,5,19,6.81,6.3,298.10610153037214,555.9029272308491,4008.30877093918,1.2894812102973712,9.91526252694142,-43.32255825948855,10.191715807047554,1.8861563318264185,3.046867920642676,154.16572195919923,0.6666666666666666,0.0077100137848426
0,0,1,0,0,0,-438.030243,10.113558,-27.648056,-81.761299,-0.137705,-11.4387,-1.90142,0.244,5,18,6.91,6.39,308.1843779607243,580.494935958777,4584.792064613795,1.3486405714741236,10.473482999925103,-47.96084370411506,11.929837882668068,9.748521256249806,15.74761126009584,176.3381563312998,0.0,0.0025634403925054
0,0,1,0,0,0,-524.662048,22.5359,-101.058838,-74.029701,-0.122419,-7.48834,-1.68249,0.17,5,18,5.33,5.11,338.67902753453666,636.7439478982974,6223.220038906571,1.5013925226298592,11.464035398606182,-67.75562989530637,7.218697701305108,12.277893923183475,19.83352095283485,239.354616881022,0.0,0.0050509280448529
0,0,1,0,0,0,-382.777557,-19.537169,-83.963425,-69.957703,-0.115685,-6.31689,-1.66566,0.17,5,18,5.25,5.01,333.658554509516,606.8437783625011,5151.352142795513,1.4677098065656742,10.507123994345582,-58.46095253798316,4.511686063315692,13.011034351690116,21.01782472196096,198.1289285690582,0.0,0.0050287464893685
0,0,1,0,0,0,-580.140747,-47.676872,-78.559769,-82.626404,-0.136635,-9.96148,-1.92154,0.28,5,17,5.39,5.12,326.6457625779577,636.3070501969496,6852.038032648616,1.4087073497374714,11.91004952380738,-71.23201221437915,16.976963021754923,11.668415735629765,18.848979265248083,263.5399243326391,0.3333333333333333,0.0058346602591254
0,0,1,0,0,0,-597.000671,71.191704,-76.062599,-91.644096,-0.151547,-12.5558,-1.94988,-0.052,5,20,6.06,5.81,339.0163910752114,604.6440735345369,7057.542625330669,1.7301734616269364,10.216449325358674,-56.21340845246095,5.990774896443929,9.884146259023243,15.966697803037553,271.44394712810265,0.0,0.0008976670882222
0,0,1,0,0,0,-547.177917,51.305637,-78.293465,-95.8843,-0.158559,-13.7756,-2.13076,-0.1,5,20,5.93,5.59,370.8642158045237,609.9674260815282,5708.142502562973,1.708085029315184,9.196277318346326,-49.36747624842656,15.99090379966943,9.177504882149377,14.8252001942413,219.5439424062682,0.0,0.0022370657090962
0,0,1,0,0,0,-504.69046,-49.54781,-50.290615,-90.025002,-0.14887,-12.0899,-2.04602,0.058,5,16,5.96,5.54,321.4613470889818,608.2466543495724,6785.368296513562,1.525921141893275,11.03020412540733,-62.41761049660423,17.963022243840417,11.164933754607134,18.035662218980757,260.97570371206007,0.0,0.001621031705613
0,0,1,0,0,0,-566.150757,-5.249371,-48.904285,-90.301498,-0.149327,-12.1695,-1.96308,0.258,5,18,5.9,5.58,354.74828206974223,626.8518887579343,6525.1416729202665,1.4870073426281445,10.465523334161231,-59.48181157899482,11.92573511993962,7.887884369354564,12.741967058188145,250.96698742001024,0.3333333333333333,0.0042820215839094
0,0,1,0,0,0,-637.416321,9.514766,-100.546776,-90.752296,-0.150072,-12.2992,-2.16077,0.302,5,17,5.77,5.46,268.86395996229925,575.4523601824376,5658.408661779803,1.470214580958705,11.791861546928398,-65.75913187844536,20.958409692062386,9.574990656640926,15.46729259918919,217.63110237614623,0.0,0.0051805079225099
0,0,1,0,0,0,-638.220337,23.971209,-65.685875,-81.418198,-0.134637,-9.6139,-1.76996,0.028,5,19,5.76,5.42,273.13026294319786,577.7110620555396,6367.816957431907,1.8076606412665772,11.714646119705453,-65.3471259864686,17.302548613952965,9.901812293445092,15.995235243257456,244.9160368243041,0.0,0.0027708492693186
0,0,1,0,0,0,-529.38678,27.006649,-52.058277,-84.7659,-0.140173,-10.577,-1.9265,0.04,5,18,5.62,5.37,335.90155210666546,629.9381716817072,5331.33328698317,1.4044090573954755,11.309100752886222,-66.06527402477417,21.03282925599336,8.046878679151186,12.9988040201673,205.05128026858347,0.0,0.0040187807791746
0,0,1,0,0,0,-508.972931,-36.873466,-34.093468,-81.019997,-0.133979,-9.49936,-1.80045,0.158,5,18,5.97,5.72,326.20777908515834,627.9970705682639,6833.340819695615,1.8057373272227697,11.607280441657906,-68.23366424525582,15.22810326937688,11.951072286379311,19.30557830876658,262.82080075752367,0.0,0.0032919964031226
0,0,1,0,0,0,-641.966187,9.422739,-58.798996,-80.411598,-0.132972,-9.32432,-1.91456,0.252,5,19,5.54,5.25,254.07753078522435,567.3144306866351,7186.23143147397,1.9510602041079657,12.047573073131185,-67.07169654323977,24.028216704215325,10.193301861405562,16.46610300688591,276.3935165951527,0.0,0.0007432867401968
0,0,1,0,0,0,-462.631897,31.94084,-55.589329,-86.126099,-0.142422,-10.9683,-1.79429,0.422,5,17,5.85,5.54,352.72868858341616,607.7213839910287,5333.521121322025,1.2447585961238046,9.807411361831251,-53.49415384557437,10.97688567981962,11.120768668552516,17.964318618430987,205.1354277431548,0.0,0.000946116388259
0,0,1,0,0,0,-517.597168,1.301084,-74.715172,-88.9935,-0.147164,-11.7932,-2.02258,0.322,5,17,5.92,5.69,323.926041815782,579.7033922698442,5236.626667348721,1.5182033083471858,9.837590402079318,-51.96491549506005,17.163011931582375,9.336499191945997,15.082037156220457,201.4087179749508,0.0,0.0040841749943586
0,0,1,0,0,0,-518.798462,346.734253,-51.8787,-97.692398,-0.161549,-14.2958,-2.07856,-0.034,5,20,5.74,5.45,309.3808060793869,600.416419026266,6867.288615387845,1.8269824803958352,11.193677421033811,-63.08931491353598,15.469966852152568,6.668927994247141,10.772883683014612,264.12648520722485,0.0,0.0020944744776986
0,0,1,0,0,0,-534.767029,-9.738735,-25.695744,-82.0933,-0.135753,-9.80813,-1.8243,0.024,5,20,5.81,5.4,290.26350952178257,570.7080144692699,5550.713642454017,1.305814142186993,10.786327113364896,-58.04516108492615,21.907259132182386,14.0268313309463,22.658727534605564,213.4889862482314,0.0,0.0007095764095265
0,0,1,0,0,0,-639.95874,16.319614,-102.705215,-87.5625,-0.144798,-11.3815,-2.03634,0.302,5,17,5.65,5.33,318.36668117673673,599.9328644950549,5604.451159535417,1.7348093890598977,10.829468589166083,-60.3551089736706,19.321179285580804,9.177504882149377,14.8252001942413,215.55581382828527,0.0,0.0049164688813289
0,0,1,0,0,0,-591.763062,52.176189,-38.109184,-79.410103,-0.131316,-9.03621,-1.72631,-0.21,5,16,5.67,5.29,359.9637211549036,621.4004880408917,6995.131779834346,1.2132271227586628,10.055260264845694,-56.12534359576713,17.2560363864961,7.349070319488239,11.871575131481002,269.0435299936287,0.0,0.00308323142358
0,0,1,0,0,0,-658.937988,-3.340861,-71.098732,-81.340103,-0.134508,-9.59145,-1.84864,0.106,5,17,5.71,5.34,199.34503690768796,531.848406166229,5469.290082900716,1.3762311019629272,12.788591125328502,-69.88730213814415,22.177030051432187,9.627988759906469,15.55290491984891,210.3573108807968,0.0,0.0016653692541799
0,0,1,0,0,0,-540.309387,-4.714942,-50.125702,-79.995102,-0.132284,-9.20452,-1.77767,-0.198,5,17,5.44,5.15,381.647321083581,620.7687280158741,6340.922422738909,1.5986593529352822,9.19697718970358,-50.00035879988621,7.246605037779224,7.1724099752697725,11.58620072928194,243.88163164380416,0.0,0.0036321285345828
0,0,1,0,0,0,-585.404968,67.75325,-74.882782,-84.084396,-0.139046,-10.3809,-2.00201,-0.118,5,19,5.63,5.31,321.6825002167124,562.469077115771,6084.408249387103,1.845896849795244,9.261022188425333,-47.03246714878002,19.4607159679514,9.000844537930908,14.539825792042237,234.015701899504,0.0,0.0021054303662278
0,0,1,0,0,0,-609.720886,17.209675,-52.876717,-74.564201,-0.123303,-7.64211,-1.69464,0.02,5,18,5.71,5.6,377.2890689954456,636.5481760368483,7624.056560690784,2.0726988830267947,9.971504116977028,-56.47552890026933,5.079135238289418,10.175635826983717,16.437565566666002,293.2329446419532,0.0,0.0018900233499373
0,0,1,0,0,0,-576.461426,373.132019,-31.14447,-77.793098,-0.128642,-8.57102,-1.69115,0.104,5,18,5.86,5.55,288.53274516530666,586.6404614939684,5799.346045096725,1.359377761666712,11.46568139725622,-64.13640181009458,21.1537610473812,13.982666244891686,22.5873839340558,223.05177096525864,0.3333333333333333,0.0043864883074791
0,1,0,0,0,0,-379.04657,32.940166,-105.142448,-76.464699,-0.16427,-14.4861,-2.18471,-0.6725,4,19,5.71,5.71,35.970938440167345,351.60444408694275,3020.9739641140404,0.9593259214647816,18.56667680275149,-64.33791956551055,18.45839754063197,5.483218510240899,10.64389475517351,177.70435083023767,0.5,0.006035568256774
0,1,0,0,0,0,-383.994781,-6.236312,-90.694763,-69.039398,-0.148318,-12.1712,-1.97255,-0.3375,4,20,5.86,5.89,62.85505120158621,363.7196347986104,2909.2091656961284,0.8865847937715587,17.69791668217789,-61.08354970076266,18.481674208400733,5.82308742616492,11.303640297849553,171.12995092330166,0.5,0.0067231944265904
0,1,0,0,0,0,-424.536621,-29.834518,-69.608589,-68.296997,-0.146723,-11.9397,-1.95134,-0.57,4,19,5.93,5.92,25.80152632433851,351.78649913539726,3111.1197361445325,0.9654788948607774,19.175586635944637,-67.49693323111978,13.884532324069315,7.20522101758928,13.986605504732132,183.0070433026196,0.0,0.0042108946608171
0,1,0,0,0,0,-367.160889,118.11795,-43.854313,-90.050301,-0.193456,-18.7216,-2.43379,-0.3575,4,18,6.42,6.21,6.466319509918151,316.61081382337574,2999.7529522047166,0.9494905467007196,18.243793783144564,-59.38342905933744,11.684887219920869,2.418733784992628,4.695189112044512,176.45605601204215,0.0,0.0029538478857065
0,1,0,0,0,0,-426.783264,53.981384,-38.121693,-87.354599,-0.187665,-17.881201,-2.36094,-0.4575,4,16,6.04,6.05,31.32245333832884,337.11071375423694,3025.3738405179747,1.2479526271206909,17.987544730347537,-60.0574262126389,25.9767612299436,8.564696681285369,16.625587675436307,177.96316708929265,0.0,0.0036115781589787
0,1,0,0,0,0,-446.447388,56.362743,-67.91288,-88.1427,-0.189358,-18.1269,-2.51836,0.0425,4,17,6.11,5.84,11.793119942555734,332.9098783194015,3398.229841074024,1.1317246823947755,18.88922108099093,-64.15959038612635,18.632972548897712,5.936377064806262,11.523555478741567,199.89587300435437,0.0,0.0008788990927119
0,1,0,0,0,0,-451.14212,136.162598,0.769112,-82.925102,-0.178149,-16.5002,-2.30347,-0.0975,4,21,6.48,6.28,-27.931326536802715,314.81083855832253,3721.095776039472,1.0871023827419153,20.16130382912501,-68.84960881509258,22.67147440677873,6.859687619733191,13.315864203011488,218.88798682585127,0.0,0.0012412382144954
0,1,0,0,0,0,-387.262756,71.624794,-46.470699,-84.445503,-0.181415,-16.974199,-2.28231,-1.22,4,17,6.04,6.22,67.39745297909928,353.3241587885064,3137.576035874838,1.2259978144974897,16.819217988788655,-55.83791845327561,22.287409388594085,5.539863329561569,10.753852345619515,184.5632962279317,0.0,0.0028244728842661
0,1,0,0,0,0,-440.912384,14357.595703,-7.827819,-81.587997,-0.175276,-16.083401,-2.26633,-0.3125,4,19,6.41,6.29,12.290402594528246,330.8705717079058,3068.906320478241,1.0995523935527562,18.74000994784574,-63.207429697520105,14.629385692669851,6.5538055954015695,12.722093214603047,180.52390120460245,0.0,0.0021503235075801
0,1,0,0,0,0,-442.703247,-32.578705,-17.93648,-78.458,-0.168552,-15.1076,-2.17939,0.1475,4,18,6.25,6.16,-39.14896398151876,307.717033850949,3635.703915062775,1.1568007038346857,20.40388222543928,-69.36328420962775,24.82456617538965,0.0,0.0,213.86493618016328,0.0,0.0025901793638923
0,1,0,0,0,0,-449.780884,-37.311802,-32.698647,-78.316498,-0.168248,-15.0634,-2.30343,-0.075,4,18,6.06,5.83,15.545862740907296,320.82984001379526,3189.0910563030293,0.8947594662044727,17.957881016052234,-58.3929578196519,14.978535709201353,3.919821496990395,7.6090652588637075,187.59359154723705,0.0,0.0035927996640349
0,1,0,0,0,0,-381.819946,-38.440258,-15.891533,-77.024101,-0.165472,-14.6605,-2.13956,-0.2775,4,15,6.18,6.18,49.72368063520327,343.9195873156968,2495.000884707085,1.2485473075740046,17.305641569440795,-57.35074857396196,21.19340600346205,4.644875184294976,9.0165224165726,146.76475792394618,0.0,0.0022276816477699
0,1,0,0,0,0,-468.096008,100.902733,-17.892759,-76.685799,-0.164745,-14.5551,-2.32381,-0.705,4,21,6.67,6.39,116.66712136180224,374.87624643729873,3008.0010549559142,1.2017445258548505,15.1887720632645,-49.9386778416774,10.090435477760352,7.986919524214531,15.504020252887033,176.9412385268185,0.0,0.0021580112308
0,1,0,0,0,0,-367.04361,-47.159111,-17.168509,-75.653503,-0.162527,-14.2332,-2.16153,-0.36,4,16,6.23,6.13,17.18034539464435,341.5457182940652,2926.197372277245,1.229386208464009,19.080316052907108,-65.98632007710276,27.78070298202302,3.240083665142349,6.289574173511618,172.12925719277914,0.0,0.0019794357252089
0,1,0,0,0,0,-378.604523,602.351257,-22.125277,-77.656097,-0.166829,-14.8575,-2.21875,-0.1275,4,18,5.97,5.97,21.460814549364784,337.9661954908376,3037.2891800966754,0.8510641716560639,18.61796358479252,-63.2812520309466,16.957052469546518,2.039213495544136,3.958473256056264,178.6640694174515,0.0,0.001013126375645
0,1,0,0,0,0,-443.650391,1906.3479,-38.654144,-76.760101,-0.164905,-14.5782,-2.0746,-0.675,4,18,6.29,6.19,44.84429953527183,345.18059999131367,3560.9295144002704,1.3393941540345666,17.666841203296578,-59.22684782955283,27.90872465475124,7.420471331007827,14.40444434842696,209.4664420235453,0.0,0.001989779045633
0,1,0,0,0,0,-457.195435,83.358551,-54.753632,-77.725502,-0.166978,-14.8792,-2.22073,-0.6575,4,19,6.05,5.86,48.692349356012414,345.7116717259628,3280.468629649382,0.964296803192216,17.4717248452912,-58.31994710471096,23.625817785298167,5.092369256928273,9.88518738109606,192.96874292055188,0.0,0.0011694517400073
0,1,0,0,0,0,-287.439575,665.743347,-43.493603,-72.291397,-0.155304,-13.185,-2.19065,-0.21,4,18,6.25,5.92,39.025541425627466,327.2147460596333,2982.682829596408,0.8319200268446013,16.952306154941517,-54.18026983863176,10.730543841401431,0.0339868915924022,0.0659745542676043,175.45193115272988,0.0,0.0013594149280135
0,1,0,0,0,0,-363.303802,39.521652,-33.836555,-73.482903,-0.157864,-13.5565,-2.16126,-0.98,4,18,5.85,6.0,83.76242626992189,388.1691656625304,3285.597935392696,1.028135368830177,17.9062787878005,-64.4057759280657,26.98929627788495,2.2374703631664827,4.34332482261729,193.27046678780565,0.5,0.003557615231969
0,1,0,0,0,0,-366.997589,5732.625488,-27.881006,-72.536598,-0.155831,-13.2615,-2.13343,0.0225,4,15,5.75,5.77,50.96050083499824,352.4785836390683,2709.357784766338,1.235117104560615,17.73635781200412,-60.2409861836642,19.145059239810585,6.814371764276656,13.227898130654683,159.37398733919636,0.0,0.0008503857072858
0,1,0,0,0,0,-473.235962,346.366852,-24.809599,-72.295097,-0.155312,-13.1862,-2.12633,-0.0475,4,18,6.08,5.89,30.8024334709811,339.08268998796905,3265.8030746150985,0.8506994875069201,18.13413273629341,-60.96726666184466,16.631179120783784,8.530709789692967,16.559613121168702,192.10606321265288,0.0,0.0006357060272939
0,1,0,0,0,0,-413.949249,-0.928317,-42.060078,-71.32,-0.153218,-12.8822,-2.09765,-0.1875,4,16,5.75,5.81,96.99099618891664,377.3204694352572,2750.362677542563,1.1910838251430813,16.489969014490622,-56.32052867777916,10.940033851320331,7.035286559627269,13.656732733394112,161.78603985544487,0.0,0.0013430237944941
0,1,0,0,0,0,-413.708771,-28.638258,-15.83803,-71.532097,-0.153673,-12.9483,-2.10389,0.1275,4,17,5.88,5.77,31.371854514074982,337.82647082226964,3002.018111844174,0.8842443852192048,18.02674213577616,-60.31769346900054,18.167439193522384,3.308057448327154,6.421523282046827,176.58930069671612,0.0,0.0016997126080404
0,0,1,0,0,0,-293.882355,-11.22096,-10.258067,-54.5224,-0.140724,-10.1741,-1.88008,-1.542,5,20,5.15,5.17,119.4894490474183,367.6808193196753,1922.511812486748,0.7665990006249312,15.511960642016064,-39.83307394527306,13.231107733322542,11.179822955035402,18.86595123662224,120.15698828042171,0.0,0.0015914352026447
0,0,1,0,0,0,-287.558838,779.781372,-30.294544,-54.310398,-0.140177,-10.1035,-1.87277,-1.27,5,17,4.86,4.88,116.75940453980678,365.3913898188973,1958.2673974599795,0.8915131009914206,15.53949907994316,-39.78400075505007,8.139920947382919,11.393362395334908,19.226299042127657,122.3917123412487,0.0,0.0015051582423165
0,0,1,0,0,0,-316.588928,-17.963007,-3.946413,-56.1073,-0.144815,-10.7024,-1.87024,-1.556,5,20,5.31,5.32,170.02350277015194,397.1993763018383,2067.791930223008,0.8636522413961989,14.198492095730398,-36.963615008351496,5.8085360003968685,11.434692609586424,19.29604377867709,129.236995638938,0.0,0.0018730332371479
0,0,1,0,0,0,-315.764099,64.919266,-9.387942,-74.1063,-0.191271,-16.702101,-2.64665,-1.068,5,18,5.31,5.56,152.61476186884445,393.8179606597632,2301.007518527754,1.4243344557678344,15.075199924432422,-39.91515424441789,26.27291497949664,6.681717970661947,11.275399075492036,143.81296990798464,0.0,0.0016822732296968
0,0,1,0,0,0,-305.512726,235.275269,0.187207,-71.634399,-0.184891,-15.8781,-2.55837,-0.752,5,20,5.3,5.53,175.0968329686587,406.0453440856013,3046.7384439716307,1.1646777580329974,14.434281944808912,-38.3368973413582,20.81309040279427,11.317590335873794,19.098433691787022,190.4211527482269,0.0,0.0043811973068797
0,0,1,0,0,0,-308.358704,389.145691,-14.037483,-69.2397,-0.17871,-15.0799,-2.30799,-1.504,5,20,5.17,5.4,202.9236179705824,421.52216184712057,2385.1646392064204,0.9597596392668084,13.662408992283636,-36.46495586900335,9.474987540956128,10.75963244347831,18.156879748369647,149.07278995040127,0.3333333333333333,0.0031863426134521
0,0,1,0,0,0,-341.01416,5.830283,-19.536633,-67.144997,-0.173303,-14.3817,-2.23817,-0.944,5,19,5.06,5.31,121.41164283700022,373.7210351292957,2522.9350052990417,1.437134154735272,15.769337018268466,-41.16189986803458,17.993509462635924,11.138492740783883,18.79620650007281,157.6834378311901,0.0,0.0023896644518519
0,0,1,0,0,0,-259.941071,13266.466797,-3.243527,-63.7519,-0.164546,-13.2506,-2.19834,-1.112,5,17,5.1,5.38,129.61461264193076,377.5304743338457,2935.9313273840235,1.1992736994392903,15.494741355744685,-40.40740111428025,16.528921483119046,11.22115316928692,18.93569597317168,183.49570796150147,0.0,0.0045085424382918
0,0,1,0,0,0,-296.359039,238.776428,-17.619984,-66.433899,-0.171468,-14.1446,-2.46052,-0.866,5,17,5.03,5.23,127.7443389561014,376.75603978800297,2329.0280789485296,1.1244810444452291,15.563231301993849,-40.60686649859712,22.34742066705004,7.246564232099349,12.228577141667651,145.5642549342831,0.0,0.0007838143579969
0,0,1,0,0,0,-320.999359,1065.710449,-15.878027,-64.948799,-0.167635,-13.6496,-2.23961,-0.912,5,16,5.1,5.31,170.4712512572057,391.6614220031581,2359.995760455241,1.5177970863846713,13.824385671622029,-35.325449375762155,23.56292905821371,8.782670528447406,14.820756516754996,147.4997350284526,0.0,0.0008715160427822
0,0,1,0,0,0,-327.745331,372.634583,1.072555,-62.0527,-0.16016,-12.6842,-2.38664,-1.036,5,20,5.06,5.25,133.08919666350857,376.68602996110616,2365.1448620671954,1.1377984268510122,15.22480208109985,-39.37567152353637,18.113067665045467,5.76556488808665,9.72939074864622,147.8215538791997,0.0,0.0018419684930739
0,0,1,0,0,0,-274.454529,7720.795898,-13.504408,-63.220299,-0.163174,-13.0734,-2.18001,-0.946,5,16,5.13,5.31,162.88900116357922,396.8918787861594,2983.699905544549,1.0104505774477663,14.62517985141126,-38.47199150725099,21.39095504777372,8.038726671920095,13.56535125886516,186.4812440965343,0.0,0.0032599313711315
0,0,1,0,0,0,-294.583496,-0.707993,-8.457132,-60.419201,-0.155944,-12.1397,-2.15783,-0.762,5,18,4.96,5.16,152.53214314429653,399.6838402010012,2873.093064751454,1.0061325265351684,15.446981066044042,-41.660456185478736,23.802045463032798,10.366995408088895,17.49430475115001,179.5683165469659,0.0,0.0007450361153258
0,0,1,0,0,0,-305.994629,26962.048828,15.067348,-63.9464,-0.165048,-13.3155,-2.2838,-0.964,5,18,5.29,5.58,204.4802938462656,412.8492274803265,2899.024951340314,1.359432624923988,13.023058352128809,-33.73212220915715,21.92896695861665,9.905474682280287,16.715488526347986,181.18905945876963,0.0,0.0006849505302347
0,0,1,0,0,0,-242.118164,304.22229,-13.843474,-57.843601,-0.149296,-11.2812,-2.22475,-0.612,5,15,4.95,5.17,125.21324010514628,371.5816793620869,2566.204275673646,0.878627921186831,15.39802745355879,-39.673913711698816,14.23738927026951,9.003098337788831,15.192728445018652,160.38776722960287,0.0,0.0013234933537247
0,0,1,0,0,0,-286.467804,816.30603,-7.978634,-60.517799,-0.156198,-12.1726,-2.52158,-0.85,4,19,5.1,5.36,79.8171188369875,343.0886876812367,2271.4613293873804,1.1015055181335984,16.454473052765575,-41.60075778528932,22.895395761427103,6.275304197188695,10.589575832755925,141.96633308671127,0.0,0.0034591861420843
0,0,1,0,0,0,-138.998856,148.749954,-5.410991,-59.0896,-0.152512,-11.6965,-1.96965,-1.118,5,18,5.12,5.53,157.1923642333391,384.6297116857923,2773.0808535176466,1.2027940378106818,14.214834215778325,-36.27666384539011,14.526321592759237,0.0413302142515172,0.0697447365494352,173.3175533448529,0.0,0.0012690694364593
0,0,1,0,0,0,-300.227081,11719.054688,-17.601612,-57.91,-0.149468,-11.3033,-2.06821,-0.72,5,16,5.15,5.38,143.53347969994985,381.48172768564586,2520.463239229319,1.1138385792950432,14.871765499106,-38.409732423201056,18.541484557012986,7.790745386410992,13.14688283956855,157.52895245183242,0.0,0.0013371140051009
0,0,1,0,0,0,-283.552521,638.440002,-31.771923,-59.0023,-0.152287,-11.6674,-2.10722,-0.696,5,17,5.08,5.27,182.87084582869596,411.2555452164385,2846.0943525714933,1.2563421108302344,14.274043711733912,-38.06881320821599,24.290241456205088,11.179822955035402,18.86595123662224,177.88089703571833,0.0,0.00276130164734
0,0,1,0,0,0,-204.559326,78.2696,3.615038,-53.5504,-0.138215,-9.85014,-1.98335,-1.204,5,15,4.87,4.99,209.1331658700521,386.57174691911695,2416.6591620598124,1.499641164252408,11.089911315566551,-26.079644360003694,11.238471026496857,2.6657988192228594,4.498535507438575,151.04119762873827,0.0,0.0007431002819986
0,0,1,0,0,0,-250.546005,234.969574,2.716702,-56.0424,-0.144647,-10.6808,-2.07564,-0.702,5,15,4.92,5.08,100.6040293137824,356.07656760100366,2667.970855357657,1.0405237699662315,15.967033642951328,-40.713844237713445,14.645879795168776,5.786229995212407,9.764263116920937,166.74817845985356,0.0,0.0023905110853534
0,0,1,0,0,0,-224.699265,386.880035,-26.878111,-55.226002,-0.14254,-10.4087,-1.97236,-1.158,5,18,5.1,5.43,185.7968192773892,386.2938462544156,2221.403849575713,1.0940874293142913,12.53106418606415,-30.6589897142678,22.397236584720687,8.810224004615083,14.867253007787951,138.83774059848207,0.0,0.0009030738755182
0,0,1,0,0,0,-230.58107,275.725739,-20.285536,-56.663898,-0.146251,-10.888,-2.17938,-0.93,5,15,4.96,5.21,193.08470607251056,387.61980484388846,2070.9934291947675,1.089363889274884,12.15844367321112,-29.512301702098043,17.13667567870088,0.1377673808383906,0.2324824551647842,129.43708932467297,0.0,0.0010932175434469
1,0,0,0,0,0,-262.114624,-30.80862,-26.817225,-86.205498,-0.259374,-24.3389,-3.07877,0.273333,3,17,6.0,6.27,170.89326326660213,359.3981012422637,1974.2304027324844,1.004164450547797,20.94498199729573,-35.38459960456315,26.645325434537316,7.28776743006573,19.43404648017528,219.3589336369427,1.0,0.0093258542314315
1,0,0,0,0,0,-263.021698,-35.84502,-26.011526,-86.982597,-0.261712,-24.608299,-3.22158,0.273333,3,17,5.96,6.19,176.9367204722107,362.6606624204883,1920.39099448145,1.0098235263175996,20.635993549808617,-34.8932402914071,26.592899806530355,7.829737476288972,20.879299936770597,213.3767771646056,1.0,0.0108094713059587
1,0,0,0,0,0,-281.040131,-33.670448,-21.432278,-90.508598,-0.272321,-25.8307,-3.23245,0.223333,3,17,5.94,6.22,194.53548200635035,377.73366999014127,1968.7629374306969,0.8859710054938532,20.35535422042121,-35.206222936131354,27.903540506704346,7.985409723608414,21.29442592962244,218.75143749229963,1.0,0.0112986673941796
1,0,0,0,0,0,-280.195313,-16.422911,-25.470882,-96.349403,-0.289895,-27.8556,-3.44105,0.216667,3,16,5.96,6.23,191.17822835829048,375.1240586089798,1927.4042124835585,1.0718282035922864,20.438425583409924,-35.232560328997785,29.21418120687834,7.443439677385172,19.849172473027124,214.15602360928423,1.0,0.009377310633902
1,0,0,0,0,0,-250.571228,-34.623966,-20.967199,-86.862503,-0.261351,-24.5667,-3.34087,0.31,3,16,5.75,5.97,164.08790347082228,351.85677936541765,1367.6249434994684,1.3594276990774217,20.86320843273282,-34.71397528880566,28.755456961817444,8.083425583031767,21.555801554751376,151.95832705549648,0.0,0.0020775781122204
1,0,0,0,0,0,-281.262146,987.728394,-20.271961,-82.236603,-0.247432,-22.962999,-3.16295,0.0,3,14,5.92,5.98,201.27154903515276,368.2596786608861,1961.1360310051616,1.1335075512985475,18.55423662508148,-30.62165453809752,26.304558852492075,8.590801796517356,22.90880479071295,217.904003445018,0.0,0.0008057138584224
1,0,0,0,0,0,-269.943359,-27.984322,-8.842778,-80.465302,-0.242103,-22.3489,-3.21861,0.236667,3,17,5.73,5.93,149.21786023988372,355.13396689441595,1707.3777848464504,1.2544960945393542,22.879567406059135,-39.58039249406545,20.74744228375434,8.758005321416016,23.354680857109376,189.7086427607167,0.0,0.0009976860184834
1,0,0,0,0,0,-298.927887,-7.161061,-8.988699,-76.347,-0.229712,-20.921101,-2.93642,0.55,3,17,5.92,5.97,195.4573376311204,370.6003864267297,1475.7662807675124,1.0389039259674877,19.460338755067703,-32.74685375639481,20.249398817688217,8.67152073957188,23.12405530552501,163.97403119639026,0.0,0.0007141877351746
1,0,0,0,0,0,-286.856262,-18.997116,-16.744171,-77.292,-0.232555,-21.2488,-2.97277,0.353333,3,16,5.52,5.64,152.79239730115512,348.37728113580096,1638.7803276490563,1.0455376539195262,21.73165375940509,-36.44954695510306,29.056904322857463,8.648458184413444,23.062555158435853,182.08670307211736,0.0,0.0004669699241919
1,0,0,0,0,0,-287.261902,-35.362614,7.527196,-72.326401,-0.217615,-19.5273,-2.89306,0.356667,3,16,5.69,5.93,118.04158805925042,330.72022757121283,1545.724582728059,1.0903153041794398,23.6309599457736,-39.59412563343707,26.13417556146946,7.529924259229307,20.079798024611485,171.74717585867322,0.0,0.0021011638046071
1,0,0,0,0,0,-295.53949,10.972016,-13.492657,-73.984703,-0.222604,-20.1022,-2.84557,0.353333,3,16,5.65,5.74,165.28577677126972,358.73706393359646,1448.6208845088463,1.2024823492413237,21.494587462480748,-36.59712917470274,20.30182444569517,8.72341148867836,23.262430636475628,160.95787605653848,0.0,0.0010610418235966
1,0,0,0,0,0,-272.019135,84.646278,-8.817005,-67.151001,-0.202043,-17.733,-2.68604,-0.023333,3,14,5.55,5.63,168.07675785187803,347.2247738590333,1738.681102947607,1.3276672884777831,19.90533511190614,-32.30677361574916,13.394747955778223,8.752239682626406,23.339305820337085,193.1867892164008,0.0,0.0037211156226118
1,0,0,0,0,0,-271.630981,87.179092,-9.541255,-62.8988,-0.189249,-16.2589,-2.41918,-0.44,3,18,5.68,5.65,167.49359516786652,361.80749140148873,1795.9968038780917,1.295829700095284,21.590432914846915,-37.02214797997127,23.23765961408493,8.711880211099142,23.231680562931047,199.55520043089908,0.0,0.0007910692429265
1,0,0,0,0,0,-282.375092,1432.440552,2.70379,-64.264801,-0.193359,-16.7325,-2.57059,0.153333,3,14,5.48,5.42,172.78917928063754,343.88197669942133,1737.6882786627225,0.9302263806125708,19.01031082430931,-30.18601876089868,28.139455832735667,8.72917712746797,23.27780567324792,193.0764754069692,0.0,0.0007418568895964
1,0,0,0,0,0,-265.479401,324.495392,-13.372567,-67.845802,-0.204134,-17.9739,-2.82691,0.51,3,16,5.7,5.78,219.6148950685056,379.7311132816913,1519.20775998082,1.121982788229551,17.790690912576192,-29.613820357372667,13.289896699764306,8.758005321416016,23.354680857109376,168.8008622200911,0.0,0.0007833611750892
1,0,0,0,0,0,-264.004242,103.078201,-20.724798,-64.640198,-0.194489,-16.8626,-2.58561,0.266667,3,17,5.92,6.0,185.37166788772836,357.2087454793008,1356.0494421093272,1.1422115368480423,19.093008621285826,-31.14571624600613,28.060817390725227,8.717645849888752,23.247055599703337,150.6721602343697,0.0,0.0016505233224705
1,0,0,0,0,0,-281.40094,106.976151,-22.580952,-73.458603,-0.221021,-19.9198,-2.82533,0.326667,3,18,5.66,5.76,147.73581734704703,336.96351612661795,1520.2761310528126,0.8562016707139353,21.025299864396768,-34.11272832455882,22.647871299006628,3.4132581634485057,9.102021769196016,168.91957011697917,0.0,0.001115286984084
1,0,0,0,0,0,-279.095032,649.505432,-7.686272,-65.8339,-0.19808,-17.276501,-2.35121,-0.33,3,17,5.74,5.74,202.0745575707028,370.6833018572505,1441.4821929638038,1.324363762405757,18.734304920727524,-31.15245402027057,13.958323456853044,8.67152073957188,23.12405530552501,160.16468810708932,0.0,0.0007345414452242
1,0,0,0,0,0,-204.42366,15.307122,-0.692131,-63.010601,-0.189585,-16.297701,-2.62544,0.13,3,15,5.61,5.64,181.5681109343996,346.87823996515493,1535.8095703337767,1.2454529794420612,18.36779211452837,-29.00796959874451,11.101126730473734,8.775302237784842,23.400805967426248,170.6455078148641,0.0,0.0033586702163224
1,0,0,0,0,0,-293.679413,-8.400449,-20.225861,-65.698402,-0.197672,-17.2295,-2.34637,-0.2,3,16,5.72,5.71,194.5833785116245,372.2995750730058,1918.348145520624,0.9636105056417388,19.746244062375705,-33.488084562591766,25.97689867744857,8.700348933519924,23.200930489386465,213.149793946736,0.0,0.0005251964453868
1,0,0,0,0,0,-284.254456,281.625,7.266441,-58.9202,-0.177278,-14.8796,-2.45501,0.19,3,17,5.62,5.72,138.96757349965384,347.4132202540444,1777.0653343944637,1.2852384660937064,23.160627417154508,-39.69588804927719,24.941492524311123,8.585036157727748,22.89342975394066,197.45170382160708,0.0,0.0010876220833274
1,0,0,0,0,0,-284.254364,8.380314,0.642644,-61.4142,-0.184782,-15.7442,-2.36208,-0.516667,3,16,5.53,5.53,183.1830584373864,368.2561634202799,1831.887714321864,1.098394089008766,20.563678331432616,-35.084485222276015,25.911366642439877,8.740708405047188,23.3085557467925,203.543079369096,0.0,0.0005119406682584
1,0,0,0,0,0,-274.748474,354.027252,-1.94798,-59.269199,-0.178328,-15.0006,-2.37077,-0.07,3,13,5.46,5.62,195.3356513091032,363.64871543393417,1643.6797008122255,1.1433315373751365,18.701451569425664,-30.675129947335204,12.63457634967731,6.624718969260699,17.665917251361865,182.63107786802505,0.0,0.0002725317450563
