pep length_3,pep length_4,pep length_5,pep length_8,pep length_9,pep length_10,APBS_Ligand,CHARMM,ElectDD,PLANTS_CHEMPLP,PLANTS_CHEMPLP_NORM_WEIGHT,PLANTS_CHEMPLP_RB_PEN_NORM_CRT_HEVATOMS,PLANTS_CHEMPLP_NORM_CONTACT,RPScore_Norm_LigContacts,RPScore_LigContacts,RPScore_RecContacts,XS_HPScore,XS_HSScore,DPSA1,PPSA1,MOMI-Z,PBF,PNSA1:nrb,WNSA2:nrb,RNCS:nrb,RPCS:nha,RPCS:nrb,MOMI-Z:nrb,Region 1,psi_prob
1,0,0,0,0,0,-611.192078,11.686881,-88.529678,-70.615303,-0.189133,-15.06,-2.35384,-1.648,5,18,5.48,5.62,-5.983643788858558,283.5522128940232,1946.1166515880277,1.0686814397509388,19.30239044552545,-56.10203580421784,13.988613000369874,7.077652506238701,12.267931010813747,129.74111010586847,0.0,0.0117899911116832
1,0,0,0,0,0,-629.927979,-6.420544,-66.498306,-59.7243,-0.159963,-11.3837,-2.05946,-1.806,5,17,5.45,5.61,16.343540401787095,296.38965034868863,1924.1347934357275,1.1870813337307455,18.66974066312677,-54.58022955174015,25.00174754485997,6.4509853572488165,11.181707952564617,128.27565289571515,0.0,0.0008246229319159
1,0,0,0,0,0,-576.317261,5967.489746,-53.285172,-42.155399,-0.112907,-5.4533,-1.45363,-1.326,5,18,5.55,5.43,-16.271862925080825,268.8901689079596,2322.2602773901663,1.1198897700644748,19.01080212220269,-53.41918809445294,14.619775097071646,7.051321953760136,12.222291386517568,154.81735182601108,0.0,0.0027894215435697
1,0,0,0,0,0,-575.68512,149.012039,-66.048409,-70.7192,-0.189411,-15.0951,-2.35731,-1.422,5,21,5.76,5.66,-13.200589341232842,282.8006642852737,2368.496024619646,1.2188447613655216,19.733416908433767,-57.92664959269616,30.901181020154077,7.00919306979443,12.149267987643675,157.89973497464308,0.0,0.003512815989548
1,0,0,0,0,0,-586.401001,769.305542,-75.76638,-54.210999,-0.145196,-9.52271,-1.86934,-1.53,5,16,5.35,5.45,-5.715673064317002,288.72947400799194,1750.6229966021992,1.1249863210273416,19.62967647148726,-58.05744440072392,19.25688437896221,7.130313611195836,12.359210259406115,116.70819977347996,0.0,0.0048526772144133
1,0,0,0,0,0,-594.545776,14.166625,-72.70771,-44.123501,-0.118178,-6.11765,-1.5215,-1.67,5,20,5.28,5.42,-12.688810623628,295.7835786204081,1339.484567557408,0.9809494652698674,20.564825949602405,-63.02199455837437,29.69038026321598,7.430481909451496,12.879501976382592,89.29897117049386,0.0,0.0035385977051792
1,0,0,0,0,0,-585.319885,56.743996,-80.767136,-53.0504,-0.142088,-9.13096,-1.82933,-1.428,5,17,5.36,5.39,-22.646501026854764,299.5313659127891,1851.9818002075492,0.9522307160385092,21.478524462642927,-67.72326958797527,25.22072214983813,6.914403080871589,11.98496534017742,123.46545334716996,0.0,0.0116497976792717
1,0,0,0,0,0,-566.180847,21.346313,-50.845928,-63.1012,-0.169007,-12.5236,-2.10337,-0.886,5,18,5.66,5.46,-39.74763010570837,257.9793782906788,2331.487930014161,0.9823228214424952,19.84846722642581,-55.93949223692966,21.073085514369343,4.823757214073401,8.361179171060563,155.43252866761077,0.0,0.0035357582442548
1,0,0,0,0,0,-487.024567,850.940002,-27.444246,-71.151199,-0.190568,-15.2409,-2.45349,-1.034,5,19,5.72,5.73,-20.913832540747023,296.7844880732736,2064.580093525828,0.911438071930368,21.17988804093471,-66.00541326318825,29.265311912376013,4.07596952368211,7.06501384104899,137.63867290172183,0.0,0.0076077508356592
1,0,0,0,0,0,-591.949646,55.776386,-69.388016,-47.076199,-0.126087,-7.11434,-1.62332,-1.368,5,16,5.27,5.25,4.291512909928144,306.39033779841185,1747.242907613445,0.9740221702810716,20.139921659232247,-62.152239497848406,16.9125680197842,7.003926959298716,12.14014006278444,116.482860507563,0.0,0.0099577099119216
1,0,0,0,0,0,-446.48407,32.918308,-64.100143,-67.852097,-0.181732,-14.1273,-2.26173,-0.864,5,13,5.32,5.19,-57.01135921991937,258.7818855971662,1704.1830674612938,0.8804192784171216,21.052882987805702,-61.34858613695694,29.600214249401443,3.191262960402272,5.531522464697272,113.61220449741958,0.0,0.0009494107344909
1,0,0,0,0,0,-570.934631,419.188751,-65.174278,-46.978699,-0.125825,-7.08142,-1.61995,-1.484,5,16,5.68,5.65,33.65010800793567,294.27372132482014,1670.2674285401945,1.135747905455081,17.374907554458964,-48.89689688287566,21.57543901990749,6.703758661043056,11.619848345807965,111.35116190267964,0.0,0.0047658785746006
1,0,0,0,0,0,-583.929077,173.159775,-61.396889,-52.524502,-0.140679,-8.95343,-1.81119,-1.382,5,20,5.67,5.71,42.01631034571159,313.3577167544754,1582.668511308645,1.0813190801414292,18.08942709391759,-53.641808635712,14.001493859486237,6.235074826924571,10.807463033335925,105.511234087243,0.0,0.005899028598483
1,0,0,0,0,0,-538.478333,48.468075,-56.910507,-49.3465,-0.132167,-7.88067,-1.7016,-1.4,5,17,5.66,5.6,13.697462455383857,291.82318072661155,1351.1468435270694,1.0996018608177942,18.54171455141518,-53.59594924822532,29.432763080888726,6.282469821385991,10.889614357069052,90.07645623513795,0.0,0.0010917910822082
1,0,0,0,0,0,-476.508118,311.980957,-26.910105,-64.474899,-0.172687,-12.9873,-2.22327,-0.996,5,18,5.67,5.73,-13.982340258135707,297.1352009245159,2091.97539783576,0.8836782133166593,20.74116941217677,-63.982833872808406,30.553397824012283,4.049638971203543,7.019374216752809,139.465026522384,0.0,0.0072973846013351
1,0,0,0,0,0,-588.062134,1007.504333,-72.863365,-56.238998,-0.150628,-10.2073,-1.87463,-1.582,5,18,5.29,5.38,-19.962735030554427,289.76715828566006,2243.4012818178644,1.1451799648627217,20.648659554414294,-62.78054372921149,20.905634345856637,6.972330296324436,12.085372513629022,149.56008545452428,0.0,0.0118086827496501
1,0,0,0,0,0,-456.364044,3259.117432,-95.552292,-60.042,-0.160814,-11.491,-2.14436,0.328,5,11,4.98,4.78,15.298415367622,305.9664194469944,1581.187824004743,0.9156970741145016,19.377866938624827,-58.63547310024248,18.47115197286409,1.495575380782583,2.5923306600231437,105.4125216003162,0.0,0.0018501574453779
1,0,0,0,0,0,-563.160522,580.280334,-64.621368,-44.096699,-0.118107,-6.10861,-1.52058,-1.916,5,20,5.66,5.52,2.0676050358382554,273.471363209219,2113.019172878892,1.0493126469196865,18.093583878225385,-49.999738633979646,27.03692328524527,7.093450837725841,12.29531478539146,140.86794485859275,0.0,0.0033006975954852
1,0,0,0,0,0,-494.09436,34.708321,-82.343025,-54.946602,-0.147166,-9.77101,-1.96238,-0.832,5,14,5.21,5.08,3.721578592541732,302.82381892721685,1621.5382416312927,0.8585497247461404,19.94014935564501,-60.87201946109301,21.91034135693292,4.149695070622096,7.1928047890783,108.1025494420862,0.0,0.0011250512488455
1,0,0,0,0,0,-586.714661,178.206375,-54.797462,-44.669498,-0.119641,-6.30195,-1.54033,-1.6,5,19,5.51,5.55,-12.295212328632829,285.314725035414,1235.8497135780694,0.9573190371762312,19.840662490936456,-58.65631243258879,29.265311912376013,7.409417467468642,12.842990276945644,82.38998090520462,0.0,0.003525433042962
1,0,0,0,0,0,-593.633789,16.434595,-65.817039,-56.668201,-0.151778,-10.3522,-1.95408,-1.662,5,18,5.54,5.53,22.9719016875228,285.8998036484664,1666.928729113936,1.105734215430313,17.52852679739624,-48.7896386116698,18.690126577842253,6.271937600394565,10.871358507350578,111.12858194092908,0.0,0.0011138689011647
1,0,0,0,0,0,-645.923401,55.800884,-74.50808,-51.059299,-0.136755,-8.45886,-1.70198,-1.486,5,17,5.35,5.48,47.68292736699647,297.96467479705177,1816.7261577904285,1.0847552094970092,16.685449828670354,-46.39379327116269,10.124355265461068,7.00919306979443,12.149267987643675,121.11507718602856,0.0,0.0035801381828775
1,0,0,0,0,0,-507.608246,220.29184,-25.303432,-61.8354,-0.165617,-12.0964,-2.13226,-1.03,5,19,5.69,5.71,-16.980703572855248,296.33906038248296,2356.198431799441,0.8906426862971998,20.88798426368921,-64.58468611006955,25.967811978587168,4.570983910279162,7.923038777817214,157.07989545329607,0.0,0.0048097397614118
1,0,0,0,0,0,-516.026611,-35.168594,79.894638,-61.446899,-0.164576,-11.9652,-2.11886,-1.374,5,20,5.69,5.62,-60.14443663332753,259.54606940641617,2704.08730239372,0.907701835274624,21.31270040264958,-62.609554643745646,25.169198713372683,6.793282539470184,11.775023068414985,180.272486826248,0.0,0.0006036115831655
1,0,0,0,0,0,-510.167328,-17.872906,42.761993,-64.366402,-0.172396,-12.9507,-2.21953,-1.198,5,19,5.63,5.57,-57.83532915978583,264.55698343519833,2631.2564260283693,0.9190132276606396,21.49282083966561,-63.97939984306997,25.645790500678103,6.877540307401596,11.921069866162766,175.41709506855796,0.0,0.0006130802546458
1,0,0,0,0,0,-454.045074,60.333759,2.6875,-65.204498,-0.174641,-13.2336,-2.32873,-1.044,5,18,5.74,5.59,-32.98210290241644,268.54361043197906,2407.240044682396,0.8040411176565897,20.101714222293037,-58.11749988804453,18.458271113747724,5.50308546802042,9.53868147790206,160.48266964549302,0.0,0.0005293222211767
1,0,0,0,0,0,-445.045593,298.625702,-21.508286,-62.626301,-0.167735,-12.3633,-2.15953,-1.034,5,19,5.82,5.89,-24.2185825059496,295.428539319189,1903.4420334454471,0.9180080405821244,21.309808121675907,-66.47437131488797,19.681952729802177,4.6447094572191485,8.050829725846523,126.8961355630298,0.0,0.0039333990398356
1,0,0,0,0,0,-548.050354,575.575378,-25.359518,-77.692703,-0.208088,-17.448999,-2.67906,-1.202,5,19,6.04,5.82,-6.824647896403519,288.7722468657169,1787.1561141797592,1.0003893379438065,19.70645965080803,-58.40392574436869,27.436229917852515,7.277764705075809,12.614792155464734,119.14374094531728,0.0,0.0010294903222188
1,0,0,0,0,0,-544.010681,223.984238,-28.053726,-65.540604,-0.175541,-13.3471,-2.26002,-1.028,5,19,5.99,6.04,21.02290799854518,310.1935823132226,2022.917140716695,0.9397701543764012,19.278044954311827,-58.600319784634046,23.159784691220104,5.524149910003272,9.575193177339004,134.86114271444634,0.0,0.0025982076723714
1,0,0,0,0,0,-507.608246,220.29184,-25.303432,-61.8354,-0.165617,-12.0964,-2.13226,-1.03,5,19,5.69,5.71,-16.980703572855248,296.33906038248296,2356.198431799441,0.8906426862971998,20.88798426368921,-64.58468611006955,25.967811978587168,4.570983910279162,7.923038777817214,157.07989545329607,0.0,0.0048097397614118
1,0,0,0,0,0,-576.571228,228.529724,-81.260406,-59.244202,-0.158677,-11.2217,-2.0429,-1.56,5,17,5.32,5.45,-25.047747135640464,285.2047447104362,1673.3825526896771,1.1363009425878103,20.683499456405112,-62.462700158049216,26.48304634324167,7.140845832187262,12.377466109124589,111.55883684597848,0.0,0.0020356478124649
1,0,0,0,0,0,-611.192078,11.686881,-88.529678,-70.615303,-0.189133,-15.06,-2.35384,-1.648,5,18,5.48,5.62,-5.983643788858558,283.5522128940232,1946.1166515880277,1.0686814397509388,19.30239044552545,-56.10203580421784,13.988613000369874,7.077652506238701,12.267931010813747,129.74111010586847,0.0,0.0117899911116832
1,0,0,0,0,0,-607.364685,1.011835,-81.863495,-63.224998,-0.169339,-12.5654,-2.1075,-1.742,5,17,5.51,5.6,-12.83641041443792,281.6363575994784,2002.0613284022645,1.0622547361905852,19.63151786759442,-57.35942531432925,28.981933011816032,6.882806417897309,11.930197791022003,133.47075522681763,0.0,0.0118482464750658
1,0,0,0,0,0,-584.226379,20.908878,-60.993099,-60.124802,-0.161035,-11.5189,-2.14731,-1.346,5,20,5.86,5.71,15.449883398024724,290.84063410404514,2312.8408694996856,1.183804697181904,18.35938338040136,-52.7227658923759,14.748583688235271,7.135579721691548,12.368338184265353,154.18939129997904,0.0,0.0017454741877306
1,0,0,0,0,0,-617.339294,141.845474,-67.134987,-56.655201,-0.151743,-10.3478,-1.95363,-1.568,5,17,5.4,5.62,43.28512783875817,303.77976771526687,1664.1049766759452,1.154722440728711,17.36630932510058,-49.69858720558445,23.507567887361898,6.198212053454578,10.743567559321267,110.94033177839634,0.0,0.0007282377893788
1,0,0,0,0,0,-629.894043,63.990166,-73.330711,-49.819099,-0.133433,-8.04022,-1.7179,-1.318,5,19,5.75,5.64,27.777208801610414,297.3196896010824,2349.8937962700847,1.258371881015754,17.969498719964797,-51.66061770343477,20.01685506682761,5.065998296876215,8.781063714585438,156.65958641800566,0.0,0.003076062331758
1,0,0,0,0,0,-586.020874,18.407976,-69.368317,-65.787498,-0.176202,-13.4304,-2.12218,-1.712,5,17,5.58,5.6,31.620289104582184,308.95552932100503,1716.0982824036892,1.0747543646744164,18.48901601442819,-54.975984162030336,26.59897407528894,7.093450837725841,12.29531478539146,114.40655216024594,0.0,0.0112921640451608
1,0,0,0,0,0,-610.494324,714.470703,-76.915367,-68.827797,-0.184345,-14.4567,-2.37337,-1.81,5,19,5.61,5.72,-18.30847976296036,301.17126252870173,2156.8082660556565,1.172460010628706,21.298649486110808,-67.04180314996515,24.74413036253271,7.219837489622962,12.514384982013134,143.78721773704376,0.0,0.0049887954499117
1,0,0,0,0,0,-589.29126,26.383823,-75.731094,-67.907402,-0.18188,-14.146,-2.26358,-1.752,5,16,5.53,5.53,17.51127555336791,301.1626096287482,1850.08099724276,1.095121933964052,18.910088938358687,-56.086384851280826,21.356464414929327,7.024991401281569,12.176651762221386,123.33873314951732,0.0,0.0118268492264906
1,0,0,0,0,0,-602.131714,17.760099,-57.857468,-59.337299,-0.158926,-11.2531,-2.04611,-1.398,5,20,5.85,5.67,-43.6846683653036,272.37883626167485,2175.189145795,1.1663444872955844,21.07090030846523,-62.88298717811403,25.723075655376277,6.85120975492303,11.875430241866583,145.01260971966664,0.0,0.0002247409815841
1,0,0,0,0,0,-631.434387,286.15036,-77.056084,-45.844898,-0.122789,-6.6987,-1.58086,-1.412,5,18,5.58,5.6,25.902732559599144,309.88982127706913,1817.709641245956,0.9368471382385684,18.932472581164667,-57.02298320125514,24.074325688481853,5.239779943234753,9.08228523494024,121.1806427497304,0.0,0.0008789639124272
1,0,0,0,0,0,-598.686462,117.630379,-68.766899,-61.508301,-0.164741,-11.986,-2.12098,-1.68,5,17,5.71,5.68,-29.68567004565216,267.23854662932587,2195.661256166082,1.1580051453225029,19.794947778331867,-56.63761219462218,6.556357290228605,6.951265854341584,12.048860814192077,146.37741707773878,0.0,0.0009528744199405
1,0,0,0,0,0,-599.075256,265.084534,-80.671654,-64.221802,-0.172009,-12.9019,-2.21454,-2.058,5,18,5.67,5.67,-30.086944593682745,286.9082843887912,2410.7452324364644,1.0252628392227037,21.133015265498265,-64.72546516714463,23.58485304206007,7.035523622272995,12.19490761193986,160.71634882909763,0.0,0.009575406929572
1,0,0,0,0,0,-581.610229,3.076955,-82.644882,-66.188797,-0.177277,-13.5659,-2.28237,-1.594,5,18,5.55,5.46,-65.04329290368003,253.97190567128268,2190.2767334336777,1.2084813148766205,21.267679904997514,-61.80322249079358,23.18554640945283,7.425215798955782,12.870374051523356,146.0184488955785,0.0,0.0014367931064986
1,0,0,0,0,0,-578.958862,-15.470974,-59.798912,-71.857101,-0.192459,-15.4792,-2.47783,-1.43,5,20,5.83,5.59,-94.74542951627228,247.00457587942344,2297.3875897230355,1.0612138457842275,22.78333369304638,-68.02957030989874,28.350770915114264,6.661629777077351,11.546824946934072,153.15917264820237,0.0,0.0002325990285946
1,0,0,0,0,0,-615.157349,76.05146,-75.494881,-38.0858,-0.102007,-4.07961,-1.36021,-1.554,5,19,5.68,5.51,-31.715215104387767,267.2738956922043,2529.0938625412955,1.077626720286567,19.93260738643947,-57.24380060164163,23.52044874647826,6.59843645112879,11.437289848623235,168.60625750275304,0.0,0.0051301188283915
1,0,0,0,0,0,-689.258728,327.062164,-83.030098,-48.501099,-0.129903,-7.59532,-1.67245,-1.644,5,16,5.43,5.48,24.25589199147379,292.0667156125201,1993.956751820961,1.150413374646394,17.854054908069756,-50.696277166002055,27.513515072550693,5.550480462481839,9.620832801635189,132.9304501213974,0.0,0.0037423281040581
1,0,0,0,0,0,-589.828796,257.277344,-65.104919,-45.474499,-0.121797,-6.57368,-1.56809,-1.516,5,18,5.58,5.53,-3.458104426123612,275.3740424970164,2061.8354458600984,1.130362675824317,18.588809794876,-52.24793285687909,9.132529113501144,6.867008086410168,11.902814016444292,137.45569639067324,0.0,0.0116930178434484
1,0,0,0,0,0,-608.438965,4.043215,-73.191193,-61.666901,-0.165166,-12.0395,-2.12645,-1.462,5,17,5.61,5.55,-28.730415456166558,279.2841208277308,1992.173788049112,1.1814193640549977,20.534302418926487,-61.16248452902408,22.56726517186742,7.456812461930061,12.925141600678774,132.8115858699408,0.0,0.0014774180067907
1,0,0,0,0,0,-605.142395,6.373171,-72.185043,-53.4487,-0.143154,-9.26539,-1.84306,-1.566,5,20,5.66,5.64,53.71072282368914,314.51069109118373,1965.3602834935627,1.0483922322056878,17.386664551166305,-50.72999893190756,22.773358917729222,7.056588064255848,12.231419311376804,131.02401889957085,0.0,0.001703330831659
1,0,0,0,0,0,-579.278625,-10.068523,-65.151634,-58.426601,-0.156487,-10.9457,-2.01471,-1.482,5,16,5.47,5.49,3.4745545230552466,283.5195678623803,2018.4274865401892,1.1710051381263151,18.669667555955005,-53.361303859993725,24.79565379899816,6.166615390480298,10.688800010165853,134.56183243601262,0.0,0.0028612130254233
1,0,0,0,0,0,-580.675964,7.211765,-63.402451,-59.043098,-0.158138,-11.1538,-2.10868,-1.356,5,20,5.55,5.5,-60.364927273405215,267.4949871188584,2071.203958486669,1.1791770874921244,21.857327626150905,-65.99623387124808,17.943036749093217,6.977596406820149,12.09450043848826,138.08026389911126,0.0,0.0002578780653069
1,0,0,0,0,0,-581.573975,171.663284,-70.406548,-33.299099,-0.089187,-2.46382,-1.18925,-1.518,5,19,5.72,5.65,14.163303615434302,294.0953781737889,1832.216322613057,1.107819511795154,18.662138303890305,-54.33006490525869,20.119901939758503,6.44045313625739,11.163452102846144,122.14775484087046,0.0,0.0007978078258996
1,0,0,0,0,0,-657.376953,137.334183,-75.209557,-36.212002,-0.096988,-3.44708,-1.24869,-1.424,5,18,5.6,5.61,28.829919380854165,309.6452047786664,1751.4051782972556,0.954415054774646,18.72101902652081,-56.061728609250686,24.898700671929067,7.288296926067234,12.633048005183207,116.76034521981704,0.0,0.0008826001999492
1,0,0,0,0,0,-436.26236,-11.917585,-78.91008,-76.512299,-0.204927,-17.0506,-2.55041,-0.688,5,13,5.24,5.32,-19.394505727772355,286.31135720250705,1821.265186776824,0.948296012138934,20.380390862018626,-61.19176857361412,30.849657583688625,2.369749723070994,4.107566186656389,121.41767911845491,0.0,0.0007573078092981
1,0,0,0,0,0,-460.303009,41.359138,-78.70903,-70.873398,-0.189824,-15.1472,-2.36245,-0.782,5,15,5.5,5.36,-45.20711858017626,267.5917176907822,1938.499746325924,0.9861108628498536,20.85325575139723,-61.38190496030336,31.017108752201334,2.6699180213266533,4.627857903632866,129.2333164217283,0.0,0.0007420919211226
1,0,0,0,0,0,-605.941956,27.472769,-57.926476,-47.1576,-0.126305,-7.14183,-1.62613,-1.575999,5,19,5.57,5.57,38.03622661287858,293.6676741786417,1960.9115316457264,1.1030844089624317,17.042096504384208,-47.47643301250786,13.576425508646263,7.077652506238701,12.267931010813747,130.72743544304842,0.0,0.000262461154394
1,0,0,0,0,0,-577.964905,512.061768,-67.571091,-57.722401,-0.154601,-10.708,-1.99043,-1.228,5,19,5.46,5.49,-77.23137593954146,273.39410166219056,2065.209034174033,1.1200720031931382,23.37503184011547,-73.97697775812891,27.552157649899776,7.541070229861475,13.071188398426557,137.68060227826888,0.0,0.0005975135927638
0,1,0,0,0,0,-204.41423,186.678238,3.766525,-31.380501,-0.085875,-4.51664,-1.08209,-0.998,5,16,5.61,5.5,181.55041083757413,369.6248948674778,2188.551136547744,0.956595769426552,18.807448402990367,-30.07296658774925,3.500574595684346,1.8273667405183,4.751153525347579,218.8551136547744,0.0,0.0022807997117478
0,1,0,0,0,0,-183.468597,118.277504,-12.234805,-75.132401,-0.205606,-19.2852,-2.59077,-0.29,5,17,5.61,5.5,277.13216869974315,452.341284107245,1807.9661475206149,0.9350178729805302,17.520911540750184,-31.52474187696724,3.712730631786428,8.711282543840664,22.64933461398572,180.7966147520615,0.0,0.0004634322762927
0,1,0,0,0,0,-190.784958,328.000946,7.438415,-54.878399,-0.150179,-12.4484,-1.77027,-0.576,5,17,5.34,5.41,305.9824612352095,445.3934970865878,1064.8447812591266,1.049620906210437,13.941103585137828,-23.375134382153185,4.402237749118193,7.167616575822921,18.635803097139597,106.48447812591266,0.0,0.0011310780661608
0,1,0,0,0,0,-192.999817,102.887032,1.172303,-51.389801,-0.140632,-11.2708,-1.71299,-0.346,5,17,5.26,5.28,270.3987511299095,437.1244466579664,933.0583322195116,0.931444577274432,16.67256955280569,-28.8654240981754,4.472956427818887,7.835147805235997,20.371384293613595,93.30583322195116,0.0,0.0010076280899443
0,1,0,0,0,0,-193.815613,1005.244812,-3.524451,-52.7118,-0.14425,-11.7171,-1.95229,-0.856,5,19,5.44,5.58,308.2027884803015,462.5341544315047,1310.030080225255,1.3040821407325875,15.433136595120311,-27.295492075053403,3.907206998213336,11.289621917448674,29.353016985366555,131.0030080225255,0.0,0.0008658460973128
0,1,0,0,0,0,-177.279785,60.257439,-8.025218,-79.909401,-0.218678,-20.897699,-2.85391,-0.458,5,15,5.55,5.45,294.8872040652541,456.4999858190111,1476.7453049736814,1.0963570040668769,16.161278175375703,-28.641097246935573,4.066324025289896,11.506569567007924,29.9170808742206,147.67453049736815,0.5,0.0076322065367764
0,1,0,0,0,0,-177.279785,60.257439,-8.025218,-79.909401,-0.218678,-20.897699,-2.85391,-0.458,5,15,5.55,5.45,294.8872040652541,456.4999858190111,1476.7453049736814,1.0963570040668769,16.161278175375703,-28.641097246935573,4.066324025289896,11.506569567007924,29.9170808742206,147.67453049736815,0.5,0.0076322065367764
0,1,0,0,0,0,-164.120575,33.850296,-8.7033,-79.928497,-0.218731,-20.9042,-2.85459,-0.486,5,14,5.44,5.41,288.3954383923051,467.4494932471636,1361.5882876076284,0.8818684253087509,17.90540548548585,-33.18954549223772,3.500574595684346,5.373626396775275,13.971428631615714,136.15882876076284,0.5,0.0089163507181512
0,1,0,0,0,0,-168.161697,348.230286,-12.020922,-79.352898,-0.217155,-20.7099,-2.73631,-0.45,5,13,5.32,5.2,273.76951043070653,451.98280331172623,1052.8380650579593,1.0993646053827333,17.821329288101968,-32.20045699266662,4.525995436844407,9.128489562223836,23.73407286178197,105.28380650579592,0.5,0.0081017304459575
0,1,0,0,0,0,-165.563232,728.116699,-3.765395,-72.327599,-0.19793,-18.338499,-2.58313,-0.274,5,14,5.48,5.45,283.61043486548067,457.2239041449545,1133.9117131444527,0.8920942503733328,17.361346927947388,-31.401259095634146,4.03096468593955,10.405143038476346,27.053371900038503,113.39117131444527,0.0,0.0035589501903858
0,1,0,0,0,0,-173.303604,-12.071611,-6.587899,-80.0569,-0.219082,-20.9475,-2.85918,-0.486,5,14,5.4,5.31,275.44380969856513,461.0809097171469,1257.900280768321,1.0275066682935343,18.563710001858183,-34.42119649928151,3.642011953085734,5.440379519716582,14.144986751263112,125.7900280768321,0.5,0.0089781975243397
0,1,0,0,0,0,-173.662704,-23.935814,-9.562222,-80.246101,-0.2196,-21.0114,-2.86593,-0.486,5,14,5.26,5.2,279.2911230395256,461.7627434842253,1319.302234546124,0.9829923721811392,18.24716204446998,-33.70431052845505,3.5359339350346928,5.457067800451909,14.188376281174962,131.93022345461242,0.5,0.0103002132472861
0,1,0,0,0,0,-177.758545,147.212479,-6.495008,-81.681099,-0.223527,-21.4958,-2.91718,-0.458,5,15,5.56,5.45,300.9229724809551,460.8072863382181,1503.4950493017914,1.0973997555986112,15.988431385726305,-28.4529930336182,4.066324025289896,11.389751601860636,29.61335416483765,150.34950493017914,0.5,0.0070688801990989
0,1,0,0,0,0,-158.990936,81.230797,-12.347019,-73.746002,-0.201812,-18.8172,-2.4582,-0.456,5,15,5.62,5.52,264.9890733690095,438.9278634173194,924.273943957196,0.9246036448489784,17.393879004830985,-30.563892839769096,4.172402043340938,9.704235247592615,25.2310116437408,92.4273943957196,0.5,0.011683386739194
0,1,0,0,0,0,-193.254318,341.098938,-2.965661,-48.345299,-0.132301,-10.2432,-1.66708,-0.472,5,16,5.32,5.29,268.1714902570876,442.44583263678646,1160.707757722235,0.8541931655796253,17.427434237969884,-30.81540219679253,4.366878409767846,6.550150188615825,17.030390490401143,116.07077577222351,0.0,0.000888740639765
0,1,0,0,0,0,-173.549484,284.00647,-2.32622,-61.091599,-0.167182,-14.5457,-2.03639,-0.328,5,19,5.92,5.78,296.27123418371923,460.1631615158236,1381.956051328786,0.8542767982672221,16.38919273321044,-29.32423717088281,4.331519070417499,8.719626684208325,22.671029378941647,138.1956051328786,0.0,0.0003168667222075
0,1,0,0,0,0,-173.549484,284.00647,-2.32622,-61.091599,-0.167182,-14.5457,-2.03639,-0.328,5,19,5.92,5.78,296.27123418371923,460.1631615158236,1381.956051328786,0.8542767982672221,16.38919273321044,-29.32423717088281,4.331519070417499,8.719626684208325,22.671029378941647,138.1956051328786,0.0,0.0003168667222075
0,1,0,0,0,0,-171.6931,557.381836,-15.12985,-77.897598,-0.213173,-20.218599,-2.59659,-0.45,5,16,5.93,5.83,275.68451272630705,453.6209791804889,964.6039619031808,1.0196959330661313,17.79364664541819,-32.21988999721499,4.508315767169234,7.476349769426469,19.43850940050882,96.46039619031808,0.0,0.0037538135010547
0,1,0,0,0,0,-167.682312,33.413055,-3.119631,-56.272099,-0.153993,-12.9189,-2.00972,-0.19,5,20,5.76,5.8,292.4452942431072,464.9466910998037,1228.2922486174202,1.0746806555014632,17.250139685669655,-31.52707434511663,4.331519070417498,7.96030991075095,20.69680576795247,122.82922486174202,1.0,0.0104122228784234
0,1,0,0,0,0,-188.227936,191.896622,-1.97521,-60.0779,-0.164408,-14.2035,-2.07165,-0.302,5,18,5.72,5.55,236.57991796422627,422.4615422983278,1198.4188208831074,0.963067056997557,18.588162433410155,-32.42136719656523,4.419917418793366,11.539946128478578,30.0038599340443,119.84188208831074,0.0,0.0021481539050503
0,1,0,0,0,0,-190.394241,357.3797,-6.904189,-43.628502,-0.119393,-8.65098,-1.45428,-0.454,5,17,5.4,5.52,241.23166166952453,423.5723337477625,1298.417209703086,1.1267407065940598,18.2340672078238,-31.67670920653993,4.525995436844407,9.045048158547202,23.517125212222723,129.8417209703086,0.0,0.0023184437669253
0,1,0,0,0,0,-197.364182,56.787426,-5.572895,-50.1992,-0.137374,-10.869,-1.67331,-0.4,5,18,5.5,5.55,255.7602705636739,436.9734633866179,1074.3194079621771,0.967758287089048,18.1213192822944,-32.11853076783443,4.437597088468539,7.059142751043296,18.353771152712568,107.43194079621772,0.0,0.0072734940200961
0,1,0,0,0,0,-185.579361,77.230911,-3.828872,-51.280499,-0.140333,-11.234,-1.76829,-0.654,5,16,5.25,5.48,277.09192583197057,450.90389484876806,1341.9696469045948,1.1908741593563663,17.38119690167975,-31.13210208184055,4.437597088468539,7.926933349280295,20.610026708128768,134.19696469045948,0.5,0.0063033939657587
0,1,0,0,0,0,-179.559158,641.645569,2.444872,-43.781399,-0.119811,-8.70259,-1.62153,-0.852,5,19,5.64,5.67,313.49596207213665,466.9769514977117,1530.8630825979844,0.8892981623248651,15.3480989425575,-27.30317604935251,3.871847658862989,8.160569279574874,21.21748012689467,153.08630825979844,0.0,0.0062743072575314
0,1,0,0,0,0,-187.623245,67.840309,-7.682483,-53.974098,-0.147704,-12.1432,-1.86118,-0.958,5,17,5.57,5.59,233.57290076626916,423.2812324942116,1054.6655457798445,0.990231191362215,18.97083317279425,-33.341544789894776,3.871847658862989,10.505272722888307,27.3137090795096,105.46655457798444,0.0,0.0006447286720138
0,1,0,0,0,0,-160.300461,235.652023,-58.993706,-53.162498,-0.145483,-11.8692,-1.83319,-0.524,5,11,5.04,4.88,322.7712525824728,473.3279342425955,918.0922157541254,0.9691452641097004,15.055668166012271,-26.93087987449538,4.048644355614724,8.569432157590382,22.280523609734992,91.80922157541254,0.0,0.0027198719770666
0,1,0,0,0,0,-176.292557,87.375061,1.712295,-65.117599,-0.178199,-15.9047,-2.17059,-0.224,5,16,5.57,5.41,272.64282345656466,435.19315380327726,1118.1155871490082,0.99567749215848,16.255033034671264,-27.8579361741103,4.455276758143713,11.506569567007924,29.9170808742206,111.81155871490084,0.5,0.0073655604881257
0,1,0,0,0,0,-195.348312,336.214417,-2.415152,-59.7477,-0.163504,-14.0921,-2.06027,-0.954,5,16,5.62,5.59,279.4681950500551,443.3606801500571,815.7817833589279,0.8589376560591208,16.3892485100002,-28.534814893032056,3.7127306317864273,4.998140080230419,12.995164208599087,81.57817833589279,0.0,0.0010405526467781
0,1,0,0,0,0,-154.123016,2761.561035,-47.399715,-54.163101,-0.148221,-12.207,-1.9344,-0.406,5,14,5.1,4.96,287.46842249265364,465.94531441717015,1039.1552834930771,1.0710128111763768,17.847689192451654,-32.976056895479566,4.207761382691285,11.389751601860636,29.61335416483765,103.91552834930772,0.0,0.0073477532890125
0,1,0,0,0,0,-175.116379,119.035629,-13.001678,-63.143902,-0.172798,-15.2385,-2.1048,-0.132,5,19,5.69,5.54,251.03191009988632,438.7121800531363,1819.109098370758,0.8374146361647367,18.768026995325,-33.70632203890576,4.419917418793366,5.623950607805178,14.622271580293464,181.91090983707585,0.0,0.002021533364632
0,1,0,0,0,0,-167.288422,237.391922,-39.923759,-42.643299,-0.116697,-8.31843,-1.47046,-0.67,5,14,5.23,5.17,324.69767818093806,480.0282778231038,841.674008509739,0.949255393523144,15.533059964216577,-28.29582449777332,4.525995436844407,10.28832507332906,26.749645190655556,84.1674008509739,0.5,0.0087496460048255
0,1,0,0,0,0,-177.739899,66.320602,-7.59873,-67.874397,-0.185743,-16.8353,-2.26248,-0.654,5,16,5.28,5.39,240.4786332182261,442.5547067671679,2253.9357631591247,0.9487008050805358,20.207607354894183,-37.3484140928632,4.596714115545101,11.506569567007924,29.9170808742206,225.39357631591247,0.0,0.0063919229007702
0,1,0,0,0,0,-176.815735,89.923782,-12.254476,-65.614998,-0.179561,-16.072599,-2.26259,-0.12,5,15,5.32,5.27,236.86563549158743,442.256452121894,999.7130731430624,0.9264679070749876,20.53908166303066,-38.13869177877476,4.419917418793366,11.52325784774325,29.96047040413245,99.97130731430624,0.0,0.0060145142318941
1,0,0,0,0,0,-567.265381,-45.686626,-130.026367,-121.971001,-0.32138,-30.085699,-3.8116,-0.293333,6,22,6.44,6.41,284.70488241266514,484.433734676159,3006.328064443028,0.891322547990253,11.09604734797188,-27.950940958928378,14.859579498833442,12.045651805347296,16.730071951871242,167.01822580239045,0.0,0.0028163865353687
1,0,0,0,0,0,-616.389832,15.584457,-161.099411,-124.945,-0.329215,-31.1028,-3.78622,-0.201667,6,22,6.6,6.59,303.01273213634755,486.00327731574464,2673.6854057941573,0.8735031388223019,10.166141398855396,-25.040734508156728,13.286764607171769,11.27570265715016,15.66069813493078,148.5380780996754,0.0,0.0024111163726638
1,0,0,0,0,0,-593.034241,2.839401,-157.676987,-119.193001,-0.314058,-29.1355,-3.72477,-0.306667,6,23,6.47,6.49,278.50480796371835,481.4437398464713,2932.240010422384,0.8941610289819095,11.274385104597386,-28.40930963845077,14.820454750284648,10.30313531205904,14.309910155637558,162.90222280124354,0.0,0.0027332097038964
1,0,0,0,0,0,-612.837891,13.764243,-168.701599,-67.681198,-0.178332,-11.5188,-2.25604,-0.253333,6,23,6.23,6.1,292.86908353848844,478.346419558837,1847.927999440351,0.901134986232651,10.304296445574918,-25.184883411960374,12.86421732284475,11.458059034354749,15.91397088104826,102.66266663557504,0.0,0.0008598696865471
1,0,0,0,0,0,-624.810974,36.641056,-167.058273,-113.764999,-0.299757,-27.2792,-3.44742,-0.121667,6,21,6.54,6.57,299.8715266508666,485.1095212461108,2693.2352805834494,0.9035136540677056,10.290999699735789,-25.399570922755924,12.30864589345182,13.342408265468787,18.531122590928877,149.62418225463608,0.0,0.0023004249523122
1,0,0,0,0,0,-570.118347,63.221863,-151.383484,-107.718002,-0.283824,-25.2113,-3.36619,-0.258333,6,24,6.55,6.5,308.8822586782592,498.5264080124383,2501.486123729894,1.1574852971178702,10.53578607412106,-26.69511781751876,11.870448709705284,13.727382839567356,19.065809499399105,138.97145131832747,0.0,0.003057270752594
1,0,0,0,0,0,-561.298096,100.365273,-116.489075,-46.7113,-0.123079,-4.34722,-1.4155,-0.296667,6,23,6.31,6.29,331.97721738581447,496.54221447394207,1462.2368319273137,1.130241195581008,9.14249983822931,-22.25387612219186,16.518468837302475,10.728633525536404,14.900879896578338,81.23537955151743,0.0,0.0016805424331163
1,0,0,0,0,0,-617.98645,74.556206,-180.112717,-66.8508,-0.176144,-11.2348,-2.15648,-0.388333,6,25,6.32,6.19,322.38660758071944,500.3712456138984,2694.896623165822,1.1931751819508103,9.888035446287718,-24.696557537568022,17.473112701893143,13.362670085158186,18.559264007164145,149.7164790647679,0.0,0.0009713579391809
1,0,0,0,0,0,-657.85437,51.564575,-193.851776,-72.376701,-0.190704,-13.1247,-2.26177,-0.366667,6,22,6.28,6.28,302.8064032453132,484.7153472382836,2079.4702802179368,0.9489078727531304,10.10605244405391,-24.80455801170176,16.557593585851272,13.504502822983977,18.75625392081108,115.52612667877426,0.0,0.0010311932221802
1,0,0,0,0,0,-624.810974,36.641056,-167.058273,-113.764999,-0.299757,-27.2792,-3.44742,-0.121667,6,21,6.54,6.57,299.8715266508666,485.1095212461108,2693.2352805834494,0.9035136540677056,10.290999699735789,-25.399570922755924,12.30864589345182,13.342408265468787,18.531122590928877,149.62418225463608,0.0,0.0023004249523122
1,0,0,0,0,0,-550.714783,9.776731,-120.765244,-94.457703,-0.248885,-20.676201,-3.04702,-0.086667,6,22,6.59,6.49,342.2992017600743,501.0168699445235,1089.0613736512887,0.9921021494565524,8.817648232469399,-21.418586185549103,8.364871239732992,13.43358645407108,18.65775896398761,60.503409647293815,0.0,0.0007974339932476
1,0,0,0,0,0,-605.800537,87.320168,-155.231323,-89.189301,-0.235003,-18.8745,-2.87707,-0.408333,6,24,6.37,6.38,288.67493492707735,489.9995896607688,2314.788519876889,1.100507552930987,11.184703040760638,-28.46918638776488,15.65772436922892,14.365630159783402,19.95226411081028,128.5993622153827,0.0,0.0036975837145591
1,0,0,0,0,0,-580.354126,115.931488,-160.439255,-49.105,-0.129386,-5.16585,-1.53453,-0.306667,6,24,6.38,6.29,384.5000351972952,538.0058048567543,1665.4482639276623,0.8815271520551701,8.528098314414388,-21.71303149761082,12.332120742581097,13.46397918360518,18.69997108834053,92.5249035515368,0.0,0.0007086908538472
1,0,0,0,0,0,-582.094849,40.481636,-102.021027,-72.998299,-0.192342,-13.3372,-2.35478,0.201667,6,20,6.5,6.4,295.4404788461988,466.840275009809,1873.5081928613629,0.9406674230494174,9.522210897978344,-22.376423535119493,16.729742479465983,13.69699011003326,19.023597375046197,104.08378849229793,0.0,0.0033200211988422
1,0,0,0,0,0,-600.473083,612.478638,-99.664978,-59.788399,-0.157535,-8.81951,-1.92866,-0.355,6,23,6.6,6.44,326.07738701166795,499.4357491348295,2560.6377573477785,1.0662435545652853,9.63102011795342,-23.85740932489056,12.30082094374206,12.46101910897996,17.306970984694388,142.2576531859877,0.0,0.0007590623719535
1,0,0,0,0,0,-586.935974,10813.26758,-78.441589,-50.637901,-0.133425,-5.69007,-1.63348,-0.415,6,25,6.09,6.19,317.17384597812315,489.92901444552274,1824.6333192731345,0.967606703227034,9.597509359299975,-23.417145772285583,15.070853140996952,8.965855212558754,12.45257668410938,101.36851773739636,0.0,0.0009784068596734
1,0,0,0,0,0,-588.220642,839.405029,-87.064079,-64.822601,-0.1708,-10.5412,-2.16075,0.121667,6,20,6.18,6.09,255.9662931617156,451.5381622482041,2006.7177456508296,0.955099389761467,10.865103838138252,-25.886946352944065,17.527887349861462,8.317476982498007,11.552051364580564,111.48431920282388,0.0,0.0008180697991504
1,0,0,0,0,0,-557.350159,110.859932,-114.006302,-91.344299,-0.240681,-19.6115,-3.04481,-0.233333,6,25,6.5,6.38,360.2186333751458,517.2616325769202,1523.5450869041142,0.9777999478488768,8.724611066765242,-21.66062725030044,7.918849106276696,6.909280514084824,9.596222936228925,84.64139371689524,0.0,0.0009396908171478
1,0,0,0,0,0,-562.54071,5427.742676,-120.927307,-87.616096,-0.230858,-18.3365,-2.738,-0.221667,6,20,6.37,6.51,298.9353133576991,508.06200208965817,3212.2795441673816,0.739982776942323,11.618149373997726,-30.678858673761116,15.29777668257998,13.55515737220747,18.826607461399263,178.45997467596564,0.0,0.0032130709496155
1,0,0,0,0,0,-541.947876,47.69136,-77.68512,-93.871597,-0.24734,-20.4758,-2.93349,-0.198333,6,24,6.64,6.39,283.28494865909727,483.53988027811647,1434.3248353931558,0.8975934034831831,11.1252739788344,-28.00949809116367,17.199239462051555,9.11781886022924,12.663637305873944,79.68471307739755,0.0,0.0029297350378126
0,0,0,0,0,0,-469.416382,155.039993,-42.809765,-63.838699,-0.086767,-5.8139,-1.2045,0.312,10,10,5.73,5.48,130.44478194213616,543.9188328698982,5954.576630408705,1.4891466852794892,17.977132649033134,-122.28926620750757,12.369160870457568,6.02710995190324,13.888557715255292,258.8946361047263,0.0,0.0006932556475157
0,0,0,0,0,0,-402.187958,333.011475,-73.638474,-73.817902,-0.10033,-8.47059,-1.41958,0.527,10,13,6.72,6.38,119.99726488433714,559.1274598970617,9270.679725741078,1.680096978299635,19.092617174466287,-135.42094333283313,17.59457231335306,4.836521522285048,11.145027855700327,403.07303155396,0.3333333333333333,0.0072148392364891
0,0,0,0,0,0,-379.133514,3082.846924,-50.408627,-57.9771,-0.0788,-4.25342,-1.09391,0.293,10,13,6.51,6.27,143.45677026693556,586.2692717516427,8876.943901020639,1.6592864517079629,19.252717455856832,-140.77309030134325,28.151315701364894,5.960749285334357,13.735639657509603,385.9540826530712,0.0,0.0061393569761511
0,0,0,0,0,0,-467.802948,890.724609,-24.18483,-68.7528,-0.093446,-7.12215,-1.34809,0.254,10,11,5.85,5.68,117.80299663408243,551.281639520998,5681.039843833616,1.4098761087686094,18.84689751682242,-131.87064007336838,12.310316147001538,5.980267128442852,13.78061555684657,247.001732340592,0.0,0.0007439514736205
0,0,0,0,0,0,-383.224762,7355.5625,-34.001457,-68.127098,-0.092596,-6.95558,-1.31014,0.357,10,14,6.33,6.26,131.47078406740405,543.7532478298781,5041.4199000941335,1.3505876555117546,17.925324511411915,-121.7639877585194,16.26468156324677,5.593813834894651,12.890092749974633,219.19216956931012,0.0,0.0046824781069206
0,0,0,0,0,0,-485.331451,436.258789,-27.265833,-61.525299,-0.083623,-5.19804,-1.30905,0.276667,9,9,5.79,5.42,163.65119628076627,583.0794244315507,7292.919712004936,1.169050789965906,18.23600991959932,-129.895838342156,15.028942370670135,5.999784971551347,13.825591456183538,317.08346573934506,0.0,0.0010601433270261
0,0,0,0,0,0,-375.277985,85.181831,-56.799728,-62.3167,-0.084698,-5.40873,-1.13303,0.408,10,13,6.66,6.46,142.22816343910802,578.9686824010614,9581.309231922907,1.7049148803478045,18.988718215737105,-137.03855088130769,19.818902859991,5.945135010847562,13.699658938040033,416.5786622575178,0.3333333333333333,0.0077431176122098
0,0,0,0,0,0,-404.849579,267.134827,-32.163364,-78.136299,-0.1062,-9.62023,-1.56273,0.373,10,13,6.39,6.0,106.98542921439208,571.0744844479843,6142.431489612562,1.1539810035987204,20.177785010156185,-148.40897934874033,17.370962364220144,5.105867757182277,11.765695266550464,267.06223867880703,0.3333333333333333,0.0088008516991584
0,0,0,0,0,0,-390.760529,-39.817947,-39.336437,-112.764999,-0.153266,-18.8391,-2.08824,0.524,10,15,6.85,6.66,116.11443778041382,589.6984012539729,7325.336773855546,1.416215860254509,20.590607107546045,-155.55912214366094,26.068212491021423,5.703113756302224,13.141957786261646,318.4929032111108,0.3333333333333333,0.0052692683683466
0,0,0,0,0,0,-419.186676,387.751556,-58.661747,-57.4212,-0.078045,-4.10545,-1.24829,0.345556,9,12,5.72,5.46,55.040545473797465,491.4935423362717,7039.963867290918,1.195040148892214,18.976217254890184,-125.11527107831536,4.401585314511066,5.566488854542759,12.82712649090288,306.08538553438774,0.0,0.0040331153411607
0,0,0,0,0,0,-460.680573,51.828239,-61.926739,-40.309101,-0.054786,0.450165,-0.876284,0.175,10,13,5.94,5.61,132.62469473638288,546.3345406293734,5672.749704309426,1.3566787725562195,17.987384604043065,-122.6978786944336,22.561066973042013,5.960749285334357,13.735639657509603,246.64129149171416,0.3333333333333333,0.0062398168459626
0,0,0,0,0,0,-416.289368,455.329102,-28.592703,-69.410599,-0.09434,-7.29726,-1.30963,0.49,10,13,6.15,5.83,112.98757963884748,539.5384005968224,8013.959778163336,1.838068537621132,18.54568786773804,-127.30278473331175,22.925904258469405,6.003688540173046,13.834586636050933,348.4330338331885,0.0,0.0033283692532574
0,0,0,0,0,0,-403.339233,45.707699,-50.523121,-103.107002,-0.140139,-16.2679,-1.84119,0.499,10,15,7.42,7.03,114.0984846575941,595.2569553542471,7306.990096301384,1.605956171870669,20.91993350855013,-159.99924516972277,27.374565351745293,6.011495677416443,13.852576995785716,317.6952215783211,0.6666666666666666,0.007469791042042
0,0,0,0,0,0,-403.339233,45.707699,-50.523121,-103.107002,-0.140139,-16.2679,-1.84119,0.499,10,15,7.42,7.03,114.0984846575941,595.2569553542471,7306.990096301384,1.605956171870669,20.91993350855013,-159.99924516972277,27.374565351745293,6.011495677416443,13.852576995785716,317.6952215783211,0.6666666666666666,0.007469791042042
0,0,0,0,0,0,-412.98233,32442.95898,-43.518833,-110.408997,-0.150063,-18.2118,-2.00743,0.435,10,13,7.15,6.79,92.29381050124287,542.2185134469236,6827.875241152666,1.351722297114854,19.561943606333944,-137.89994432758715,21.98438868317292,4.473489640467042,10.30847612803275,296.8641409196811,0.3333333333333333,0.0028076046764762
0,0,0,0,0,0,-396.796387,2.131444,-47.241322,-115.183998,-0.156554,-19.4832,-2.09426,0.471,10,14,7.21,6.93,114.88212470904637,587.0039570383237,7359.244633848248,1.3193011463488984,20.52703618822945,-154.47261977057877,25.09139008165132,5.933424304982464,13.672673398437851,319.96715799340205,0.3333333333333333,0.0047448376229148
0,0,0,0,0,0,-437.000061,102.435226,-27.683689,-68.460098,-0.093048,-7.04423,-1.31654,0.455555,9,12,6.12,6.05,119.17439622264658,536.4029043045634,5247.615263655407,1.340840235839276,18.14036991660508,-122.9148648723806,1.988951652813824,6.0193028146598415,13.870567355520503,228.15718537632205,0.3333333333333333,0.004796109916229
0,0,0,0,0,0,-383.109528,96.915993,-71.463936,-70.3349,-0.095596,-7.54333,-1.3025,0.451,10,13,6.61,6.4,124.70584634292128,565.2125380430889,7484.48206150109,1.3034892759914445,19.152464856529026,-136.86082359654614,19.08922828913623,4.94191787507092,11.387897712119946,325.4122635435257,0.3333333333333333,0.0059902556224298
0,0,0,0,0,0,-488.313293,75.570206,-32.129551,-42.806599,-0.058181,-0.214723,-0.972876,0.085556,9,11,5.57,5.27,94.0271461456026,503.0210733141621,5639.7953554207215,1.5080150521646825,17.782344659502588,-115.23083952551218,21.454786172068644,2.997940701464824,6.908298138158073,245.2084937139444,0.0,0.0024808552755609
0,0,0,0,0,0,-333.32666,370.504272,-63.787437,-68.677002,-0.093343,-7.10195,-1.46121,0.546667,9,13,6.44,6.2,132.31490887281564,550.7707251101043,6030.69931318485,1.345679971939434,18.19373114075168,-125.29241835217204,1.600576478004024,5.464996070378586,12.593251814350651,262.2043179645587,0.0,0.0043670621160531
0,0,0,0,0,0,-377.132202,105.140175,-59.54245,-93.825798,-0.127524,-13.7971,-1.7703,0.665,10,13,6.88,6.59,73.66764492455042,541.6146295257337,6790.656991951011,1.3207384308722572,20.345521069616662,-145.9416887497162,16.770746184968633,5.051217796478492,11.63976274840696,295.2459561717831,0.0,0.0039886749448737
0,0,0,0,0,0,-473.597717,97.180923,-34.336166,-63.266602,-0.085989,-5.66159,-1.24052,-0.13,10,11,5.53,5.21,84.33972636839377,519.3204327954136,5980.859413066644,1.4813318438473693,18.91220462726173,-128.23462952926215,12.522157151443244,5.2073605413464525,11.999569943102694,260.03736578550627,0.0,0.0014344215241327
0,0,0,0,0,0,-482.953766,58.829739,-45.793076,-71.087402,-0.096619,-7.74366,-1.34127,0.33,10,9,5.94,5.54,143.21320391593622,552.2077702191514,5452.779169496183,1.240852024622709,17.782372447965876,-121.44572755665168,14.66410508524275,6.042724226390035,13.924538434724864,237.07735519548623,0.0,0.000573190421727
0,0,0,0,0,0,-363.735687,115.097733,-52.92131,-67.617599,-0.091903,-6.81992,-1.25218,0.584,10,14,7.04,6.64,136.4567160432435,568.6950107070647,8406.147001517857,1.7292168913570498,18.79296933320962,-133.65286302363907,27.71586474779027,3.966025719646173,9.139102745271616,365.4846522399068,0.3333333333333333,0.0089042461986871
0,0,0,0,0,0,-358.81665,1404.79126,-46.630344,-61.864498,-0.084084,-5.28835,-1.16726,0.258,10,13,6.22,6.09,86.84973082586009,558.3931187598108,5898.469921101343,1.530809450259853,20.5018864319109,-150.0313429284278,2.6715504449037755,4.395418268033062,10.12857253068488,256.45521396092795,0.0,0.0080277946261403
0,0,0,0,0,0,-371.044678,3745.714355,-40.825577,-58.6339,-0.079693,-4.42828,-1.06607,0.076,10,12,5.92,6.0,170.5305543495151,594.6449347572485,5607.779239353225,1.4935563984527902,18.43975566990145,-133.47639731583453,25.12669691572494,5.671885207328631,13.0699963473225,243.81648866753156,0.3333333333333333,0.0079156590450342
0,0,0,0,0,0,-437.329163,6287.383789,-42.379234,-66.4104,-0.090262,-6.49854,-1.22982,0.257,10,14,6.49,6.52,120.9421834373357,558.010400011581,6409.968131536914,1.4722269649586464,19.002965938010668,-134.35582640386542,17.276810806690495,5.554778148677661,12.800140951300698,278.6942665885615,0.0,0.004130272859581
0,0,0,0,0,0,-420.523407,475.723358,-55.034142,-44.685799,-0.060735,-0.715012,-0.993018,0.431,10,13,6.19,5.75,118.83169148281888,574.3252953813858,6896.99698599558,1.2337335147341149,19.8040697347203,-144.90822128564653,17.924102764706827,5.9295207363607645,13.66367821857046,299.8694341737209,0.0,0.0065988863452237
0,0,0,0,0,0,-450.421326,4567.14502,-25.676813,-62.644798,-0.085144,-5.49606,-1.22833,0.501111,9,12,6.36,6.18,108.07150237684029,538.2105491854848,5380.532956860337,1.524211836150303,18.70169768733237,-128.67403769361604,2.2949442147851817,4.78967869882466,11.037085697291609,233.93621551566685,0.3333333333333333,0.0046237430076074
0,0,0,0,0,0,-416.953552,227.772797,-11.635076,-82.473602,-0.112095,-10.7749,-1.58603,0.493,10,14,7.11,6.7,134.32350063932853,564.9340719900383,7473.955286915254,1.4150948114795514,18.722198754378688,-132.4327240458682,22.9141353137782,5.699210187680524,13.132962606394251,324.9545776919676,0.3333333333333333,0.005560499047087
0,0,0,0,0,0,-398.8974,81.268326,-58.856369,-72.795799,-0.098941,-8.19847,-1.32356,0.493,10,14,6.26,6.09,139.9846587131911,577.7377336363623,6932.9767733419685,1.7361165829676712,19.032742387963967,-137.32673264121007,25.39738264362268,6.011495677416443,13.852576995785716,301.43377275399865,0.0,0.0051654823466533
0,0,0,0,0,0,-450.767029,276.600891,-30.954212,-43.523899,-0.059156,-0.405701,-0.906749,0.332,10,13,6.28,5.92,164.61762736881087,586.1943455043175,5057.39579315835,1.21799992536527,18.32942252763073,-131.2466985661487,19.8071339152998,6.023206383281541,13.879562535387898,219.88677361558044,0.3333333333333333,0.0079737659030251
0,0,0,0,0,0,-366.827484,871.772522,-37.514942,-46.603401,-0.063342,-1.22553,-0.863027,0.173,10,12,5.94,5.81,151.46878187765822,562.122100744054,5319.694038058668,1.138960207755931,17.854492124625903,-123.4064360660987,3.212921900699254,5.234685521698344,12.062536202174444,231.29104513298557,0.3333333333333333,0.008128644908401
0,0,0,0,0,0,-485.421234,526.119507,-25.095226,-73.878998,-0.100413,-8.48683,-1.44861,0.295,10,10,6.02,5.71,109.80502976159676,550.2236995911659,5097.165115717406,1.3698780120489993,19.14863781867692,-134.7821886987334,15.535006992391995,5.995881402929648,13.816596276316146,221.61587459640893,0.0,0.0009656668234708
0,0,0,0,0,0,-377.132202,105.140175,-59.54245,-93.825798,-0.127524,-13.7971,-1.7703,0.665,10,13,6.88,6.59,73.66764492455042,541.6146295257337,6790.656991951011,1.3207384308722572,20.345521069616662,-145.9416887497162,16.770746184968633,5.051217796478492,11.63976274840696,295.2459561717831,0.0,0.0039886749448737
0,0,0,0,0,0,-476.762909,40.42255,-34.78038,-67.610397,-0.091893,-6.81801,-1.40855,0.189,10,11,5.96,5.66,97.553087586615,564.6922332691776,6423.503999292017,1.1837081466884996,20.310397638372287,-148.9034904317932,18.18301954791336,5.804606540466398,13.375832462813872,279.2827825779138,0.0,0.0028330807730521
0,0,0,0,0,0,-408.746338,164.396011,-57.789803,-84.122002,-0.114335,-11.2137,-1.64945,0.37,10,13,6.81,6.63,125.13847609969564,575.9426502096353,7429.889912090917,1.647217900606596,19.600181483040853,-142.9885235620518,21.548937729598293,3.033072819060115,6.989254756964613,323.0386918300399,0.3333333333333333,0.0058194132328022
0,0,0,0,0,0,-368.266602,96.026711,-66.171165,-84.296799,-0.114573,-11.2603,-1.56105,0.366,10,14,6.97,6.65,93.7141646087574,553.7082125696195,7463.928506862536,1.372707652569083,19.999741215689657,-144.0497510671511,19.41875874049,6.031013520524938,13.897552895122685,324.5186307331537,0.3333333333333333,0.006616440363614
0,0,0,0,0,0,-395.824615,219.88295,-50.421112,-61.682598,-0.083837,-5.23992,-1.1215,0.447,10,13,6.53,6.07,71.43380883104771,512.0548729403827,6277.814443673582,1.2707069294342823,19.157437569971083,-129.67621796620398,18.547856833340745,6.034917089146638,13.90654807499008,272.94845407276443,0.0,0.0045571269338419
0,0,0,0,0,0,-405.493835,9371.223633,-32.007179,-75.5177,-0.102641,-8.92309,-1.39848,0.321,10,14,6.39,6.3,87.11942549322464,548.5682425045983,7046.729224947021,1.4688092111724782,20.062992043972766,-143.97998736078702,18.28894005013421,5.199553404103054,11.981579583367909,306.3795315194357,0.0,0.0030158182714305
0,0,0,0,0,0,-350.501678,205.175613,-48.486774,-62.702499,-0.085223,-5.51142,-1.16116,0.154,10,12,5.85,5.78,116.92131578466211,584.6832591036227,7761.071774260785,1.615732240184506,20.33747579647655,-152.08075600279105,21.26648305700935,5.988074265686251,13.79860591658136,337.4379032287298,0.3333333333333333,0.0078519362433432
0,0,0,0,0,0,-388.613495,153.601349,-53.052486,-66.797997,-0.090789,-6.60173,-1.237,0.482,10,13,6.62,6.26,129.3046920684439,549.474904177856,6216.654439236994,1.4028893052910256,18.26827009171357,-125.8600672021333,19.13630406790105,5.945135010847562,13.699658938040033,270.2893234450867,0.3333333333333333,0.0074876901469737
0,0,0,0,0,0,-450.060059,335.963867,-37.074768,-45.2645,-0.061522,-0.869073,-0.838231,0.318,10,13,6.29,5.9,130.2581568350726,563.609268759366,7248.940060491283,1.0931263651582188,18.841352692360584,-133.4650949996897,18.46547422050231,5.968556422577755,13.753630017244392,315.17130697788184,0.3333333333333333,0.0052421273076179
0,0,0,0,0,0,-341.867157,70.145607,-69.7743,-80.415703,-0.109298,-10.2271,-1.48918,0.563333,9,13,6.6,6.38,57.19568098401243,530.9593206960018,9306.694367565078,1.6329566337599626,20.59841911791258,-147.0475992836811,8.862015352478162,5.995881402929648,13.816596276316146,404.6388855463077,0.0,0.0045297419782362
0,0,0,0,0,0,-431.10498,98.674858,-33.686527,-68.190804,-0.092682,-6.97252,-1.31136,-0.13,10,11,5.58,5.24,35.02441860903542,470.06306234676975,7242.30272481781,1.6926853665729251,18.914723640771054,-121.63963400902811,12.592770819590484,5.281528345158733,12.170478360583168,314.8827271659917,0.0,0.0014300696828191
0,0,0,0,0,0,-382.442169,321.974121,-45.168087,-78.313004,-0.10644,-9.66726,-1.45024,0.493,10,13,6.96,6.59,149.55393051616488,587.7687062359229,7609.059713076009,1.4881707788832967,19.05281633564165,-138.89201250426578,15.276090209185464,5.99197783430795,13.807601096448751,330.8286831772178,0.3333333333333333,0.0081065479615817
0,0,0,0,0,0,-346.986908,1617.321533,-38.963913,-61.722401,-0.083891,-5.25049,-1.28588,0.017,10,12,5.74,5.79,213.36205685806092,609.29225406413,7007.8775980725495,1.643654870270732,17.214356400263874,-122.950610915485,5.755013953999762,5.554778148677661,12.800140951300698,304.6903303509804,0.3333333333333333,0.007433204513089
0,0,0,0,0,0,-401.038208,127.113304,-46.882671,-71.505798,-0.097188,-7.85505,-1.34917,0.541,10,13,6.82,6.57,172.40575527189748,592.8288827973951,7178.160124232987,1.6252570113402711,18.27926641415207,-131.59941466581162,7.073135759414842,6.031013520524938,13.897552895122685,312.0939184449125,0.3333333333333333,0.0081657972419247
0,0,0,0,0,0,-443.196716,133.031799,-57.415539,-62.581299,-0.085058,-5.47916,-1.15891,0.228,10,13,6.4,6.09,156.35975270128586,560.4984283155543,6620.917760834234,1.452749648976711,17.57124676583776,-120.43265522745844,7.061366814723636,5.999784971551347,13.825591456183538,287.8659896014884,0.0,0.0046669974811247
0,0,0,0,0,0,-433.832581,17367.05664,-19.263298,-57.174099,-0.077709,-4.03966,-1.07876,0.19,10,14,6.49,6.28,174.65887700781377,568.2000746625625,7866.168875771729,1.3624883833435957,17.110486854554296,-116.92256703587566,16.64128779336537,5.691403050437126,13.114972246659464,342.00734242485777,0.0,0.0037010009441916
0,0,0,0,0,0,-376.652069,236.636948,-56.124592,-58.796799,-0.079914,-4.47165,-1.06903,0.322,10,13,6.57,6.32,155.22594060483857,575.2986728798536,7030.624228839784,1.2495242032401292,18.264031838044133,-129.169368621948,17.476882866440995,5.9295207363607645,13.66367821857046,305.67931429738195,0.3333333333333333,0.0074616560793821
0,0,1,0,0,0,-365.140259,568.200928,-65.948112,-71.430099,-0.141572,-10.8314,-1.93054,-0.102857,7,15,5.88,5.78,168.47589769015866,487.9999339800262,2821.9945953309525,1.2436816511823008,14.523819831357615,-64.75299815581832,19.594673601714263,9.598329573083314,15.270069775359817,128.27248160595238,0.3333333333333333,0.0050402184232616
0,0,1,0,0,0,-361.153351,180.399857,-81.183937,-79.279999,-0.157131,-13.2312,-2.08632,-0.095714,7,14,5.99,5.86,150.12464974007264,464.8299752788393,2613.788117750329,1.243982218300129,14.304787524489392,-61.56598105602938,17.981785230774534,8.543568081535696,13.59204012971588,118.80855080683315,0.3333333333333333,0.0047208154587368
0,0,1,0,0,0,-337.854218,-15.745042,-47.95034,-79.302002,-0.157174,-13.2379,-2.0869,-0.047143,7,14,6.04,5.9,156.9202708444475,464.5034512161036,2900.672249636541,1.2084586506296104,13.981053653257096,-59.597705718906674,20.218707792851664,9.760059668453948,15.527367654358557,131.84873861984278,0.3333333333333333,0.0061113917480714
0,0,1,0,0,0,-361.153351,180.399857,-81.183937,-79.279999,-0.157131,-13.2312,-2.08632,-0.095714,7,14,5.99,5.86,150.12464974007264,464.8299752788393,2613.788117750329,1.243982218300129,14.304787524489392,-61.56598105602938,17.981785230774534,8.543568081535696,13.59204012971588,118.80855080683315,0.3333333333333333,0.0047208154587368
0,0,1,0,0,0,-336.955261,230.534866,-62.487778,-55.0541,-0.109116,-5.82506,-1.44879,-0.357143,7,13,5.23,5.27,207.2098988258909,454.978402860702,4031.0014688483343,1.548427120976546,11.262204728855052,-43.6964310326184,16.282492125677308,9.647551776022205,15.34837782548987,183.2273394931061,0.0,0.0027979968815681
0,0,1,0,0,0,-338.166229,458.317963,-80.382385,-81.053101,-0.160645,-13.7732,-2.13298,-0.081429,7,14,6.04,5.92,144.82435545071053,462.6729203980895,2636.592109207724,1.2111474472212804,14.447662043062678,-62.2595593663544,17.780174184407063,8.487314135319826,13.502545215281542,119.84509587307838,0.3333333333333333,0.0052734795733101
0,0,1,0,0,0,-338.166229,458.317963,-80.382385,-81.053101,-0.160645,-13.7732,-2.13298,-0.081429,7,14,6.04,5.92,144.82435545071053,462.6729203980895,2636.592109207724,1.2111474472212804,14.447662043062678,-62.2595593663544,17.780174184407063,8.487314135319826,13.502545215281542,119.84509587307838,0.3333333333333333,0.0052734795733101
0,0,1,0,0,0,-335.746857,129.098343,-24.028051,-71.4356,-0.141583,-10.833,-1.93069,-0.367143,7,14,5.8,6.14,236.70620458083815,505.8930003072678,2632.692403202327,1.4436852930344988,12.235763442110438,-52.360175620028485,14.688804806772572,9.30299635544998,14.800221474579514,119.66783650919668,0.0,0.0008548285096872
0,0,1,0,0,0,-320.688721,109.538956,-25.567532,-73.326698,-0.145331,-11.4112,-1.88017,-0.311429,7,14,5.89,6.19,202.3979321745124,495.2130602111909,2830.0071867402385,1.3692943369909691,13.30977854712175,-57.9076830291648,17.588163664057095,7.8052350374523645,12.417419377765126,128.63669030637448,0.0,0.0009573149820274
0,0,1,0,0,0,-291.567474,8858.966797,-44.783707,-73.819099,-0.146307,-11.5617,-1.8928,-0.395714,7,14,5.72,5.73,129.4428651147249,402.1854869895605,3766.921487875685,1.105500796720997,12.397391903401616,-46.19675304559973,13.623146418830252,5.245680484630149,8.34540077100251,171.22370399434934,0.0,0.0014226187439209
0,0,1,0,0,0,-358.380096,47.946507,-55.684608,-59.221298,-0.117375,-7.09899,-1.55845,-0.3,7,14,5.64,5.66,180.2818809551225,471.1296551765554,2310.7285228788605,1.299837297116857,13.220353373701498,-55.61715598951616,17.040933681059688,9.626456546191251,15.31481723257699,105.03311467631184,0.0,0.0031354278515218
0,0,1,0,0,0,-347.884247,276.767395,-57.501133,-58.0723,-0.115098,-6.74773,-1.56952,-0.535714,7,13,5.54,5.59,240.6426128011556,506.8900995343016,3467.614159933133,1.615035992830131,12.102158487870271,-51.65867103707191,18.43300995359696,9.67567874913014,15.39312528270704,157.61882545150604,0.0,0.0009202302471124
0,0,1,0,0,0,-368.194763,157.829346,-60.287029,-71.754402,-0.142215,-10.9305,-1.99318,-0.152857,7,15,5.65,5.54,163.7212506012679,483.5381841130687,2807.795933273372,1.2489015497495028,14.537133341445491,-64.47776051125335,19.594673601714263,9.598329573083314,15.270069775359817,127.62708787606236,0.3333333333333333,0.0048940473657737
0,0,1,0,0,0,-338.971649,64.365456,-44.926022,-69.085701,-0.136926,-10.1146,-1.86718,-0.034286,7,12,5.91,5.63,129.04971445980976,458.36161299623336,3428.2682259280155,1.183982857090302,14.968722660746527,-65.09604287328679,21.00595092628653,9.71083746551506,15.449059604228502,155.83037390581887,0.3333333333333333,0.0045147315259464
0,0,1,0,0,0,-290.088318,195.276382,-57.915028,-51.5364,-0.102144,-4.74964,-1.35622,-0.372857,7,14,5.51,5.39,144.69487316082035,412.6048813850473,3434.0512907709767,1.3548461552808375,12.17772764655577,-45.75383430201529,3.456189366299429,1.3641581957349178,2.170251675032824,156.09324048958985,0.0,0.0016178573389407
0,0,1,0,0,0,-339.120331,99.621101,-37.208076,-75.416,-0.149472,-12.0499,-2.09489,-0.194286,7,13,5.75,5.5,160.03088587038263,438.1466687933881,3976.875415051428,1.3967030406061796,12.641626496500248,-49.991796737688986,17.184941571322163,7.516933563096016,11.958757941289116,180.76706432051944,0.3333333333333333,0.0029312677920225
0,0,1,0,0,0,-353.333008,2118.243164,-43.753021,-48.9006,-0.09692,-3.94386,-1.25386,-0.292857,7,15,5.64,5.64,209.2606071080016,446.3116386015453,3551.178517667295,1.3852298374447172,10.77504688607017,-40.6531334649945,15.341640575962469,6.455140328271415,10.269541431340889,161.41720534851342,0.6666666666666666,0.0032022487006763
0,0,1,0,0,0,-302.499268,66.790192,-56.612221,-61.733501,-0.122354,-7.867,-1.76381,-0.191429,7,10,5.28,5.16,168.1192969338116,431.1976035034193,4062.322354996455,1.4993073922434363,11.95810484407308,-45.83719776910435,4.502646702206756,8.05134605214681,12.80895962841538,184.6510161362025,0.0,0.0029033502724703
0,0,1,0,0,0,-330.014648,61.693703,-56.594845,-63.1147,-0.125092,-8.28926,-1.61833,-0.147143,7,12,5.67,5.7,207.7426283775084,477.2730912330648,3116.951249201609,1.4463095856346218,12.251384675252565,-50.51439531238645,8.650073941766072,9.647551776022205,15.34837782548987,141.67960223643678,0.0,0.0024455622948248
0,0,1,0,0,0,-327.064056,43.402973,-51.673656,-76.419197,-0.151461,-12.3566,-1.95947,-0.314286,7,14,5.53,5.59,144.24176184236364,424.7033808493613,3224.471836532653,1.5753091059498583,12.748255409408983,-49.63238106004167,19.450665711451787,9.4717581940976,15.068706217882545,146.56690166057513,0.0,0.0016597538477214
0,0,1,0,0,0,-314.573914,131.080582,-52.466648,-53.1647,-0.105371,-5.24743,-1.39907,-0.12,7,14,5.74,5.7,198.9780509506494,455.4025916152431,3310.5167403827472,1.2312385700497115,11.655660939299713,-45.80733746773991,18.010586808827025,9.668647005853156,15.381938418402749,150.47803365376123,0.0,0.0013144378102354
0,0,1,0,0,0,-334.170135,501.545959,-55.643341,-64.548698,-0.127934,-8.72764,-1.79302,-0.345714,7,13,5.61,5.46,166.7410475424859,443.3488561589274,3702.521011609617,1.423472175932443,12.57308220983825,-49.97717663252529,17.012132103007193,9.68271049240712,15.40431214701133,168.29640961861895,0.0,0.0056477583307889
0,0,1,0,0,0,-333.836517,206.373047,-15.146801,-55.1567,-0.109319,-5.85641,-1.45149,-0.267143,7,13,5.55,5.67,207.19631647699504,464.7284757791001,3193.769000385215,1.3626368481882374,11.706007241004777,-46.67951553314794,9.0820976125535,9.633488289468234,15.32600409688128,145.17131819932794,0.0,0.0009576984395024
0,0,1,0,0,0,-732.30426,3824.391846,-92.931076,-59.5187,-0.091759,-4.33116,-1.3527,0.194545,11,16,6.16,6.03,-18.616651074058723,459.1813523563216,6430.542061855345,1.6448580309676526,19.908250142932516,-145.54080785856584,25.537990800545455,4.081068299408102,7.822047573865529,267.93925257730604,0.0,0.0022236826155066
0,0,1,0,0,0,-691.003601,1161.039307,-94.294998,-73.401199,-0.113161,-8.20564,-1.74765,0.266364,11,13,5.89,5.52,-21.887339341072163,460.364734753378,6705.9260620551495,1.325609728897025,20.093836420602088,-147.78137816637965,8.322759368557978,5.905217413852773,11.318333376551148,279.41358591896454,0.3333333333333333,0.0053291445632447
0,0,1,0,0,0,-832.441956,-14.020479,-88.726456,-61.087502,-0.094177,-4.769,-1.42064,0.244545,11,13,5.63,5.17,10.298001583769404,456.4812542571799,5400.627668575095,1.3252255451661623,18.590968861392103,-130.93328367103183,28.18839333755648,6.054127545644175,11.603744462484668,225.0261528572956,0.0,0.0037184443931266
0,0,1,0,0,0,-682.843872,28.116724,-46.323608,-55.798401,-0.086023,-3.29284,-1.29764,0.267,10,12,5.88,5.48,-7.3962533050935235,454.1512642878696,6585.915430703444,1.6578224366831782,19.231146566373464,-137.39770678297148,29.35258884446787,5.858682997667961,11.229142412196923,274.41314294597686,0.0,0.0046779944210829
0,0,1,0,0,0,-782.845459,-22.09234,-73.750298,-65.255096,-0.100602,-5.93213,-1.59159,0.311,10,12,5.32,5.07,-25.26329038184133,455.3558856211756,5964.2605641305,1.3476715922695437,20.025799000125705,-146.24324001216786,19.283536215542817,6.026206895933286,11.550229883872133,248.5108568387708,0.3333333333333333,0.0050308328525755
0,0,1,0,0,0,-691.003601,1161.039307,-94.294998,-73.401199,-0.113161,-8.20564,-1.74765,0.266364,11,13,5.89,5.52,-21.887339341072163,460.364734753378,6705.9260620551495,1.325609728897025,20.093836420602088,-147.78137816637965,8.322759368557978,5.905217413852773,11.318333376551148,279.41358591896454,0.3333333333333333,0.0053291445632447
0,0,1,0,0,0,-766.915894,-34.508659,-67.478516,-69.086197,-0.106509,-7.00137,-1.68503,0.352,10,13,5.12,4.9,-26.33287116614207,456.5600398945411,5964.282208148692,1.3583529444406368,20.1205379608618,-147.481074538545,19.6303178558994,5.979672479748474,11.46103891951791,248.51175867286216,0.3333333333333333,0.0051920082032023
0,0,1,0,0,0,-804.21759,33.168598,-117.64698,-74.206497,-0.114402,-8.43039,-1.61318,0.037273,11,13,6.1,5.73,13.79317803231038,450.89143172298265,4886.100151147162,1.3900035108213724,18.212427237111346,-126.18200410883578,29.50120954747783,5.798188256627703,11.11319415853643,203.58750629779843,0.0,0.0046735093924103
0,0,1,0,0,0,-838.621033,805.033569,-126.467018,-62.204201,-0.095899,-5.08066,-1.26947,-0.213636,11,16,6.01,5.97,-61.56712505726131,413.4952697066879,5127.52010263215,1.4175684086422264,19.794266448497883,-137.22925301043043,25.005433281426424,2.3732552254254644,4.548739182065473,213.64667094300623,0.0,0.0017944719996695
0,0,1,0,0,0,-746.626953,1318.703125,-131.310944,-72.886299,-0.112367,-8.06193,-1.51846,0.297,10,16,6.62,6.35,60.90886995091438,472.4429294013236,3930.638934785202,1.4195957041131404,17.147252477100384,-118.26525495403746,24.980663164258093,5.635317799980858,10.801025783296645,163.77662228271674,0.0,0.0036248114139086
0,0,1,0,0,0,-746.626953,1318.703125,-131.310944,-72.886299,-0.112367,-8.06193,-1.51846,0.297,10,16,6.62,6.35,60.90886995091438,472.4429294013236,3930.638934785202,1.4195957041131404,17.147252477100384,-118.26525495403746,24.980663164258093,5.635317799980858,10.801025783296645,163.77662228271674,0.0,0.0036248114139086
0,0,1,0,0,0,-714.994446,505.598724,-106.487129,-68.3899,-0.105435,-6.80702,-1.42479,0.277,10,17,6.46,6.29,-0.0250575199960394,434.95701813011306,4165.270806463628,1.3561510825757193,18.12425315208788,-123.01855954445882,28.138853103219827,3.1503799757118425,6.038228286781031,173.55295026931785,0.0,0.002237501997955
0,0,1,0,0,0,-815.614624,203.498749,-102.382217,-73.682198,-0.113594,-8.28406,-1.50372,-0.080909,11,15,6.35,5.94,18.79885558169451,468.5709041647232,5666.662950682527,1.4896787869338912,18.740502024292866,-134.27890415047304,12.18689764681704,2.401175875136352,4.602253760678008,236.1109562784386,0.0,0.0044649960661726
0,0,1,0,0,0,-674.399658,1095.452515,-102.310356,-61.5681,-0.094918,-4.90311,-1.33844,-0.517273,11,18,6.02,5.68,-70.29676738384171,384.30598998270057,5270.2763541466775,1.135919302713432,18.94178155693926,-123.98159430338082,25.84761726514955,0.1675238982653268,0.3210874716752098,219.5948480894449,0.0,0.0016430048418774
0,0,1,0,0,0,-821.173157,218.960648,-133.579147,-61.2673,-0.094454,-4.81917,-1.2764,-0.435455,11,19,5.92,5.9,-25.615708985151173,436.7247170950554,5127.033800806086,1.5357187049728531,19.264184420008608,-135.1336345121284,22.305490510078744,6.370561575700903,12.2102430200934,213.62640836692023,0.0,0.0019840565070752
0,0,1,0,0,0,-658.013672,584.636597,-94.691307,-52.643799,-0.08116,-2.41241,-1.16986,0.35,11,13,6.14,5.71,-22.46470630286177,455.6854578645769,6728.438944065287,1.6021695884695324,19.922923506976613,-145.15940320437377,25.16643904302055,2.033553987276329,3.897645142279631,280.3516226693869,0.0,0.00269685948065
0,0,1,0,0,0,-729.779785,1878.955811,-131.767059,-56.202,-0.086645,-3.40547,-1.24893,0.097273,11,17,5.88,5.79,48.21116748929995,472.3791880104726,6096.369638452117,1.6024955556762073,17.673667521715526,-123.62932938401076,19.184455746869503,5.858682997667961,11.229142412196923,254.01540160217155,0.3333333333333333,0.002952914636091
0,0,1,0,0,0,-619.943848,132.323349,-95.332253,-67.685699,-0.10435,-6.6105,-1.35371,-0.182727,11,16,5.95,5.79,-14.440289334293766,414.3721870363555,5546.65801296127,1.2068632257668932,17.86718651544372,-117.54402004646714,9.474569816885197,0.1116825988435512,0.2140583144501399,231.1107505400529,0.0,0.0027632510122836
0,0,1,0,0,0,-735.029541,77.549072,-180.609421,-53.055801,-0.081795,-2.52741,-1.17902,0.277,10,13,5.55,4.72,-99.64778308229626,386.2889052518854,6660.044182932,1.392347438786007,20.247362013924235,-137.7903946160315,24.200404473455787,3.983346025419994,7.634746548721655,277.5018409555,0.0,0.0009419960343484
0,0,1,0,0,0,-747.71167,567.622742,-141.84343,-65.0438,-0.100277,-5.87316,-1.38391,0.39,10,9,5.62,5.24,24.240010232743657,435.2083947066044,5058.172778801203,1.4777466264155688,17.123682686410863,-113.05244119642276,19.24638103979032,5.909870855471255,11.327252472986572,210.7571991167168,0.0,0.0015319069978734
0,0,1,0,0,0,-725.469482,577.778809,-101.831833,-70.058502,-0.108008,-7.27272,-1.49061,0.320909,11,12,6.25,5.94,41.00121480752159,483.6440838090912,5844.405954254307,1.1293838325274006,18.4434528750654,-133.2936459468003,24.869197637000624,6.133236053158356,11.75536910188685,243.5169147605961,0.0,0.005148620709476
0,0,1,0,0,0,-671.200928,358.821198,-93.825287,-45.060799,-0.069469,-0.296048,-0.958739,0.340909,11,14,6.17,5.83,0.2525641378459795,449.1001585220872,7489.957845017511,1.759550905705144,18.701983099343384,-131.02687952648742,25.06735857434724,3.5180018635718646,6.742836905179407,312.08157687572964,0.0,0.0034284647210389
0,0,1,0,0,0,-756.008484,45.566895,-139.068787,-63.195702,-0.097427,-5.35737,-1.34459,-0.636364,11,17,5.85,5.8,18.847154004338734,445.8886052058049,5289.750575823615,1.3015586808627524,17.79339380006109,-121.1880808049604,22.912358380702766,3.3411710820695752,6.403911240633352,220.40627399265065,0.3333333333333333,0.0021737036036272
0,0,1,0,0,0,-744.242859,231.032104,-112.186707,-70.493698,-0.108679,-7.95238,-1.49987,0.11,11,14,6.15,5.87,38.57620100163905,471.2219363879919,5494.137865902798,1.4586882630012574,18.81068414723273,-132.65728805550194,5.7509750295159945,6.472937291307491,12.945874582614982,238.87555938707817,0.0,0.0047034751699523
0,0,1,0,0,0,-730.426819,1304.205444,-118.96949,-74.048203,-0.114159,-8.38623,-1.54267,0.328889,9,12,6.03,5.59,-53.04613684275648,437.0343040894163,5414.048328307072,1.3285243937567817,20.420018372173868,-147.71047228835178,20.881208772899924,4.234631872817985,8.116377756234472,225.58534701279464,0.0,0.000903407857428
0,0,1,0,0,0,-698.539917,1066.998535,-87.392853,-63.264198,-0.097533,-5.37648,-1.318,0.085,10,15,6.3,6.12,-21.87572577273676,436.7681290874359,5326.069871340187,1.4072316419502482,19.11016061917386,-133.5084979505631,25.3893700975355,3.0433508184867715,5.833089068766312,221.9195779725078,0.0,0.0021614688105261
0,0,1,0,0,0,-707.192017,235.567398,-100.329948,-51.1147,-0.078802,-1.98566,-1.06489,-0.388182,11,18,6.3,5.85,-67.97748586986603,409.8027183978172,6155.286123036176,1.2966465391640143,19.90750851115347,-137.86293427895683,24.51003093805988,0.6887093595352327,1.3200262724425291,256.4702551265073,0.0,0.0015264274081758
0,0,0,0,0,0,-42.968758,1959.935547,2.256064,-55.536598,-0.095804,-11.3741,-1.38841,0.048571,14,10,5.78,6.0,407.57561190059664,641.3323693375861,2841.008442761784,1.3230779573487712,25.97297304855438,-88.62005601735116,0.0,0.660577304749908,3.082694088832904,315.66760475130934,0.0,0.0055914967539701
0,0,0,0,0,0,-42.252865,156.704132,-5.358704,-53.664101,-0.092574,-10.8354,-1.45038,-0.275833,12,11,5.93,5.96,394.2088482863553,595.3875600629211,2753.70958449753,1.4693112424188657,22.35319019739621,-69.42557649545624,2.127039026689858,0.0,0.0,305.96773161083667,0.0,0.0028615311806367
0,0,0,0,0,0,-42.614544,251.66066,-5.361501,-56.3489,-0.097205,-11.6078,-1.34164,-0.134286,14,12,6.0,6.05,379.4635557822868,627.7827392196986,4089.858428769643,1.381722509895749,27.59102038193464,-94.24980561067174,0.8077363392493132,0.0,0.0,454.4287143077381,0.5,0.0026996999642653
0,0,0,0,0,0,-41.975471,13.676038,0.745758,-63.214802,-0.10905,-13.583,-1.62089,0.227857,14,10,5.78,5.74,392.5184435626371,623.0593128754526,2227.824969695068,1.2701358624850891,25.615652145868392,-85.2546319422638,0.9692836070991758,0.0535603220067492,0.24994816936483,247.5361077438964,0.0,0.0023596825622033
0,0,0,0,0,0,-39.724907,413.786835,-8.960621,-65.0606,-0.112234,-14.114,-1.85887,0.266667,12,8,5.69,5.68,387.16660724225335,607.7073721928084,2738.6034173537264,1.2804112142177475,24.504529438950563,-79.13432506586012,3.015548999864102,0.0,0.0,304.28926859485847,0.5,0.002695544184276
0,0,0,0,0,0,-42.045902,10689.1084,3.188658,-57.4189,-0.099051,-11.9156,-1.33532,-0.297857,14,10,5.5,5.58,379.1984033957556,601.6419105642896,3420.495454463051,1.5621001593996129,24.715945240948216,-79.4159108566635,4.1463798748131415,0.2678016100337464,1.24974084682415,380.0550504958945,0.0,0.003453650196038
0,0,0,0,0,0,-41.023949,2.717511,-12.326569,-69.387497,-0.119698,-15.3588,-1.73469,0.150909,11,10,5.99,5.85,402.129422097566,637.9690461226867,3394.85960371442,1.6348757959766682,26.204402669457853,-89.27886936105752,0.6461890713994506,0.0,0.0,377.2066226349355,0.5,0.0044216489458504
0,0,0,0,0,0,-40.912586,-27.825991,-11.488142,-95.521202,-0.16478,-22.877001,-2.38803,0.207273,11,12,6.07,6.16,380.3506358446213,628.7391550676892,3324.5447066390952,1.370969529542894,27.59872435811866,-94.38650180209648,0.915434517815888,1.24974084682415,5.832123951846032,369.3938562932328,0.0,0.0036305109050062
0,0,0,0,0,0,-39.482185,19.418516,-10.887177,-94.662598,-0.163299,-22.629999,-2.42725,0.239167,12,12,6.3,6.37,373.4792372147243,625.1138112260713,3380.5293341725264,1.394649301520234,27.95939711237189,-95.57863962325295,0.0538490892832875,1.2675942874930666,5.915440008300977,375.614370463614,0.0,0.0036859692567675
0,0,0,0,0,0,-43.750889,41.360432,-6.808142,-61.8395,-0.106677,-13.1873,-1.58563,0.182308,13,11,6.06,6.08,319.40444436295274,583.1076446848082,3170.45477946521,1.3619506899589315,29.30035559131727,-96.74251423783782,0.2153963571331502,1.0354995587971527,4.832331274386713,352.2727532739122,0.0,0.0022042841471552
0,0,0,0,0,0,-40.392536,18.484367,-9.289447,-95.042297,-0.163954,-22.7393,-2.37606,0.273333,12,13,6.32,6.39,382.61419759931664,632.2262737489697,3410.933020045177,1.4592664865516771,27.734675127739223,-95.3608541846581,1.507774499932051,0.8748185927769049,4.082486766292223,378.9925577827974,0.5,0.0043616279772305
0,0,0,0,0,0,-40.392536,18.484367,-9.289447,-95.042297,-0.163954,-22.7393,-2.37606,0.273333,12,13,6.32,6.39,382.61419759931664,632.2262737489697,3410.933020045177,1.4592664865516771,27.734675127739223,-95.3608541846581,1.507774499932051,0.8748185927769049,4.082486766292223,378.9925577827974,0.5,0.0043616279772305
0,0,0,0,0,0,-37.434105,186.574173,-15.552733,-53.2356,-0.091835,-10.7121,-1.23804,-0.153846,13,10,5.68,5.94,376.6508057753067,626.3334276416833,2936.4302129104217,1.25416105154914,27.742513540708515,-94.758011256094,1.0769817856657509,0.0,0.0,326.27002365671353,0.0,0.0008612036222325
0,0,0,0,0,0,-40.836002,4767.230957,2.212083,-62.6096,-0.108006,-13.4089,-1.56524,-0.200714,14,12,5.94,6.04,403.3685780887065,629.6111559769286,3291.9145983072176,1.554330973338137,25.13806420980245,-83.88599276465123,1.2923781427989012,0.7587712284289482,3.5409323993350914,365.768288700802,0.0,0.0007146041649689
0,0,0,0,0,0,-42.313938,29.566732,-6.596629,-66.4785,-0.11468,-14.5219,-1.70458,0.142727,11,9,5.96,5.89,386.11414272985206,627.8027736329433,3245.0833424947523,1.4881209489151952,26.85429232256569,-91.04101121963237,0.1076981785665751,0.0892672033445821,0.4165802822747167,360.56481583275024,0.5,0.0018083033626263
0,0,0,0,0,0,-43.692757,1421.488403,-10.521564,-47.355,-0.08169,-9.02035,-1.24618,0.031429,14,11,5.66,6.02,390.13366746228576,631.4527733230084,2819.5479782446164,1.2536832042901338,26.813233984524736,-91.24477624967012,0.0,0.2231680083614553,1.0414507056867917,313.28310869384626,0.0,0.0026705407718184
0,0,0,0,0,0,-40.416859,453.552734,3.642755,-67.565598,-0.116555,-14.8347,-1.60871,-0.065,14,12,6.21,6.48,394.6548838925319,629.6423998287496,3902.952310858356,1.4329373076765402,26.109723992913075,-88.02187317126243,0.5384908928328754,1.222960685820775,5.707149867163618,433.6613678731507,0.5,0.0043071547318377
0,0,0,0,0,0,-47.738213,793.729675,-8.600703,-71.478798,-0.123306,-15.9604,-1.88102,0.075,14,10,5.96,6.0,369.4741652834233,621.7155568440298,3029.499072259827,1.4519127996223986,28.02682128451184,-95.50408575270286,0.2692454464164377,0.0357068813378328,0.1666321129098866,336.61100802886966,0.0,0.0054054460176358
0,0,0,0,0,0,-48.661144,349.568878,-1.88008,-44.6078,-0.076951,-8.23002,-1.08799,-0.145,14,11,5.84,6.04,384.2404403324161,623.4010778415156,2461.639091176121,1.1937197766689094,26.57340416767773,-89.37075746523041,0.0,0.6784307454188243,3.166010145287847,273.5154545751245,0.0,0.0041798697620455
0,0,0,0,0,0,-38.155094,2809.164063,2.866201,-52.503899,-0.090573,-10.5016,-1.25009,0.066154,13,12,6.18,6.29,376.23374828859664,623.239770087268,2821.0397770850104,1.3620687682471992,27.445113533185705,-93.12473100923148,0.1615472678498626,1.6603699822092275,7.748393250309729,313.4488641205567,0.0,0.0052797451105038
0,0,0,0,0,0,-39.116489,4885.256836,-6.010088,-66.300003,-0.114372,-14.4705,-1.54186,0.06,14,12,6.07,6.13,373.8243726328119,598.5507112200883,3138.0590767848826,1.239763038744897,24.96959317636404,-80.15221769842267,2.423209017747939,0.0,0.0,348.6732307538758,0.0,0.0020783413251101
0,0,0,0,0,0,-44.31324,287.708923,0.310381,-72.386597,-0.124872,-16.2216,-1.90491,0.318462,13,11,6.11,5.84,382.1650009806258,584.8067350026759,3346.791075584973,1.391368805443097,22.51574822467223,-69.13000596038977,1.884718124915064,0.4463360167229107,2.0829014113735838,371.86567506499705,0.0,0.0006857289940782
0,0,0,0,0,0,-45.22039,9169.238281,5.194116,-61.836601,-0.106672,-13.1865,-1.43806,-0.181538,13,10,5.66,5.8,395.7779000213612,626.9116970124427,3286.1777480583696,1.3233129541772115,25.68153299900905,-85.9190224249932,0.0538490892832875,1.544322617861271,7.2068388833525985,365.1308608953744,0.5,0.0043141574017761
0,0,0,0,0,0,-40.005253,182.995789,-8.409045,-55.506199,-0.095752,-11.3653,-1.32158,-0.084615,13,12,5.91,6.05,370.7805870013988,609.1758823925956,2955.451109333091,1.3677569440700792,26.488366154577413,-87.5365484897066,0.592339982116163,0.0178534406689164,0.0833160564549433,328.38345659256566,0.0,0.0006646637713545
0,0,0,0,0,0,-38.820011,1222.719604,-4.678855,-64.779701,-0.111749,-14.0332,-1.5065,-0.055714,14,11,5.9,6.04,402.2882269021737,628.0307480481966,2592.408682658239,1.302411143892818,25.08250234955811,-83.49711744000021,0.0,0.5177497793985764,2.4161656371933566,288.04540918424874,0.0,0.0024576282506728
0,0,0,0,0,0,-39.525036,131.650818,-2.020198,-61.2952,-0.105738,-13.0307,-1.53238,0.152143,14,9,6.06,5.78,431.400683623835,646.1637602744344,2663.784541657067,1.4079918313607631,23.86256407228882,-80.101642436801,1.1308308749490383,0.2678016100337464,1.24974084682415,295.9760601841186,0.0,0.0023332153408531
0,0,0,0,0,0,-35.283718,349.884735,-0.989017,-69.980797,-0.120722,-15.5295,-1.66621,0.273846,13,11,6.03,5.85,397.07911180860896,628.8171294956798,2884.770156623059,1.3217827301682483,25.74866863189676,-86.39558555814021,0.9692836070991758,0.624870423412075,2.916061975923016,320.5300174025621,0.0,0.0034437685644921
0,0,0,0,0,0,-30.08876,-5.381476,-6.509831,-60.068298,-0.103622,-12.6778,-1.4302,0.092143,14,10,6.04,6.25,392.3910242027587,630.3959150056705,2836.6764211569152,1.3226475365623305,26.444987866990203,-89.54094170890556,0.1076981785665751,0.2945817710371211,1.374714931506565,315.18626901743505,0.0,0.002533451946417
0,0,0,0,0,0,-38.668083,498.227631,-3.553551,-68.430099,-0.118046,-15.0833,-1.62929,-0.352143,14,11,5.61,5.87,356.332638621541,615.5116488162543,3813.434260115777,1.411346540731709,28.797667799412583,-98.21320278822128,1.42700086600712,0.4463360167229107,2.0829014113735838,423.7149177906419,0.0,0.0007353014139348
0,0,0,0,0,0,-37.964828,457.789276,-5.446898,-54.362701,-0.093779,-11.0364,-1.29435,0.14,14,13,6.13,6.35,414.88997116151353,642.6601961668218,2828.537107851067,1.3290414014773582,25.307802778367588,-85.89078462643396,0.1076981785665751,0.5088230590641183,2.374507608965885,314.2819008723408,0.0,0.0024949733385629
0,0,0,0,0,0,-42.031918,1469.692383,-5.626945,-57.9109,-0.0999,-12.0571,-1.44777,0.138333,12,10,5.8,5.65,331.44436516950736,562.2373662209922,3923.086915549231,1.2532802283262765,25.64366678349831,-79.29175139171561,0.0,1.1872538044829424,5.540517754253731,435.8985461721368,0.0,0.002011877952133
0,0,0,0,0,0,-38.559441,627.602295,2.541138,-57.404202,-0.099026,-11.9114,-1.36677,-0.025714,14,13,6.15,6.22,421.66983612170014,647.4756087372784,2928.9924516788906,1.329311340429099,25.08953029061981,-85.42889707831813,0.9692836070991758,0.4106291353850779,1.916269298463697,325.4436057420989,0.5,0.0042611192334224
0,0,0,0,0,0,-39.799759,226.933243,-7.393881,-68.641098,-0.11841,-15.1441,-1.71603,0.273333,12,10,5.78,5.76,352.30821688853973,572.6177979845859,3420.5048004143173,1.3415986451956838,24.478842344005123,-75.68021494693082,1.8308690356317765,0.3213619320404958,1.4996890161889802,380.05608893492416,0.0,0.0044600747540342
0,0,0,0,0,0,-47.158798,44.959583,0.651642,-75.020897,-0.129416,-16.979401,-2.02759,0.297273,11,10,6.02,5.93,394.6156469243789,632.1909984323977,3892.058527871026,1.403743729613191,26.39726127866876,-89.51989006200887,2.1001144820482143,1.4282752535133143,6.665284516395468,432.4509475412251,0.0,0.0006210809815924
0,0,0,0,0,0,-40.764496,7486.963867,-1.029198,-59.025902,-0.101824,-12.3779,-1.43966,0.0475,12,12,5.97,6.02,397.98251291183885,625.3911219203213,3362.294840281156,1.5919995524355233,25.26762322316472,-84.01745357358818,0.7538872499660255,0.374922254047245,1.74963718555381,373.5883155867952,0.5,0.0045463601716824
0,0,0,0,0,0,-42.6217,16706.17578,-8.130049,-69.099602,-0.119201,-15.2759,-1.64523,0.149231,13,9,5.86,5.73,354.6890025762508,600.9372891885267,4245.679291777737,1.3803325885241264,27.36092073469733,-90.37895769879243,0.7538872499660255,0.2856550507026628,1.333056903279093,471.7421435308596,0.0,0.0027277945841369
0,0,0,0,0,0,-41.044903,107.639153,-4.347093,-75.3619,-0.130004,-17.077499,-1.98321,0.226154,13,10,5.91,5.96,402.1446384187911,636.3156293505966,3087.8310535123346,1.6289683270036992,26.01899899242284,-88.3101763909216,1.3462272320821886,0.49989633872966,2.3328495807384133,343.0923392791483,0.5,0.0024604328708599
0,0,0,0,0,0,-36.377735,2269.928711,-0.443369,-67.125298,-0.115796,-14.708,-1.56105,-0.198462,13,12,5.92,6.16,396.268767727959,627.9387618219858,2994.977146526593,1.402373517548538,25.74111045489187,-86.27524006242305,2.800152642730952,1.5175424568578963,7.081864798670183,332.7752385029548,0.5,0.0041372985666888
0,0,0,0,0,0,-44.375278,6059.937988,-5.972054,-77.960999,-0.134488,-17.825199,-1.81305,0.277857,14,9,5.91,5.99,382.96478114870166,620.484067273084,2762.199834023919,1.3622448786794952,26.39103179159803,-88.28835453980727,0.3769436249830127,1.4639821348511473,6.831916629305353,306.9110926693243,0.5,0.0018015662937702
0,0,0,0,0,0,-42.120129,137.025787,0.546723,-63.3741,-0.109325,-13.6288,-1.62498,0.0775,12,10,6.0,5.82,365.9705067805386,568.0549665136257,3307.2673744427902,1.44034777213807,22.4538288592319,-67.42451527989495,3.230945356997253,0.0,0.0,367.4741527158656,0.5,0.0047575439308277
0,0,0,0,0,0,-44.779701,6117.862305,6.51789,-41.431801,-0.071473,-7.31633,-0.986471,-0.285,14,9,5.52,5.58,358.1298717531003,564.3219039004268,3684.7044101869096,1.621800883556017,22.910225794147397,-68.82844140534547,1.2923781427989012,1.321154609499816,6.165388177665808,409.41160113187885,0.0,0.0033429578507452
0,0,0,0,0,0,-44.018963,193.92395,0.713543,-57.689999,-0.099519,-11.9936,-1.47923,0.059167,12,12,5.89,5.93,381.2943678195494,613.3776273652101,3457.6114085788267,1.4937650435072083,25.78702883840674,-85.00664862629561,3.230945356997253,0.0,0.0,384.1790453976474,0.0,0.0044657057440907
0,0,0,0,0,0,-46.39167,284.895752,2.414103,-54.0737,-0.093281,-10.9532,-1.31887,-0.088462,13,10,5.87,5.91,387.76760276644177,631.1548874092665,2698.6954407672456,1.2446822296748894,27.04303162698053,-92.21343511758332,1.6154726784986264,0.0,0.0,299.8550489741384,0.0,0.0006514783815868
0,0,0,0,0,0,-44.027882,2506.959717,4.530643,-64.103104,-0.110582,-13.8385,-1.56349,-0.322857,14,10,5.95,6.03,386.0289937695308,621.8719235957473,3011.929548095617,1.2628878154129015,26.204769980690727,-87.63575864948578,0.0,0.9015987537802798,4.207460850974639,334.6588386772908,0.0,0.0033300888153532
0,0,0,0,0,0,-43.608051,66.699432,-6.364841,-64.133102,-0.110634,-13.8472,-1.52698,0.160714,14,12,5.81,5.86,409.1110353198742,634.1178665087016,3497.820907439056,1.6074584206519102,25.000759020980823,-83.74665428881083,0.0,0.3035084913715793,1.4163729597340369,388.6467674932285,0.0,0.0007384753069562
0,0,0,0,0,0,-38.380814,73.98819,-2.529768,-67.239403,-0.115992,-14.7408,-1.68098,0.075385,13,11,6.11,5.92,361.1451674655955,579.1169370590721,2943.75682979414,1.351663090111224,24.2190855103863,-75.27009501597588,1.884718124915064,0.3392153727094121,1.5830050726439235,327.08409219934885,0.0,0.0007087095645242
0,0,0,0,0,0,-41.117138,24.057487,-8.831425,-92.859703,-0.160189,-22.111401,-2.38102,0.274545,11,13,6.33,6.37,402.2440390986495,639.5070007610215,3388.304747013284,1.4614485818520069,26.362551295819102,-90.12207204027315,1.400076321365476,0.8926720334458215,4.165802822747167,376.4783052236983,0.5,0.0044978364524598
0,0,0,0,0,0,-41.117138,24.057487,-8.831425,-92.859703,-0.160189,-22.111401,-2.38102,0.274545,11,13,6.33,6.37,402.2440390986495,639.5070007610215,3388.304747013284,1.4614485818520069,26.362551295819102,-90.12207204027315,1.400076321365476,0.8926720334458215,4.165802822747167,376.4783052236983,0.5,0.0044978364524598
0,0,0,0,0,0,-42.561127,1321.368408,-6.932075,-48.9944,-0.084519,-9.49198,-1.16653,0.124286,14,13,6.24,6.39,359.81514201314445,598.9322500274152,4276.07271878026,1.379883843593809,26.568567557141197,-86.815207083864,1.2385290535156137,0.5713101014053257,2.666113806558186,475.1191909755845,0.0,0.0050627764555695
0,0,0,0,0,0,-42.832031,1613.270386,3.683283,-59.383598,-0.102441,-12.4808,-1.38101,-0.049231,13,13,6.21,6.4,405.7329827551928,642.2672758462037,3216.205470289909,1.3047004378534626,26.281588121223432,-90.05347915694249,0.700038160682738,0.0,0.0,357.3561633655455,0.0,0.0007044693080886
0,0,0,0,0,0,-52.619442,696.852844,-7.346296,-43.6553,-0.075308,-7.95601,-1.09138,0.0425,12,15,5.94,6.11,368.8436795945805,603.0535377797229,2656.285254679575,1.297093170249904,26.023317576126928,-84.95380479593919,0.8077363392493132,0.4820428980607436,2.24953352428347,295.1428060755083,0.0,0.0022975247060355
0,0,0,0,0,0,-39.642651,1633.291016,-13.331108,-53.1357,-0.091663,-10.6834,-1.23571,0.113571,14,11,6.14,6.26,369.5185979246848,599.6626088641193,3827.4440344076847,1.5275148939362542,25.57155677104829,-82.73554481005951,0.7538872499660255,0.4641894573918271,2.166217467828526,425.2715593786317,0.0,0.0025150800502611
0,0,0,0,0,0,-38.686184,3708.782471,5.525489,-62.008099,-0.106968,-13.2358,-1.47638,0.015714,14,13,6.24,6.35,406.3808111170957,640.530624076265,3002.2358780923314,1.3087398485362784,26.01664588435214,-88.72761069058488,0.0538490892832875,0.8569651521079887,3.999170709837281,333.58176423248125,0.0,0.0057161922313863
0,0,0,0,0,0,-33.731285,14818.72656,-0.953025,-67.974403,-0.11726,-14.9523,-1.5808,0.136154,13,12,6.28,6.37,404.5474437703156,637.2382202260417,3012.820144126439,1.2643094301671525,25.854530717302897,-87.69574747365465,1.911642669556708,0.0,0.0,334.75779379182654,0.0,0.0021814147887385
0,0,0,0,0,0,-47.501511,1413.998291,-11.051863,-62.6991,-0.10816,-13.4346,-1.52925,-0.169286,14,12,5.9,6.18,381.06011611869326,619.3304046375156,3069.9006273898594,1.5098648173632545,26.47447650209137,-88.52594517501291,0.0,0.5534566607364093,2.5827977501032438,341.1000697099844,0.0,0.0007642077122146
0,0,0,0,0,0,-39.678265,22.085314,-7.802381,-70.183502,-0.121071,-15.5878,-1.71179,0.055714,14,8,5.85,5.66,325.8626571872268,567.5802369570831,3245.201028137133,1.3753267408099168,26.857508863317367,-84.74852810695556,0.2692454464164377,1.3925683721754814,6.49865240348558,360.577892015237,0.0,0.0006243131604165
0,0,0,0,0,0,-46.951305,52.835361,-7.855637,-58.0742,-0.100182,-12.1041,-1.48908,0.128182,11,10,5.97,6.01,383.5953622161005,625.9019625849085,2418.3298826670907,1.417442118925878,26.922955596534216,-91.13912768145904,0.8615854285326008,0.0357068813378328,0.1666321129098866,268.7033202963434,0.0,0.0006264470875058
0,0,0,0,0,0,-41.972717,337.527954,-10.100556,-74.626801,-0.128736,-16.865999,-1.86567,0.238461,13,10,6.4,6.14,405.74175438669977,633.2068538033648,3501.264931315847,1.5824588812213491,25.273899935185,-84.8140848167774,2.019340848123283,0.7141376267566573,3.3326422581977337,389.0294368128719,0.5,0.0042951297182151
0,0,0,0,0,0,-42.287861,364.070953,-10.392631,-45.998798,-0.079351,-8.63019,-1.06974,-0.008571,14,11,5.83,6.17,332.57342382486405,571.2865050789486,3707.445832097515,1.3389589949859628,26.523675694898284,-83.76769666483099,0.8885099731742445,0.5891635420742422,2.74942986301313,411.9384257886129,0.0,0.0051830749247944
0,0,1,0,0,0,-181.749161,40.057182,-51.60165,-72.067398,-0.144552,-12.1345,-1.94777,0.314,10,13,5.78,5.24,200.0303886194037,486.9447964098381,2953.1457816407565,1.4112895920367927,17.93215048690215,-58.27911363052721,14.81313183081426,10.675597891372432,24.02009525558797,184.57161135254728,0.3333333333333333,0.0047957741035709
0,0,1,0,0,0,-191.61171,397.467255,-70.322762,-65.021004,-0.130419,-10.0005,-1.85774,0.249,10,12,5.35,4.94,209.27611939773664,489.9675837637817,2612.1515225211588,1.2567843388068416,17.543216522877813,-56.77931071751454,13.108224205003564,10.772238789604527,24.23753727661019,163.25947015757242,0.0,0.0014409517658227
0,0,1,0,0,0,-190.971512,1418.088257,-35.691738,-62.304001,-0.124969,-9.17767,-1.63958,0.11,10,16,5.64,5.38,203.14669931840476,490.4960497956037,3428.456480615157,0.8216160046929941,17.959334404824936,-58.66811515360122,1.3136173510344724,10.772238789604527,24.23753727661019,214.27853003844731,0.0,0.001843354055215
0,0,1,0,0,0,-164.46019,223.173035,-48.153694,-61.967201,-0.124293,-9.07566,-1.72131,0.211,10,13,5.77,5.52,202.5764680492244,512.6263084867469,3523.169639892454,1.273988964778331,19.37811502734516,-66.95130500555057,19.91388005557577,10.682040617921238,24.034591390322788,220.1981024932784,0.0,0.0050507361082347
0,0,1,0,0,0,-169.664124,179.017288,-40.598896,-56.318802,-0.112964,-7.36504,-1.44407,0.309,10,12,5.68,5.25,194.93024106820843,479.509497139525,3767.043390445091,1.3112268693931306,17.786203504457287,-57.07496778715797,19.117324853352745,10.759353336506916,24.20854500714056,235.4402119028182,0.0,0.0009790899341567
0,0,1,0,0,0,-180.385681,104.736115,-46.001259,-66.904701,-0.134197,-10.571,-1.7155,0.435,10,10,5.67,5.25,240.1264891969972,490.3440340759653,3307.407161620904,1.0770820425128638,15.638596554935509,-48.63820773127799,5.659734331584695,10.778681516153338,24.25203341134501,206.7129476013065,0.0,0.0012723354421099
0,0,1,0,0,0,-174.98407,194.314789,-15.561009,-74.196198,-0.148822,-12.7793,-1.95253,0.241111,9,12,5.87,5.56,228.40652755698076,494.1763837997106,4611.274689631451,1.372142525021738,16.610616015170617,-53.01359063029485,16.16867313986047,10.778681516153338,24.25203341134501,288.2046681019657,0.3333333333333333,0.0025595826412006
0,0,1,0,0,0,-182.490433,239.810867,-20.201059,-75.003601,-0.150442,-13.0238,-1.82936,0.373,10,12,5.93,5.64,192.60126953539003,492.3923869010489,2932.757424815086,1.367207704520076,18.73694483535368,-62.33661042519878,18.572313399200144,10.772238789604527,24.23753727661019,183.29733905094287,0.0,0.0049570124090508
0,0,1,0,0,0,-176.551422,22.873835,-21.708342,-83.682098,-0.167849,-15.6521,-2.1457,0.397,10,15,6.21,5.93,237.311970507768,514.4366819810057,3343.461548576208,1.1389221562155174,17.320294467077353,-57.57825335846751,8.594411392406387,10.707811524116464,24.092575929262047,208.966346786013,0.3333333333333333,0.0031565854826986
0,0,1,0,0,0,-165.108902,275.769714,-16.019171,-78.432701,-0.15732,-14.0623,-2.06402,0.343,10,16,6.16,5.83,188.8508318007561,505.336314022188,3502.369696811793,1.0214041094007869,19.780342638839493,-68.27002727368374,14.184272460638184,10.759353336506916,24.20854500714056,218.89810605073703,0.0,0.0013845412058984
0,0,1,0,0,0,-172.601166,61.767029,-34.535877,-63.140999,-0.126648,-9.43115,-1.70651,0.269,10,15,5.89,5.55,276.88302196573693,526.9568874075445,2838.6245850095256,1.3266095210232054,15.629616590112974,-51.00410634348226,17.468315838224367,10.759353336506916,24.20854500714056,177.41403656309535,0.3333333333333333,0.005340949371167
0,0,1,0,0,0,-167.162582,52.254566,-20.273518,-69.396797,-0.139196,-11.3258,-1.82623,0.417778,9,15,5.77,5.61,289.0814422671907,531.8987748935155,2668.7770456948383,1.413295757987978,15.176083289145296,-49.37656771614989,15.316219326955125,10.707811524116464,24.092575929262047,166.7985653559274,0.3333333333333333,0.0041545060167845
0,0,1,0,0,0,-176.34552,-23.000284,-6.134753,-80.170097,-0.160805,-14.5885,-2.29057,0.324444,9,13,5.52,5.11,218.87398485609955,511.46165765152176,2672.6540208244023,1.0116110698929053,18.28672954971389,-61.75005479513816,16.26649570855453,10.682040617921238,24.034591390322788,167.04087630152517,0.0,0.0045409942100136
0,0,1,0,0,0,-166.321609,278.859406,-17.232693,-88.377899,-0.177268,-17.0742,-2.32573,0.329,10,13,6.21,5.83,251.24670949167643,537.9936367161946,2995.7452830793627,1.295685343258092,17.921682951532386,-62.07471812482119,15.665585643719613,10.836666055092596,24.382498623958337,187.23408019246017,0.0,0.0048594957353449
0,0,1,0,0,0,-166.321609,278.859406,-17.232693,-88.377899,-0.177268,-17.0742,-2.32573,0.329,10,13,6.21,5.83,251.24670949167643,537.9936367161946,2995.7452830793627,1.295685343258092,17.921682951532386,-62.07471812482119,15.665585643719613,10.836666055092596,24.382498623958337,187.23408019246017,0.0,0.0048594957353449
0,0,1,0,0,0,-178.636032,138.732971,-20.631853,-83.833603,-0.168153,-15.698,-2.26577,0.351111,9,14,6.14,5.68,265.9078454148872,517.0941301329333,2657.7463077076027,0.9982314917260724,15.69914279487788,-50.65406608476484,6.973351682619167,9.850928893125197,22.16459000953169,166.10914423172517,0.0,0.0037558426501807
0,0,1,0,0,0,-167.723724,986.428406,-38.693882,-75.473,-0.151383,-13.1659,-2.03981,0.426,10,15,6.13,5.83,217.21897860528503,494.960208708571,3446.789957784493,1.1383573303644412,17.35882688145537,-56.33142059381035,7.630160358136403,10.759353336506916,24.20854500714056,215.4243723615308,0.0,0.0045035028981085
0,0,1,0,0,0,-177.531326,153.799957,-10.909726,-82.986603,-0.166454,-15.4415,-2.18386,0.382222,9,14,6.01,5.49,238.82238040901217,516.0212442849994,2509.27489224666,1.0710206179548418,17.324928992249202,-57.71434737210244,16.00097730781352,10.772238789604527,24.23753727661019,156.82968076541624,0.0,0.0037609277411993
0,0,1,0,0,0,-157.68454,60.354946,-13.434031,-80.4216,-0.161309,-14.6646,-2.17356,0.458889,9,17,6.21,5.9,237.0976128563534,504.932552994526,3867.0139196409546,1.520335073605317,16.739683758635785,-54.3268725810034,15.274295368943385,10.469430641810622,23.556218944073898,241.6883699775597,0.0,0.0008009100466318
0,0,1,0,0,0,-161.805481,195.997757,-47.633057,-57.280102,-0.114892,-7.65617,-1.46872,0.149,10,15,5.52,5.07,177.9783150248664,472.65998936322666,3665.0286236071406,1.2301384354127325,18.41760464614752,-59.35270766415332,17.24472139549509,10.746467883409302,24.17955273767093,229.0642889754463,0.0,0.0028971572208807
0,0,1,0,0,0,-171.346451,1516.991943,-49.743183,-60.170799,-0.12069,-8.53163,-1.58344,0.16,10,10,5.25,4.89,174.36932860565503,453.6970362045125,3881.488732827386,1.519983032501742,17.45798172492859,-53.74416008119662,13.066300246991824,10.778681516153338,24.25203341134501,242.59304580171164,0.0,0.0012981408777438
0,0,1,0,0,0,-175.666626,196.981918,-20.558584,-69.252197,-0.138906,-11.282,-1.92367,0.409,10,15,6.23,5.77,206.4243197382217,498.82011496881614,3500.020169396792,1.4738621889604668,18.274737201912156,-60.72461398656441,13.583362395803269,10.733582430311692,24.150560468201306,218.7512605872995,0.0,0.0016115757200369
0,0,1,0,0,0,-164.290558,44.697342,-55.968014,-65.745697,-0.131872,-10.22,-1.73015,0.487778,9,15,5.88,5.34,246.07359759072816,492.7544566834802,3541.5274853413807,1.1915061398687503,15.417553693297007,-47.87780914030955,5.422165236184844,10.772238789604527,24.23753727661019,221.3454678338363,0.3333333333333333,0.00451731661064
0,0,1,0,0,0,-196.650864,1899.775879,-32.914494,-81.7211,-0.163916,-15.0582,-2.20868,0.281111,9,13,5.86,5.65,231.64608750805309,494.07980072039953,3977.0339760517727,1.3892401477422105,16.402107075771653,-52.11166433889897,22.03802726150386,10.772238789604527,24.23753727661019,248.5646235032358,0.0,0.0022027784107983
0,0,1,0,0,0,-183.02684,102.931816,-41.759613,-75.753197,-0.151945,-13.2508,-1.9935,0.303,10,13,5.78,5.42,216.8179240670686,509.40103835746993,3166.9883229564894,1.410911905807207,18.286444643150084,-61.59049194604887,14.156323155297024,10.720696977214075,24.121568198731676,197.93677018478056,0.3333333333333333,0.0043829596978446
0,0,1,0,0,0,-194.249191,164.625687,-43.315353,-76.668098,-0.15378,-13.5279,-1.9167,0.223,10,15,5.92,5.66,164.59280116639616,492.56834558817246,3845.1016999782582,1.1251428246470518,20.49847152636102,-70.63857110821515,11.039975609757798,10.82378060199498,24.353506354488708,240.3188562486412,0.0,0.0023247912199011
0,0,1,0,0,0,-172.484009,213.051056,-34.434067,-60.819901,-0.121992,-8.72821,-1.73771,0.512222,9,14,6.02,5.6,219.22408340060923,499.8297264858394,3728.582260551754,1.2641319791793606,17.53785269282689,-57.48201347986996,11.934353380674889,10.669155164823628,24.00559912085316,233.03639128448464,0.3333333333333333,0.0020114839130353
0,0,1,0,0,0,-192.44783,64.921829,-56.198723,-78.863899,-0.158185,-14.1929,-1.9716,0.263,10,16,5.98,5.82,176.12928568334934,487.8611925955438,3300.3605471629107,0.9353959557860668,19.483244182012157,-65.42578192762105,6.917453071936849,10.656269711726011,23.97660685138353,206.27253419768192,0.0,0.0018479107421309
0,0,1,0,0,0,-192.44783,64.921829,-56.198723,-78.863899,-0.158185,-14.1929,-1.9716,0.263,10,16,5.98,5.82,176.12928568334934,487.8611925955438,3300.3605471629107,0.9353959557860668,19.483244182012157,-65.42578192762105,6.917453071936849,10.656269711726011,23.97660685138353,206.27253419768192,0.0,0.0018479107421309
0,0,1,0,0,0,-184.081146,58.195747,-78.021469,-81.055603,-0.162581,-14.8567,-2.07835,0.387778,9,13,5.95,5.56,215.0430702354772,485.1803177002761,3163.190122435772,1.251483657827781,16.883577966549936,-53.556561097004135,9.111473541217828,10.740025156860495,24.165056602936115,197.69938265223573,0.0,0.0025671957666723
0,0,1,0,0,0,-205.210403,70.489006,-68.273598,-82.501198,-0.16548,-15.2945,-2.06253,0.276,10,13,5.78,5.51,200.79751244806977,498.2011622190138,3868.2146628086193,1.0038430577704949,18.587728110684,-62.10725332972178,11.864480117321987,10.720696977214075,24.121568198731676,241.7634164255387,0.0,0.002049336245092
0,0,1,0,0,0,-194.960144,2911.347168,-55.559025,-75.687599,-0.151814,-13.2309,-1.94071,0.323333,9,16,6.16,5.85,195.99618050571928,497.5286450686468,3520.5497567843267,1.079570657104922,18.845779035182968,-63.24303444377913,15.819306823095983,10.720696977214075,24.121568198731676,220.0343597990204,0.0,0.0015936250507952
0,0,1,0,0,0,-196.561981,83.432259,-63.207367,-77.774902,-0.156,-13.8631,-1.99423,0.291111,9,13,5.93,5.66,218.65274003712807,514.3808806091462,3391.083436467695,1.3428645575753468,18.48300878575113,-62.88321666550009,11.654860327263297,10.669155164823628,24.00559912085316,211.94271477923093,0.3333333333333333,0.0052421356926123
0,0,1,0,0,0,-181.188675,190.189209,-47.590668,-82.333603,-0.165144,-15.2437,-2.35239,0.365,10,13,6.12,5.63,274.2130037558797,506.41158433402927,2899.5720414853718,1.483785296121344,14.512411286134348,-45.01668066535896,11.724733590616196,10.836666055092596,24.382498623958337,181.2232525928357,0.0,0.0016028348435723
0,0,1,0,0,0,-163.072769,36.008026,-54.727066,-61.936798,-0.124232,-9.06646,-1.82167,0.487778,9,15,5.75,5.32,243.1561214372817,518.4112883298396,3278.986147670067,1.2624242844350817,17.20344793078487,-57.341907131575965,5.422165236184844,10.772238789604527,24.23753727661019,204.9366342293792,0.3333333333333333,0.00451731661064
0,0,1,0,0,0,-194.004303,6458.671875,-33.521431,-75.6782,-0.151795,-13.2281,-1.84581,0.214,10,11,5.69,5.38,220.3182172801704,468.9427576238065,4007.1692548448655,1.5777047594608316,15.53903377147726,-46.82796223625826,19.131299506023325,10.707811524116464,24.092575929262047,250.4480784278041,0.0,0.0020628844853004
0,0,1,0,0,0,-176.155136,1737.254761,-58.554588,-52.381302,-0.105066,-6.17254,-1.34311,0.3,10,13,5.78,5.38,203.76242419237508,509.1219085876616,3433.944772098521,1.0706906641047542,19.084967774705405,-65.28166295262153,12.33961830812169,10.69492607101885,24.06358365979241,214.62154825615755,0.0,0.0053711948187144
0,0,1,0,0,0,-167.043091,440.747711,-39.329853,-82.882301,-0.166245,-15.4099,-2.24006,0.431111,9,15,6.35,5.87,168.73940184674137,494.2373474130197,4179.840015070324,1.417792917624124,20.3436215978924,-70.03586767654332,18.404617567153192,10.81089514889737,24.32451408501908,261.24000094189523,0.0,0.0018308877870094
0,0,1,0,0,0,-174.194046,110.710724,-31.481579,-65.839104,-0.13206,-10.2483,-1.82886,0.142,10,13,5.93,5.76,184.6459826002831,506.791181155287,3361.6136102177697,1.4627751223506116,20.134074909687744,-70.09249040173194,12.241795739427635,10.830223328543788,24.368002489223525,210.1008506386106,0.0,0.0041939636105717
0,0,1,0,0,0,-168.342987,187.815491,-24.813887,-79.876801,-0.160216,-14.4997,-2.04812,0.345,10,15,6.34,5.95,217.16855874722611,476.1792614341071,3850.4203799313855,0.999936472112198,16.18816891793006,-49.98226216855688,4.1504718431621095,4.374611326639639,9.842875484939189,240.6512737457116,0.0,0.0026386304320625
0,0,1,0,0,0,-193.393524,937.043335,-72.010574,-62.999599,-0.126364,-9.38835,-1.53658,0.138889,9,9,5.4,5.37,213.3927331091433,488.1664039757234,3042.4724694805427,1.1253332448332882,17.173354429161257,-55.02552203468989,4.541762117938335,10.69492607101885,24.06358365979241,190.15452934253392,0.0,0.0024030237370923
0,0,1,0,0,0,-172.444397,75.149536,-61.668732,-80.755699,-0.161979,-14.7658,-2.01889,0.263333,9,11,5.71,5.44,196.3430905057604,469.8063514541137,3885.919252439218,1.398149388325355,17.091453809272085,-53.35117564489511,10.550862766287516,10.630498805530786,23.91862231244427,242.86995327745112,0.0,0.0014705332513389
0,0,1,0,0,0,-181.36055,318.277832,-37.444988,-73.621902,-0.14767,-12.6053,-1.88774,0.497778,9,14,6.06,5.63,287.9448973784481,518.2650494042042,3159.2185157314416,1.2604773950374906,14.395009501609756,-45.25554548563619,8.161197159618425,10.682040617921238,24.034591390322788,197.4511572332151,0.3333333333333333,0.0042477480215012
0,0,1,0,0,0,-168.089783,68.966286,-52.931755,-70.317101,-0.141042,-11.6045,-1.95325,0.314445,9,11,5.7,5.49,222.06915690533623,494.0338813536005,3021.012570289433,1.2607293264345198,16.99779527801652,-54.68134446813017,12.814756498921394,10.720696977214075,24.121568198731676,188.8132856430896,0.0,0.0019275141415776
0,0,1,0,0,0,-198.664032,1941.587646,-31.607986,-77.145203,-0.154737,-13.6724,-1.92863,0.3,10,12,5.64,5.4,236.72907158971253,497.8758180971808,3955.6130248293593,1.3499457281459804,16.321671656716763,-52.0280962054123,17.25869604816567,10.798009695799756,24.295521815549453,247.22581405183496,0.0,0.0011629749933234
0,0,1,0,0,0,-182.92128,16.4895,-53.817162,-76.193901,-0.152829,-13.3843,-2.0051,0.416667,9,13,5.86,5.52,201.00609625533343,501.0559554869272,3755.6341356867615,1.3009558740680465,18.75311620197461,-63.09311060339019,3.7871308737270426,10.733582430311692,24.150560468201306,234.7271334804226,0.0,0.0019380409953896
0,0,1,0,0,0,-163.411697,328.561066,-17.161879,-74.212799,-0.148856,-12.7843,-1.95297,0.442,10,19,6.34,6.12,249.29298128982637,522.8994885387004,4070.834705656899,1.5540791326804466,17.10040670305463,-57.20238010522439,17.524214448906683,10.682040617921238,24.034591390322788,254.4271691035562,0.3333333333333333,0.0023794374922861
0,0,1,0,0,0,-173.076172,146.97493,-66.179817,-67.571198,-0.135534,-10.7729,-1.73259,0.342222,9,13,5.91,5.66,232.84161002207264,510.8143371558489,2229.753045027601,1.1568549448078391,17.373295445861014,-57.552023222691005,12.549238098180384,10.559628813493914,23.759164830361307,139.35956531422505,0.3333333333333333,0.0050417891201472
0,0,1,0,0,0,-163.082565,286.991547,-50.15836,-67.792397,-0.135977,-10.8398,-1.73827,0.346,10,13,5.78,5.46,267.014310168524,525.0290606292572,3728.217198841384,1.316985245697106,16.125921903795824,-53.03092767487284,10.089699228158391,10.778681516153338,24.25203341134501,233.0135749275865,0.0,0.0045150834762949
0,0,1,0,0,0,-185.703278,35.60355,-26.786077,-71.898102,-0.144213,-12.0833,-1.94319,0.48,9,18,6.38,5.88,176.162502248867,458.7393907419327,3801.530154074875,1.3693631421928196,17.661055530816608,-54.9843131178546,14.407866903367456,10.28903429844404,23.15032717149909,237.5956346296797,0.0,0.0024551742843442
0,0,1,0,0,0,-172.463028,166.576004,-57.125252,-78.041901,-0.156536,-13.944,-1.95105,0.321,10,13,5.91,5.51,224.72335186186643,504.3536936533153,3636.920902530849,1.1191444645163426,17.47689636196555,-57.542687387753645,7.97952667490089,10.746467883409302,24.17955273767093,227.30755640817807,0.3333333333333333,0.0037666775267839
0,0,1,0,0,0,-166.380753,70.311813,-52.404278,-70.804001,-0.142018,-11.7519,-1.86326,0.413333,9,12,5.87,5.53,217.50356117699025,502.67965249752905,4008.2700433978553,1.5195364025529323,17.823505707533677,-58.973709454051615,14.05850058660297,10.759353336506916,24.20854500714056,250.51687771236595,0.0,0.0014764758582959
0,0,1,0,0,0,-179.425064,69.298935,-26.713594,-80.073196,-0.16061,-14.5591,-2.00183,0.245,10,12,5.88,5.57,118.75725810664152,423.1002590582513,3407.6278574885564,1.4233964759973257,19.02143755947561,-58.11136422156648,10.019825964805497,0.0,0.0,212.9767410930348,0.0,0.0012334434552983
0,0,1,0,0,0,-178.901627,111.38253,-42.931355,-78.813301,-0.158083,-14.1776,-2.18926,0.279,10,12,5.68,5.23,216.001566466772,482.7373238074247,3170.893603179128,1.3529755196209534,16.670984833790794,-52.47300139153295,14.100424544614707,10.707811524116464,24.092575929262047,198.1808501986955,0.3333333333333333,0.0043823797851928
0,0,1,0,0,0,-153.738632,313.631927,-19.152451,-68.130699,-0.136656,-10.9423,-1.74694,0.251,10,13,5.72,5.4,158.69154920928264,435.8189157953725,3613.755060384477,1.2867814744483883,17.320460411630616,-51.86027933722983,5.170621488114412,1.752421621275378,3.942948647869601,225.85969127402976,0.0,0.0013124848746251
0,0,1,0,0,0,-176.679886,412.357239,-37.93008,-69.0168,-0.138433,-11.2107,-1.76966,0.288889,9,12,5.54,5.14,222.9278087498291,465.873510096817,4157.728799009547,1.2803719204830866,15.184106334186742,-45.2005091755795,0.0698732633528974,10.656269711726011,23.97660685138353,259.8580499380967,0.0,0.0017501780854115
0,0,1,0,0,0,-176.018646,113.129051,-71.121056,-56.523899,-0.113375,-7.42715,-1.44933,0.282,10,11,5.41,5.09,220.99760217823348,506.69029620810136,4026.2422774668776,1.176899234126913,17.855793376866743,-59.42003545330925,10.173547144181873,10.688483344470049,24.049087525057605,251.64014234167985,0.0,0.0025505226709874
0,0,1,0,0,0,-184.87648,232.227295,-24.385582,-69.312401,-0.139026,-11.3002,-1.77724,0.15,10,15,5.91,5.62,139.92641043888443,459.929041575035,3114.409134641588,1.3321425913902027,20.00016444600941,-65.51017121497135,20.528764773081274,9.290411683379029,20.90342628760281,194.65057091509925,0.0,0.0056008203086829
0,0,1,0,0,0,-176.451767,299.703308,-71.99736,-66.8274,-0.134042,-10.5476,-1.67069,0.326,10,12,5.79,5.39,277.287737270604,520.9631563530723,2661.03708153488,1.1356209476086023,15.22971369265427,-48.90649664248516,20.039651929610997,10.75291060995811,24.194048872405748,166.31481759592998,0.3333333333333333,0.0054149432134923
0,0,1,0,0,0,-169.996628,63.719402,-18.750137,-77.304703,-0.155057,-13.7207,-1.93262,0.4225,8,12,5.94,5.57,212.9101050773621,487.2189114308098,3033.829385638215,1.5454136010138748,17.144300397090486,-54.8307382870923,20.43094220438722,10.669155164823628,24.00559912085316,189.61433660238845,0.0,0.0035020986404822
0,0,1,0,0,0,-174.77681,113.252174,-46.575287,-75.1353,-0.150706,-13.0637,-1.97725,0.34,9,12,5.99,5.53,269.2079641120462,507.56519780539327,2442.5864034551505,1.2146385749901587,14.89732710583419,-46.66815504685555,11.31946866316939,10.746467883409302,24.17955273767093,152.6616502159469,0.0,0.0039857225588138
0,0,1,0,0,0,-171.39888,1386.136353,-15.814301,-69.232201,-0.138865,-11.2759,-1.77518,0.167,10,17,5.99,5.74,205.02081666172472,514.7347153873603,3735.098736181568,1.349093211812831,19.357118670352225,-67.0228537419014,11.501139147886922,10.69492607101885,24.06358365979241,233.443671011348,0.0,0.0019110638936364
0,0,1,0,0,0,-180.582047,272.829498,-44.882942,-74.916901,-0.150268,-12.9975,-2.02478,0.194,10,10,6.09,5.57,211.53093189063787,478.50556408809626,3516.4546316411943,1.2838131688914076,16.68591451234115,-52.24018855679426,14.687359956779048,10.75291060995811,24.194048872405748,219.77841447757464,0.0,0.0031193475626348
0,0,1,0,0,0,-173.308914,350.68576,-27.00366,-67.915497,-0.136224,-10.8771,-2.19082,0.164444,9,15,5.65,5.3,189.2609989242361,505.1303651704527,2901.703822664218,1.3618858600461494,19.741835390388538,-68.06896578643294,13.709134269838485,10.785124242702144,24.26652954607982,181.35648891651363,0.0,0.0013422591150992
0,0,1,0,0,0,-196.625336,1007.085632,-21.527475,-73.403297,-0.147232,-12.5391,-1.7477,0.382222,9,11,5.78,5.42,168.15833232872706,435.3981685351312,3252.8632687629743,1.5126182194986082,16.702489762900257,-49.28689526490437,15.022751620872953,10.71425425066527,24.10707206399686,203.3039542976859,0.0,0.0019349091972953
0,0,1,0,0,0,-175.352783,152.997147,-27.216066,-68.192703,-0.13678,-10.9611,-1.70482,0.25,10,10,5.55,5.21,202.70371533438788,482.4162569713642,3094.4408667222438,1.2604879491519203,17.48203385231102,-55.955005174468056,13.932728712567757,10.70136879756766,24.07807979452723,193.4025541701402,0.3333333333333333,0.0036775235135916
0,0,1,0,0,0,-163.697311,235.342682,-36.446514,-59.452301,-0.119249,-8.31401,-1.52442,0.324444,9,20,6.12,5.89,305.85279851268945,532.4003726876975,2642.7329051670567,1.459377711249182,14.159223385938006,-45.13048852872697,11.207671441804754,10.720696977214075,24.121568198731676,165.17080657294105,0.0,0.0015133699421458
0,0,1,0,0,0,-171.312027,20.304426,-53.67416,-72.7192,-0.14586,-12.332,-1.81798,0.172,10,13,5.91,5.52,179.94788417915703,490.55030249502846,4005.936867267611,1.2092482287851678,19.412651144741965,-65.31587854272043,9.93597804878202,10.785124242702144,24.26652954607982,250.3710542042257,0.0,0.0014168182628654
0,0,1,0,0,0,-174.231598,408.62973,-43.749413,-70.791298,-0.141993,-11.7481,-1.86293,0.4,10,16,5.94,5.73,261.3428716137252,512.0844697913602,3770.444452771712,1.3968528891872634,15.671349886102188,-50.205412931237,0.9223270762582464,10.733582430311692,24.150560468201306,235.652778298232,0.3333333333333333,0.0024798936489905
0,0,1,0,0,0,-168.704163,50.40448,-56.72131,-68.426003,-0.137248,-11.0317,-1.80068,0.397778,9,10,5.65,5.33,237.2373847225577,507.1960975417498,2612.9167479984244,1.286216530588288,16.872419551199506,-55.068534149389016,14.81313183081426,10.682040617921238,24.034591390322788,163.30729674990152,0.0,0.0017019278722488
0,0,1,0,0,0,-166.775391,1184.035767,-50.947468,-64.225998,-0.128824,-9.75975,-1.64682,0.16,10,10,5.58,5.1,171.77220099924472,481.0495166744399,5008.152285766604,1.2753580605969532,19.329832229699697,-64.15838484532442,13.289894689721098,10.727139703762884,24.13606433346649,313.0095178604128,0.0,0.0014434120457218
0,0,1,0,0,0,-170.707123,1261.488281,-18.831335,-66.973602,-0.134335,-10.5919,-1.76246,0.408,10,12,6.0,5.59,228.72844812944876,521.0020452386593,3913.0715413296257,1.5307055275458106,18.26709981932566,-62.39157916791157,17.77575819697712,10.746467883409302,24.17955273767093,244.5669713331016,0.3333333333333333,0.0035231625136195
0,0,1,0,0,0,-175.415756,210.216476,-38.755943,-62.7771,-0.125918,-9.32095,-1.56943,0.408,10,12,5.78,5.28,207.57960626745745,474.3191091830133,3998.7939615557834,1.1623615902487237,16.671218932222242,-51.884606136707326,4.905103087373401,10.733582430311692,24.150560468201306,249.9246225972364,0.0,0.0020933703936966
0,0,1,0,0,0,-177.445847,853.374817,-24.852661,-63.003899,-0.126373,-9.38964,-1.61548,0.191,10,13,5.98,5.72,246.65708574177197,495.2940582377448,2838.45750268773,1.4320423659371446,15.539810780998302,-48.55086941758107,5.380241278173106,10.71425425066527,24.10707206399686,177.40359391798313,0.3333333333333333,0.005023104614245
0,0,1,0,0,0,-171.551819,307.849915,-46.864357,-75.297997,-0.151032,-13.113,-2.03508,0.388889,9,11,5.73,5.23,191.7385712310636,463.83275314129486,3385.8697731612865,1.5387138786424726,17.005886369389454,-52.55966422015331,16.993177647424663,10.70136879756766,24.07807979452723,211.6168608225804,0.3333333333333333,0.0040958415285408
0,0,1,0,0,0,-191.831451,1133.514648,-26.900572,-76.818604,-0.154082,-13.5735,-2.07618,0.336,10,12,5.69,5.47,209.73806626116576,495.8164279082361,4434.970563909054,1.1721144003007689,17.87989760294189,-58.712687086841534,18.7400092312471,10.733582430311692,24.150560468201306,277.1856602443159,0.3333333333333333,0.0027151334572229
0,0,1,0,0,0,-182.750717,371.234772,-40.001404,-66.583504,-0.133553,-10.4737,-1.70727,0.174,10,15,5.7,5.18,187.43976702381968,508.6431967305723,3994.2607149068353,1.3300143288520698,20.07521435667204,-69.96432278278247,17.454341185553787,10.746467883409302,24.17955273767093,249.6412946816772,0.0,0.0025606827186096
0,0,1,0,0,0,-183.650406,68.063042,-14.322298,-75.697601,-0.151834,-13.234,-1.89244,0.414,10,13,5.86,5.5,168.72851935012363,457.070659320209,3474.276004591876,1.3583851138235483,18.021383748130336,-56.41616892420468,15.707509601731353,9.135786246207669,20.555519053967256,217.14225028699224,0.3333333333333333,0.0047401895316291
1,0,0,0,0,0,-306.252869,940.965881,-46.322643,-65.769699,-0.148977,-13.7866,-2.0553,0.895,6,13,5.63,5.49,90.87391853724864,349.96870184629194,3113.0195725424646,1.476904640314877,23.554071209913022,-59.02877873400619,21.722499872087464,7.244648908321842,21.07534227875445,283.00177932204224,0.0,0.0006015954681465
1,0,0,0,0,0,-262.992706,67.198845,0.511519,-67.998299,-0.154025,-14.4886,-2.26661,0.85,5,13,5.72,5.54,84.83790921694668,380.9007051194467,3022.0377348074144,1.3630915788359126,26.9147996275,-74.97071557204573,21.722499872087464,7.806338459758188,22.709348246569277,274.7307031643104,0.0,0.0022101974762621
1,0,0,0,0,0,-295.365479,126.929871,-9.581487,-60.3367,-0.13667,-12.0753,-1.94635,0.558333,6,10,5.23,5.11,81.77839964389926,403.0553246738114,2982.200577923576,1.062963974258835,29.206993184537467,-87.04822548818035,27.18889970814636,3.4733047772492376,10.10415935199778,271.10914344759783,1.0,0.0118494808063025
1,0,0,0,0,0,-294.01178,57.357368,-7.954232,-61.8764,-0.140158,-12.5603,-1.99601,0.315,6,14,5.82,5.7,115.30669719020187,408.24502433146336,2471.4848872183684,1.2253358303617738,26.630757012841958,-76.83345433376444,29.077812740501795,4.195477057667396,12.205024167759696,224.68044429257893,0.0,0.0016116359369842
1,0,0,0,0,0,-295.523071,84.084358,-6.575427,-52.547199,-0.119026,-9.62175,-1.69507,0.4475,4,13,5.88,5.74,147.24554206911083,382.50788295741,2501.571137953674,1.2033469970892496,21.387485535299927,-54.365320371783234,25.571875672872395,7.514030631969885,21.858998202094213,227.41555799578856,1.0,0.0118378380268325
1,0,0,0,0,0,-284.605316,856.388184,-34.295822,-53.626499,-0.121471,-9.96173,-1.57725,0.575,6,13,5.51,5.41,143.70169822057247,399.3256543907081,2099.255188291183,1.1276229359636245,23.238541470012333,-62.625615333762205,22.03731871081337,7.984015766845195,23.22622768536784,190.84138075374392,1.0,0.0104941296593424
1,0,0,0,0,0,-295.144745,1086.586426,-17.590239,-67.067802,-0.151917,-14.1955,-2.09587,0.491667,6,11,5.57,5.36,64.07176225854602,358.29060379451585,2900.300823057706,0.8632813880695669,26.74716741236089,-71.81246753763877,15.28302362542122,7.164407543830936,20.841912854780904,263.66371118706417,0.0,0.0020402834194256
1,0,0,0,0,0,-284.269867,37.216164,-28.013979,-57.6143,-0.130504,-11.2178,-1.69454,0.491667,6,13,5.78,5.63,109.70632623015511,377.457514654692,2479.6292930092304,1.085401827526557,24.34101712950335,-64.62107671192875,26.344612822472342,6.596986466359526,19.191233356682257,225.4208448190209,0.0,0.0007195516031213
1,0,0,0,0,0,-293.927124,615.960266,-59.724953,-53.231701,-0.120577,-9.83737,-1.90113,1.223333,3,12,5.06,4.97,134.4708066740178,387.76722371042666,3150.611798767226,1.300189297508864,23.026947003309896,-60.739716171426274,32.51220007205712,6.545402732043942,19.04117158412783,286.4192544333842,1.0,0.0112672844203493
1,0,0,0,0,0,-297.32077,1553.418823,-10.380266,-57.258202,-0.129697,-11.1056,-1.7351,0.555,6,13,5.93,5.73,145.90470049171776,373.387554331654,2636.14692469758,0.9797532354839,20.6802594399942,-51.12955938752025,27.417858863583387,7.39940011126859,21.52552759641772,239.6497204270527,0.0,0.0019481287570262
1,0,0,0,0,0,-275.518921,3.064873,0.120867,-37.851898,-0.08574,-4.99305,-1.45584,0.118333,6,4,4.09,3.99,104.69296111996852,395.4387569823125,2217.0636135931536,1.0284596906670056,26.431435987485816,-74.627165531748,27.303379285864875,3.3300166263726187,9.687321094902163,201.5512375993776,0.0,0.0027137522736982
1,0,0,0,0,0,-293.11026,27.741791,5.966577,-43.865002,-0.09936,-6.88705,-1.51259,0.218333,6,7,4.37,4.23,124.5199176468115,415.5889765102213,2323.570620711351,0.8762159622700855,26.46082353303725,-76.93924304246364,24.14088095139101,4.56229472391154,13.27213010592448,211.23369279194097,0.0,0.0006118981637573
1,0,0,0,0,0,-309.16037,12.446777,11.562342,-33.358002,-0.07556,-3.57756,-1.11193,0.2275,4,3,3.75,3.6,136.50792474095994,421.6008983202774,1557.1636130733586,0.7188704640828152,25.917543052665224,-75.36338642132544,21.89421923866523,1.530317451362288,4.451832585781202,141.56032846121445,0.0,0.0021869880854673
1,0,0,0,0,0,-300.807617,282.977783,12.653295,-47.886501,-0.108469,-8.15372,-1.49645,0.298,5,7,4.53,4.44,118.96213050812412,403.581406241726,2471.085603834651,1.2980515203755305,25.874479612145624,-73.26928841871792,26.716671450057504,5.215688691908921,15.1729125582805,224.64414580315008,1.0,0.0077450625913394
1,0,0,0,0,0,-296.703674,284.889465,3.428208,-53.677101,-0.121586,-9.97767,-1.57874,0.086667,6,12,5.73,5.53,97.14843619521338,394.6343814360623,2586.816481828715,1.0185377088704168,27.04417684007717,-77.01771369849644,31.83963255296087,7.2847695905672945,21.19205699074122,235.16513471170137,1.0,0.0058758360931624
1,0,0,0,0,0,-275.08197,-7.628891,-4.869268,-29.055799,-0.065815,-2.22243,-1.00192,0.076667,6,4,3.92,3.73,101.13726034028348,386.50549815384767,1970.3411157614853,1.1758446535545382,25.94256707396038,-71.71927057321118,28.74868395456108,3.9891421204050648,11.604777077542009,179.1219196146805,0.0,0.0031328569081075
1,0,0,0,0,0,-300.207581,43.155701,0.928641,-29.197599,-0.066136,-2.26709,-1.53671,0.106667,6,3,3.98,3.81,126.07388973708017,415.1390257126366,1686.0642449403567,1.0271795371283086,26.278648725050587,-76.14420698364543,28.99195305721291,2.309804992131094,6.719432704381364,153.2785677218506,1.0,0.0116378797953647
1,0,0,0,0,0,-275.730469,30.770613,12.46636,-34.180099,-0.077422,-3.83649,-1.10258,-0.046667,6,5,4.14,3.98,83.54420234548252,391.4068989175927,1646.3031405600432,0.992089437990022,27.987517870191837,-80.52751183518598,23.826062112665102,2.6078443459544607,7.58645627914025,149.66392186909482,0.0,0.0032110815667226
1,0,0,0,0,0,-293.11026,27.741791,5.966577,-43.865002,-0.09936,-6.88705,-1.51259,0.218333,6,7,4.37,4.23,124.5199176468115,415.5889765102213,2323.570620711351,0.8762159622700855,26.46082353303725,-76.93924304246364,24.14088095139101,4.56229472391154,13.27213010592448,211.23369279194097,0.0,0.0006118981637573
1,0,0,0,0,0,-298.049774,89.196228,-6.368576,-31.683399,-0.071767,-3.05007,-1.02204,0.314,5,7,4.12,3.96,114.32060877835904,408.5362976597293,2282.035593692286,1.1195629417338264,26.7468808073973,-77.3411232857249,27.160279813716738,3.98341059437,11.588103547258184,207.45778124475328,0.0,0.0036736163270276
1,0,0,0,0,0,-296.852081,35.798714,1.057453,-37.928799,-0.085914,-5.01725,-1.3546,0.226,5,5,4.06,3.84,118.87348056481608,417.7028160554078,2576.140366490696,0.938248208245925,27.16630322641743,-80.09427552391406,28.23352585482778,6.61418104446472,19.24125394753373,234.19457877188145,0.0,0.0008873655542393
1,0,0,0,0,0,-286.609863,27.224813,10.905641,-31.4014,-0.071128,-2.96125,-1.01295,0.212,5,5,4.22,4.21,107.87423641522317,407.1543656236819,2708.5307994730374,1.1303835606490464,27.207284473496248,-79.08467715877018,28.219215907612963,2.109201580903828,6.1358591444474975,246.23007267936703,0.0,0.0005894060006662
1,0,0,0,0,0,-295.304291,5.58054,-1.18145,-33.848499,-0.076671,-3.73204,-1.09189,0.065,6,3,4.23,4.1,102.70401192799216,404.0678614609896,1882.301371178335,0.8916200053571641,27.396713593908853,-79.52225726332759,25.371536411865005,3.0147826944440577,8.770276929291803,171.11830647075774,0.0,0.0003328273161244
1,0,0,0,0,0,-283.905579,7.629183,8.400917,-45.042999,-0.102028,-7.25808,-1.55321,0.212,5,5,4.18,4.07,100.4373783938134,398.5745974240013,3399.548725889819,0.9848507209654048,27.103383548198902,-77.69837543869068,25.75790498666498,3.456110199144044,10.054138761146309,309.0498841718017,0.0,0.0015510275638972
1,0,0,0,0,0,-284.573517,22.119862,10.050843,-41.1614,-0.093236,-6.03546,-1.37205,0.213333,6,7,4.49,4.51,101.7843922912329,403.31392838833233,2416.7107249289656,1.0477454030850235,27.41177600882722,-79.49962913167094,24.698968892768757,2.1779798933246046,6.335941507853395,219.70097499354236,0.0,0.0005890808740519
1,0,0,0,0,0,-292.958069,53.860336,1.389316,-40.6758,-0.092136,-5.8825,-1.35586,0.336,5,6,4.39,4.4,125.42963192551316,409.6949996262364,2390.996055540355,1.2105324283745866,25.842306154611205,-73.79062462555434,29.922099626175807,3.312822048267425,9.63730050405069,217.3632777763959,0.0,0.0022357691705957
1,0,0,0,0,0,-289.657867,32.857883,7.905517,-39.5742,-0.089641,-5.53552,-1.46571,0.242,5,5,3.99,3.91,120.66532505376512,412.5902796163757,2906.58163478254,1.0675535317299487,26.5386322329646,-76.93149565017312,22.25196791903557,4.029262802650519,11.721491789528782,264.2346940711399,0.0,0.002037561930341
1,0,0,0,0,0,-289.608826,1819.357422,-15.710958,-62.124699,-0.14072,-12.6385,-1.88257,1.06,5,13,5.69,5.63,158.72408583385516,393.55001574642887,3136.2297583552845,1.1696259807473874,21.34781181023397,-55.19607150154805,29.349701737583256,6.551134258079007,19.05784511441166,285.1117962141168,1.0,0.007541893927382
1,0,0,0,0,0,-290.221375,1334.936523,-42.843163,-57.123798,-0.129393,-11.0633,-1.68011,0.575,6,14,5.67,5.45,118.33446069908165,372.154319431456,3152.8731082534487,0.8814989712465526,23.07453261203404,-59.43257986541955,28.20490596039815,7.720365569232216,22.459245292311905,286.6248280230408,0.0,0.0002649661167433
1,0,0,0,0,0,-300.832703,205.504272,-17.265505,-56.3918,-0.127735,-10.8327,-1.70884,0.085,6,12,5.58,5.56,146.99656888474567,416.16987616590967,2289.0786796467182,1.3624830186450558,24.470300661924,-69.00533270151365,18.0448434378803,7.170139069866001,20.85858638506473,208.0980617860653,0.0,0.0008644214687444
1,0,0,0,0,0,-305.147095,58.390865,-4.513573,-64.188499,-0.145395,-13.2885,-1.94511,0.395,6,12,5.87,5.85,97.96016744388707,380.8183796593773,2395.5097061097595,1.1541770841033347,25.714382928680934,-70.22113717327483,21.8655993442356,7.170139069866001,20.85858638506473,217.77360964634175,0.0,0.0034680807758868
1,0,0,0,0,0,-294.253265,35.643261,-4.33598,-73.902802,-0.167399,-16.3484,-2.30946,0.56,6,16,6.29,6.17,88.17264885511901,405.2714749281079,2885.603206746361,1.044594881789852,28.827166006635352,-85.68347717718824,28.47679495747961,3.742686500897281,10.887815275337545,262.3275642496692,1.0,0.0112551144576914
1,0,0,0,0,0,-287.484039,1909.575195,-16.957418,-64.617401,-0.146367,-13.4236,-1.9581,0.523333,6,13,5.85,5.66,120.06420563578178,361.06380906542415,2169.2600954750424,0.9482300998293436,21.909054857240218,-54.27516216314323,15.21147388934715,7.118555335550418,20.708524612510303,197.20546322500385,0.0,0.002152611428897
1,0,0,0,0,0,-294.385284,3.143311,-29.069042,-60.377701,-0.136763,-12.0882,-1.77582,0.708333,6,11,5.65,5.53,109.2149558195685,402.15960203600633,2236.646599541078,1.0895380696106671,26.63133147422162,-76.16896845859463,14.925274945050871,7.5828089443906626,22.05908056550011,203.33150904918887,0.0,0.0002728701913962
1,0,0,0,0,0,-304.177216,507.799744,-37.75745,-61.578499,-0.139483,-12.4665,-1.86602,0.59,6,13,5.64,5.56,123.6972095062478,370.0362271825992,3055.1998435668943,1.016194888360077,22.39445615239558,-56.79641963221736,27.57526828294634,6.85490513793744,19.94154221945437,277.74544032426314,0.0,0.00617561038848
1,0,0,0,0,0,-297.940979,55.144104,-28.150381,-56.435902,-0.127835,-10.8466,-1.65988,0.796667,6,14,5.91,5.61,56.13666779960079,338.95402726536423,2631.168986422048,0.929391225813742,25.710669042342133,-65.77780264402058,19.776347050872776,2.6422335021648493,7.686497460843198,239.19718058382253,0.0,0.000763206124772
1,0,0,0,0,0,-280.059204,2543.033447,-6.935501,-59.9403,-0.135772,-11.9504,-1.93356,0.478333,6,14,5.73,5.63,89.79356268011645,396.1481227037885,1862.5894249321564,1.1693157229434037,27.850414547606555,-80.50352590824822,29.292461948724,6.7460061432712095,19.624745144061706,169.32631135746877,0.0,0.0005665555716198
1,0,0,0,0,0,-296.376587,8.655565,-41.807137,-62.047699,-0.140546,-12.6142,-2.00154,0.6,5,13,5.56,5.43,77.22298385569178,365.21486574342447,2900.123405611932,1.3216742961752708,26.181080171612063,-70.36771909846202,27.618198124590776,7.708902517162087,22.42589823174425,263.64758232835743,0.0,0.0049570110883524
1,0,0,0,0,0,-291.934235,59.462864,-33.634281,-54.2514,-0.122886,-10.1586,-1.55004,0.706667,6,11,5.91,5.77,80.8051256360813,399.0618392705333,1419.348887191236,0.9379907429296696,28.93242851222291,-85.39495293000543,25.72928509223535,2.5505290856038134,7.419720976302003,129.0317170173851,0.0,0.0002457846023287
1,0,0,0,0,0,-294.966705,88.562546,0.248236,-60.098099,-0.13613,-12.0002,-1.76759,0.376667,6,13,5.99,5.84,78.3836673854525,397.9049072153804,2283.142177096226,1.1406765302591888,29.04738543908436,-85.74711153897371,25.056717573139096,7.6859764130218275,22.359204110608957,207.55837973602056,1.0,0.0077909922471415
1,0,0,0,0,0,-281.651581,491.371155,-17.03178,-66.820702,-0.151358,-14.1176,-1.96532,0.58,6,13,5.86,5.56,77.66741228403038,378.8272785501796,2315.788471999803,0.9792110772502416,27.37816966055902,-76.60204501342007,28.562654640768496,6.975267184673799,20.291686355414686,210.5262247272548,1.0,0.011765309798395
1,0,0,0,0,0,-305.207642,152.869141,-39.85614,-65.503098,-0.148373,-13.7026,-1.92656,0.846667,6,14,5.77,5.87,122.01140827279744,394.0456400897909,2335.731044307244,1.2772903375590825,24.73038471063577,-67.77857494513556,23.253664224072548,7.6859764130218275,22.359204110608957,212.33918584611308,1.0,0.0069284059706676
1,0,0,0,0,0,-285.647003,1208.072144,-42.146168,-73.256897,-0.165936,-16.144899,-2.28928,0.56,6,13,5.78,5.59,113.00244689422208,380.8377995200685,2478.237468148014,1.1725755167403356,24.348668420531496,-64.98848156529594,21.30751140285786,7.8521906680387055,22.842736488839872,225.2943152861831,1.0,0.0088245245877243
1,0,0,0,0,0,-291.266296,198.17395,-19.903751,-61.148602,-0.138509,-12.331,-1.79849,0.705,6,14,6.23,5.94,114.36650798783415,391.2706894896307,2974.547063019674,1.3894040971889243,25.17310740925423,-69.20894330966821,25.342916517435377,5.949324024397209,17.307124434610063,270.4133693654249,0.0,0.0004460685985586
1,0,0,0,0,0,-279.546234,189.772797,-30.781487,-68.479401,-0.155115,-14.6401,-2.0141,0.793333,6,14,5.68,5.78,91.2080357655147,400.5082255783939,2380.2409813599515,1.2575645115060856,28.118199073898108,-82.12282800161783,26.215823297539018,7.347816376953007,21.37546582386329,216.3855437599956,1.0,0.0118460034894629
1,0,0,0,0,0,-290.230774,299.509155,-14.665484,-60.755402,-0.137619,-12.2072,-1.73587,0.346667,6,13,5.87,5.7,107.80873002943832,394.6632654060777,2107.9408946758103,1.3770161991609835,26.077685034239945,-73.12762864268585,29.006263004427726,6.906488872253022,20.091603992008796,191.6309904250737,0.0,0.0008250394354175
1,0,0,0,0,0,-292.894379,1270.535156,6.173635,-69.433296,-0.157275,-14.9405,-2.04216,0.413333,6,15,6.05,5.92,98.1386364552813,384.4292446428344,2034.6489441930407,0.8726884638583657,26.026418926141183,-71.82751283454478,21.693879977657836,5.204225639838792,15.13956549771285,184.968085835731,0.0,0.0038354587079455
1,0,0,0,0,0,-276.491089,154.674835,-9.121066,-57.0224,-0.129163,-11.0314,-1.72795,0.411667,6,12,5.76,5.79,115.0763139747596,405.1329056183403,2402.740348926256,1.0237299905729051,26.368781058507334,-75.42729056316445,29.192292318220304,7.376474007128332,21.458833475282415,218.43094081147785,0.0,0.0006258566493559
1,0,0,0,0,0,-294.847382,944.88446,-47.144024,-58.4851,-0.132476,-11.4921,-1.82766,0.502,5,12,5.37,5.24,134.17355129119602,396.882365512631,2194.4500689608067,1.0134227609220894,23.882619474675906,-64.81746615500346,18.60293137925804,5.9092033421517565,17.19040972262329,199.4954608146188,0.0,0.0002220758392298
1,0,0,0,0,0,-292.888092,5009.723145,-42.342487,-73.316498,-0.166071,-16.1637,-2.15637,0.506667,6,13,5.79,5.65,99.57868721795712,390.4938458977782,2079.7843264401326,1.0450692802702726,26.446832607256464,-74.15096132929612,26.230133244753837,7.886579824249094,22.94277767054282,189.0713024036484,1.0,0.0076869567503095
1,0,0,0,0,0,-292.459473,3497.748047,-48.987728,-72.501099,-0.164224,-15.9068,-2.197,0.836667,6,12,5.61,5.49,104.18577704307468,375.9594813502337,2421.802939749022,1.081091888425931,24.706700391559917,-65.8485396518183,26.84546097499083,7.926700506494547,23.05949238252959,220.16390361354743,0.0,0.0002354532632608
1,0,0,0,0,0,-304.910645,2276.189941,-34.459091,-55.8862,-0.12659,-10.6735,-1.74644,0.658333,6,14,5.71,5.62,148.27577280758882,378.32853227984566,2546.645645962509,0.91510213471805,20.91388722475062,-52.35351718867355,19.20394916228022,7.1816021219361295,20.89193344563237,231.5132405420463,0.0,0.0005402874162479
1,0,0,0,0,0,-298.777252,365.397766,-4.786576,-56.950298,-0.129,-11.0086,-1.62715,0.781667,6,14,5.86,5.69,100.57500006354331,397.6685011390927,1862.4085040647933,1.0092871981036953,27.00850009777722,-77.20968412672437,20.506154358828283,4.952038494295943,14.40593016522456,169.3098640058903,0.0,0.0064100103018
1,0,0,0,0,0,-299.214722,61.349731,-35.545994,-65.835701,-0.149126,-13.8074,-2.2702,0.925,6,15,5.86,5.89,91.87800940577318,399.8622325162367,1892.3493558999508,1.069730066171976,27.99856573731486,-81.54739598548761,20.79235330312456,7.800606933723123,22.69267471628545,172.03175962726826,1.0,0.0090700946475093
1,0,0,0,0,0,-290.993683,324.692871,-42.674896,-60.448101,-0.136923,-12.1104,-1.889,0.756,5,12,5.6,5.43,66.96861673232746,364.3354410393386,3720.4361925620906,0.91861392350693,27.03334766427374,-73.60337048900759,22.78143596598369,7.628661152671181,22.19246880777071,338.2214720510992,0.0,0.0035690143658843
1,0,0,0,0,0,-286.87616,152.226852,-3.25586,-58.009701,-0.131399,-11.3423,-1.93366,0.628,5,10,5.71,5.38,87.7517078879128,353.71017153842286,3537.2360473604203,1.3868349567572726,24.17804215004637,-61.64756059136767,30.208298570472085,6.476624419623166,18.841089220721937,321.56691339640184,0.0,0.0007113353670714
1,0,0,0,0,0,-311.016266,1986.488647,-30.850025,-67.186996,-0.152187,-14.233,-1.91963,0.683333,6,13,5.72,5.74,146.44711268754753,405.0649115238189,2008.1897037792517,0.9145142529765016,23.51070898511558,-64.20391053077732,28.333695485331475,7.250380434356908,21.09201580903828,182.5627003435683,1.0,0.0063605539515114
1,0,0,0,0,0,-305.739655,444.020142,-6.176718,-56.915501,-0.128921,-10.9977,-1.67398,0.56,6,14,5.75,5.79,119.4619694528982,409.115525732472,1987.975451081,1.1621076581271923,26.33214147996125,-75.71032521654992,21.12148208906528,7.663050308881568,22.29250998947365,180.7250410073636,1.0,0.0115342145610928
1,0,0,0,0,0,-305.372833,65.998055,-55.970383,-61.959202,-0.140346,-12.5864,-1.82233,0.486,5,12,5.35,5.2,116.21116810651694,387.6912650148117,2198.03160635295,0.9349755189089908,24.68000880984498,-66.93894948177541,28.333695485331475,7.668781834916634,22.30918351975748,199.82105512299543,1.0,0.01180598117614
1,0,0,0,0,0,-289.70874,528.555298,-14.917548,-47.6106,-0.107844,-8.06684,-1.40031,0.441667,6,10,5.51,5.31,96.07357173387834,382.1768603699824,2773.2222034227407,1.2380200973139135,26.009389876009458,-71.5194188062894,30.995345667286852,7.130018387620548,20.74187167307796,252.1111094020673,1.0,0.0118421340654779
1,0,0,0,0,0,-292.945435,6.682451,-14.956365,-57.105,-0.12935,-11.0574,-1.67956,0.49,6,13,5.81,5.67,43.26253147882835,341.0946121376799,2780.836393239034,1.3650158623249478,27.075643696259235,-71.18116205040397,28.66282427127219,6.528208153938748,18.99115099327636,252.80330847627584,0.0,0.0008252230212535
1,0,0,0,0,0,-292.727448,274.272186,-54.96545,-58.064999,-0.131525,-11.3597,-1.659,0.51,4,10,5.14,5.04,91.8204302562869,378.1593582529129,2163.198168282091,0.867266937705481,26.03081163605691,-71.17325463638362,6.210517091229221,6.276021008395899,18.25751566078807,196.65437893473555,0.0,0.0002270655768836
1,0,0,0,0,0,-293.770325,184.123428,-14.646075,-61.4006,-0.13908,-12.4104,-1.86062,0.208333,6,13,5.74,5.56,150.30668192717232,394.9951975312845,2345.050300094832,1.4149773747656622,22.244410509464743,-58.54926474459469,5.452089888844086,7.336353324882879,21.342118763295648,213.186390917712,0.0,0.000761487820911
1,0,0,0,0,0,-288.555237,563.716492,-36.213394,-47.0359,-0.106542,-7.88582,-1.42533,0.69,6,14,5.52,5.49,121.59822050060654,375.2367675472952,2284.065364069465,1.155749302443226,23.058049731517148,-59.66537440565624,24.441389842902105,7.536956736110144,21.925692323229512,207.6423058244968,0.0,0.0004940759530465
1,0,0,0,0,0,-282.684875,258.924103,-39.927437,-49.8083,-0.112822,-8.75908,-1.50934,0.676667,6,12,5.39,5.39,91.2488118190828,367.97671408314375,2007.8793092863332,1.1762475997671171,25.157082024005543,-66.73540444225524,23.840372059879915,7.215991278146518,20.991974627335324,182.53448266239397,0.0,0.0033566906292512
1,0,0,0,0,0,-298.641968,97.161842,-13.214141,-48.926201,-0.110824,-8.48122,-1.43901,0.161667,6,11,5.61,5.45,139.49655034755855,382.5251395931128,2775.000344282896,1.495273014292436,22.093508113232208,-56.867554041146406,11.10451903869557,7.456715371619238,21.692262899255965,252.27275857117232,0.0,0.0011134747618387
1,0,0,0,0,0,-291.963135,51.501919,-52.277733,-55.151299,-0.124925,-10.442,-1.72348,0.488333,6,12,5.28,5.2,144.90057520825022,394.6625525251157,2820.878452647591,1.173022213715557,22.70563430153322,-60.20616344126454,32.311860811049726,7.479641475759497,21.758957020391264,256.4434956952355,1.0,0.0107143960074181
1,0,0,0,0,0,-291.199524,278.467102,-3.332348,-51.496101,-0.116645,-9.2907,-1.56049,0.528333,6,12,5.77,5.67,115.46638940869684,399.016018232143,1937.412936135208,0.8630925131659277,25.777238983949648,-72.3962507974526,23.253664224072548,7.39940011126859,21.52552759641772,176.12844873956436,1.0,0.0031703275777971
1,0,0,0,0,0,-294.156433,355.498566,-7.972133,-62.189301,-0.140867,-12.6588,-1.8291,0.218333,6,12,5.65,5.6,95.48940708338364,406.1306193979276,2801.298456230371,1.3012969207183431,28.24011021041308,-83.28802581555,27.67543791345003,6.883562768112763,20.024909870873493,254.6634960209428,1.0,0.0100253605889221
1,0,0,0,0,0,-302.074524,424.775116,4.751671,-58.804001,-0.133199,-11.5925,-1.78194,0.388333,6,13,5.91,5.7,86.88947664352719,358.0942173805133,2943.924328954889,0.9047295814795322,24.654976430635102,-63.840584632802695,22.75281607155406,5.187031061733598,15.089544906861375,267.62948445044447,0.0,0.0018192238920959
1,0,0,0,0,0,-295.24707,434.831848,-31.829563,-76.219299,-0.172647,-17.077999,-2.30968,0.781667,6,12,5.95,5.91,94.30785384054758,388.04556685296666,2310.85724249056,1.3256272362501884,26.703428455674462,-74.91152210653478,25.614805514516835,7.164407543830936,20.841912854780904,210.07793113550545,0.0,0.0005137459813014
1,0,0,0,0,0,-282.249512,7.865637,-4.725216,-45.3125,-0.102639,-7.34297,-1.25868,0.643333,6,12,5.61,5.43,32.829685019587146,368.1151604824005,2007.838034334924,1.0811000735342398,30.480497769346677,-88.21857997181452,32.71253933306452,6.356262372886807,18.49094508476162,182.530730394084,0.0,0.0002122928408756
1,0,0,0,0,0,-304.144531,-1.203424,-18.203142,-66.352898,-0.150298,-13.9703,-2.07353,1.005,6,13,5.96,5.68,38.92475972327082,335.55220847851234,2911.027589306724,1.038909033390298,26.966131705021954,-70.14462843811086,19.890826628591284,1.828356805185655,5.318856160540087,264.6388717551567,0.0,0.0034352541921963
1,0,0,0,0,0,-282.139862,122.216843,-39.442112,-48.215199,-0.109214,-8.25729,-1.50673,0.482,5,13,5.34,5.18,76.92876165845308,382.2888072631315,2704.8358931214825,0.9960846613842128,27.760004145879854,-78.54553470979388,26.230133244753837,7.170139069866001,20.85858638506473,245.89417210195296,0.0,0.0002825741824765
1,0,0,0,0,0,-275.079193,459.14032,-16.623695,-53.960499,-0.122227,-10.0669,-1.58707,0.822,5,14,5.95,5.85,132.86223650578955,412.2549551610736,2534.7617230981123,1.0868176489054502,25.399338059571274,-72.28406540562703,23.840372059879915,2.9345413299531518,8.536847505318258,230.43288391801025,1.0,0.0087020599385081
1,0,0,0,0,0,-260.621338,18.888212,3.08203,-44.9641,-0.10185,-7.23325,-1.32247,0.483333,6,14,5.63,5.45,60.274522413825366,362.3927912534604,1856.6215817828888,1.0916997655224048,27.46529716723955,-75.09685805663729,20.39167478110977,7.554151314215338,21.975712914080983,168.7837801620808,0.0,0.0034131096141661
1,0,0,0,0,0,-294.711121,1755.388672,4.221032,-52.004101,-0.117796,-9.45071,-1.62513,0.63,6,15,5.93,5.88,113.90050851904608,405.8158455800152,1275.8896612554215,1.1171971910407534,26.537757914633552,-76.18818220912061,22.05162865802818,7.479641475759497,21.758957020391264,115.98996920503834,0.0,0.0006256753748035
1,0,0,0,0,0,-295.742035,789.772217,-54.316437,-69.062202,-0.156435,-14.8237,-2.03124,0.711667,6,12,5.68,5.6,140.22030471088067,409.965968138134,2225.346237310013,1.1414944445417463,24.52233303884121,-68.5838307918285,25.51463588401313,7.903774402354288,22.99279826139429,202.30420339181936,1.0,0.0110926439173542
1,0,0,0,0,0,-295.865936,187.003036,-8.092037,-69.593102,-0.157637,-14.9909,-2.10888,0.228,5,14,5.8,5.67,130.97858769818544,397.91255224914624,2073.1419926853896,0.852048236082946,24.266724050087348,-66.38466995854375,32.26893096940528,7.405131637303655,21.542201126701546,188.46745388049,1.0,0.0095006845547389
1,0,0,0,0,0,-301.907532,80.445587,-13.616498,-64.736,-0.146635,-13.461,-1.9617,0.223333,6,13,5.69,5.43,73.14193552966219,359.7494040639574,3576.3858205710767,0.9495483301215076,26.055224412208656,-69.29508632045665,28.247835802042587,7.238917382286777,21.058668748470623,325.1259836882797,1.0,0.0085313301907859
1,0,0,0,0,0,-302.892242,64.221962,20.301218,-57.912102,-0.131178,-11.3116,-1.86813,0.552,5,14,5.81,5.71,108.69007607062755,363.7997724515892,3275.931060533494,1.2660844311953998,23.191790580087424,-59.06043738666024,19.04653974291727,5.462144311416705,15.88987436048496,297.811914593954,0.0,0.0058210425580125
1,0,0,0,0,0,-287.041687,280.356201,-22.342842,-63.157501,-0.14306,-12.9638,-1.97367,0.353333,6,10,5.39,5.26,129.68496170183715,392.3391013949748,2799.5818670928184,1.140750369241495,23.87764906301251,-64.35223495187131,31.109825245005364,7.915237454424417,23.026145321961938,254.50744246298348,1.0,0.0074158447054848
1,0,0,0,0,0,-290.119843,10193.99219,-7.964018,-56.913399,-0.128916,-10.997,-1.83591,0.48,5,12,5.52,5.44,84.96818821276719,389.3345047966154,2599.8643588846016,1.195783929740728,27.669665143986204,-78.97895137419515,29.73607031238323,6.671496304815368,19.40798925037198,236.3513053531456,1.0,0.005700932354364
1,0,0,0,0,0,-280.401093,2286.351563,-41.100929,-73.080803,-0.165538,-16.0895,-2.08802,0.978333,6,14,6.08,6.05,62.0383283112518,382.9985417161397,1912.9265524972143,1.277649938134402,29.17820121862617,-84.51639820212904,28.276455696472212,7.594271996460792,22.09242762606776,173.90241386338312,0.0,0.003746702514819
1,0,0,0,0,0,-273.84375,1863.212158,-35.823261,-67.813698,-0.153607,-14.4304,-2.05496,0.878333,6,14,5.78,5.8,87.3699070353772,394.31245422642695,2381.7138673024583,1.2208581633719853,27.903867926459068,-80.51478368270644,25.25705683414649,7.514030631969885,21.858998202094213,216.51944248204163,0.0,0.0002176820271662
1,0,0,0,0,0,-287.878723,169.10791,-14.449748,-48.474201,-0.1098,-8.33885,-1.56368,0.185,6,13,5.59,5.39,77.39590861976916,349.066391205113,3004.905925915795,1.2009383627232928,24.697316598667623,-63.080127838596496,26.315992928042714,7.0727031272699,20.575136370239708,273.17326599234497,0.0,0.0032430343347277
1,0,0,0,0,0,-298.239136,9.465733,-32.620018,-53.688202,-0.121611,-9.98115,-1.78961,0.592,5,13,5.39,5.28,69.3244299541156,350.9079102227841,2062.631995671801,0.9613175047567412,25.598498206242592,-66.61995830129537,27.97594680496113,7.708902517162087,22.42589823174425,187.51199960652735,0.0,0.0007492487665002
1,0,0,0,0,0,-282.434113,360.158875,-47.362888,-53.300301,-0.120732,-9.85899,-1.66564,0.778,5,11,5.48,5.29,128.08406778664423,375.3833506223606,3024.674954015112,0.860548523520575,22.48175298506512,-57.60128557142784,30.36570798983504,4.917649338085554,14.305888983521612,274.9704503650101,1.0,0.0081939495187104
1,0,0,0,0,0,-273.84375,1863.212158,-35.823261,-67.813698,-0.153607,-14.4304,-2.05496,0.878333,6,14,5.78,5.8,87.3699070353772,394.31245422642695,2381.7138673024583,1.2208581633719853,27.903867926459068,-80.51478368270644,25.25705683414649,7.514030631969885,21.858998202094213,216.51944248204163,0.0,0.0002176820271662
1,0,0,0,0,0,-287.677307,30239.99805,-28.839424,-52.4622,-0.118834,-9.59498,-1.63944,0.93,6,13,5.67,5.45,80.20659545091661,334.5222921451208,3211.3894373487383,1.2171165243348372,23.11960879038219,-56.01593027704859,18.001913596235855,7.857922194073771,22.859410019123697,291.94449430443075,0.0,0.000508169830132
1,0,0,0,0,0,-267.776794,150.612457,12.133585,-52.584,-0.119109,-9.63334,-1.59345,0.446667,6,12,5.64,5.5,102.71039958723338,376.8151843257537,2683.352605869197,1.0824500281432397,24.918616794410937,-66.74008841335635,12.034665607658468,6.591254940324461,19.174559826398436,243.9411459881088,0.0,0.0037310276628585
1,0,0,0,0,0,-283.234863,47.109493,-28.579647,-50.555401,-0.114514,-8.99437,-1.48692,0.808,5,11,5.78,5.69,108.43880273896514,400.31808301833513,2535.32312004626,1.294855278308474,26.534480025397272,-75.57458539023831,26.573571977909364,7.502567579899756,21.825651141526563,230.48392000420543,1.0,0.0102300211749414
1,0,0,0,0,0,-296.319244,1433.695557,-52.707939,-70.420799,-0.159512,-15.2516,-2.13396,0.126667,6,10,5.43,5.26,114.98871835781232,405.7861012364248,3028.9281527322028,1.0679449073268232,26.43612571623749,-75.77156070989234,22.91022549091701,7.19306517400626,20.92528050620003,275.35710479383664,1.0,0.0075767894800866
1,0,0,0,0,0,-291.524414,341.136139,-29.536293,-57.539299,-0.130334,-11.1942,-1.98412,0.552,5,12,5.8,5.68,110.24871482716662,402.04755681444857,3083.745158623186,1.4763179467550054,26.527167453389268,-75.73375119212322,24.484319684546534,2.8829575956375684,8.386785732763835,280.3404689657441,0.0,0.0002462128009475
1,0,0,0,0,0,-275.080475,24.560755,-41.624603,-62.8372,-0.142334,-12.8629,-2.09457,0.643333,6,12,5.61,5.4,78.179105947562,381.04365004339536,2031.5792033165908,1.3409567423421689,27.533140372348488,-77.4798564149452,21.23596166678379,7.548419788180275,21.95903938379716,184.68901848332644,0.0,0.0002941462971513
1,0,0,0,0,0,-278.234955,6.006427,2.34411,-62.8988,-0.142474,-12.8823,-1.90602,0.09,6,13,5.73,5.56,68.85092655282807,386.6262700216652,2865.7567261872728,1.199367412995384,28.888667588076103,-83.73038821433217,25.94393430045756,7.663050308881568,22.29250998947365,260.5233387442975,0.0,0.0010836960577827
1,0,0,0,0,0,-297.151428,-2.608545,7.592869,-59.945999,-0.135785,-11.9522,-1.81654,0.712,5,11,5.59,5.32,78.64980035203803,364.8722158216844,3931.171587763237,1.158474007920732,26.02021958814967,-69.70923595683999,28.9776431099981,5.616895514363453,16.340059678148226,357.3792352512033,0.0,0.0011423274903786
1,0,0,0,0,0,-300.617157,165.188797,1.918004,-51.802601,-0.11734,-9.38724,-1.52361,0.651667,6,15,6.16,6.11,74.27732456796207,381.71169325117273,2376.747130109443,1.2442717086641997,27.94857897120097,-79.2512755976338,28.119046277109263,5.525191097802418,16.073283193607036,216.06792091904023,0.0,0.0042197592365337
0,0,1,0,0,0,-370.734161,104.307152,-87.413353,-75.293503,-0.132414,-11.5869,-1.75101,0.042,10,11,5.5,5.22,142.74386103543588,458.2309591233552,4576.744388857273,1.113888250178374,15.023195147043776,-69.86633194162148,11.154930724875983,6.178040397710408,11.4735035957479,217.9402089932035,0.0,0.0013327925540548
0,0,1,0,0,0,-467.32077,38.633148,-118.695755,-57.163101,-0.100529,-6.24058,-1.42908,0.022222,9,12,5.43,5.09,80.2758034096417,430.2605091877113,5069.835579771474,1.3335317846659644,16.665938370384264,-78.15986256726411,7.044071601436837,6.286828875519952,11.67553934025134,241.4207418938797,0.0,0.0007891286558
0,0,1,0,0,0,-438.429596,67.698509,-116.781624,-60.604801,-0.106582,-7.25545,-1.51512,0.321111,9,10,5.28,4.94,125.32102893571825,450.5674396167674,4772.252241962191,1.568443004784984,15.4879243181452,-72.22268799711875,17.610179003592094,7.4090679097657715,13.75969754670786,227.25010676010436,0.0,0.0009347512178917
0,0,1,0,0,0,-479.236237,299.318024,-114.883797,-62.366402,-0.10968,-7.77491,-1.48491,-0.07,9,13,5.56,5.07,91.54833563829015,432.6493487095465,4620.0298576533805,1.0840091594823784,16.24290538434554,-75.54182649669062,19.20218280205924,6.344085969103923,11.781873942621573,220.00142179301807,0.0,0.0009522274989023
0,0,1,0,0,0,-439.111908,704.803101,-80.592873,-75.441101,-0.132674,-11.6304,-1.84003,0.069,10,14,5.86,5.64,107.62791318146871,479.72132111367216,3957.258570406479,1.3468951086166476,17.718733711057308,-90.71951678745992,24.021810739884447,5.439423890477189,10.101787225171924,188.4408843050704,0.3333333333333333,0.004243878238672
0,0,1,0,0,0,-419.514008,41.890087,-27.717268,-64.506599,-0.113444,-8.40603,-2.08086,0.247,10,11,5.05,4.98,117.01713534388062,452.0527148102146,4464.487830566032,0.9592198181390088,15.95407521268257,-75.4775840228888,22.95320545050239,7.552210643725698,14.02553405263344,212.5946585983825,0.0,0.0042944425038184
0,0,1,0,0,0,-421.760834,21.254972,-81.699409,-77.341599,-0.136016,-12.1908,-1.84147,0.256667,9,14,5.55,5.39,38.72831652461224,414.7481211243942,4573.959319602907,1.3043391237071882,17.905704980941998,-85.10662568611006,25.94093860652978,5.834497836206586,10.835495981526517,217.8075866477575,0.0,0.0022740552689879
0,0,1,0,0,0,-440.661713,7.906514,-26.65452,-67.045898,-0.11791,-9.15482,-2.23486,0.337,10,12,5.31,5.31,87.14349800838801,446.86884111077,5043.8247446545865,1.0416481730703098,17.12977824297057,-83.04810529701142,13.761019134695497,7.122782441845921,13.22802453485671,240.1821306978375,0.0,0.0034508130887665
0,0,1,0,0,0,-426.389923,92.362793,-74.461205,-70.979897,-0.124828,-10.3149,-2.028,0.368,10,13,5.47,5.44,74.23127344109571,429.7565515117234,4580.747812097086,0.9514026734977048,16.92977514622037,-79.9097257598484,18.60245534373258,6.865125520718053,12.74951882419067,218.13084819509936,0.0,0.0043685241190673
0,0,1,0,0,0,-426.389923,92.362793,-74.461205,-70.979897,-0.124828,-10.3149,-2.028,0.368,10,13,5.47,5.44,74.23127344109571,429.7565515117234,4580.747812097086,0.9514026734977048,16.92977514622037,-79.9097257598484,18.60245534373258,6.865125520718053,12.74951882419067,218.13084819509936,0.0,0.0043685241190673
0,0,1,0,0,0,-443.106262,-5.079625,-103.769173,-73.251801,-0.128823,-10.9848,-1.8313,-0.026,10,11,5.49,5.09,45.09740103787044,430.7407942993375,5623.207117236694,1.2999806978329074,18.363971107688908,-90.1123025196406,26.07178823380105,7.849947530362344,14.57847398495864,267.7717674874616,0.0,0.0009077755523871
0,0,1,0,0,0,-364.768158,103.822487,-109.965797,-69.351402,-0.121964,-9.83465,-1.6915,0.052,10,15,5.89,5.45,78.87799600621071,434.7179326046919,3408.627342003547,1.221686661843544,16.94475888564196,-80.51781130781713,12.07087811577489,6.510131540497436,12.090244289495237,162.3155877144546,0.0,0.0008447608827422
0,0,1,0,0,0,-465.876282,1413.628052,-93.983551,-62.966202,-0.110735,-7.9518,-1.57416,-0.048,10,13,5.69,5.45,42.93764089677995,427.6908191404264,4058.4528175137066,1.180005086384879,18.321579916364115,-89.4703749150706,15.527489102857672,1.2424789307721582,2.307460871434008,193.2596579768432,0.0,0.0039001486643122
0,0,1,0,0,0,-457.681366,118.326981,-99.494453,-69.788803,-0.122733,-9.96365,-1.66164,-0.038,10,16,5.78,5.82,125.96988679605896,475.7864394418977,3050.5575861476755,1.218500007730846,16.657931078373274,-82.66377241941211,18.37346849600785,7.632370574743256,14.174402495951762,145.2646469594131,0.0,0.0076369157123713
0,0,1,0,0,0,-575.306458,16.084377,-107.583878,-63.730499,-0.112079,-8.17718,-1.51739,0.0675,8,11,5.53,5.26,143.61030565212835,471.537177265845,3877.467690330719,1.309205137813279,15.615565314938888,-75.03770650355631,20.9904610414333,4.798144442336721,8.91083967862534,184.6413185871771,0.0,0.0006289206780356
0,0,1,0,0,0,-397.853394,3644.263916,-86.743973,-57.441799,-0.101019,-6.32275,-1.40102,0.442,10,13,5.35,4.92,109.59070455855704,460.239882256605,5815.149903302866,1.3168218456030196,16.69757989038324,-81.38378288586071,11.525671335477924,5.954737732732924,11.058798646504002,276.9119001572793,0.0,0.0031108680602964
0,0,1,0,0,0,-359.540894,155.246399,-88.564255,-71.459297,-0.125671,-10.4562,-1.66184,0.14,9,11,5.65,5.41,131.6640382299517,466.0416270933577,3564.9135704084874,1.2977304223451185,15.922742326828857,-76.60520429069469,11.94002848850362,6.183766107068805,11.484137055984924,169.75778906707083,0.3333333333333333,0.0029159051176527
0,0,1,0,0,0,-454.184418,65.583443,-97.255707,-68.4533,-0.120385,-9.56984,-1.62984,0.034,10,15,5.62,5.54,44.27254810889502,438.2852135210533,4615.942272870725,1.426867368820894,18.762507876769444,-93.8625993602224,20.565199752801664,6.143686141560027,11.409702834325763,219.806774898606,0.0,0.0034827695792614
0,0,1,0,0,0,-473.461792,86.263565,-84.202431,-65.678902,-0.115505,-8.75172,-1.64197,0.298,10,12,5.66,5.73,101.05666718095188,444.7706603646472,3373.3751962137667,1.270055773893612,16.367333008747394,-77.5700489041725,24.99227880881305,7.288828013239434,13.53639488173038,160.63691410541747,0.0,0.004439013224602
0,0,1,0,0,0,-539.777466,69.336067,-109.524872,-65.498596,-0.115188,-8.69854,-1.59753,0.105556,9,13,5.69,5.25,175.8655157942424,476.110603622828,3900.655651155759,1.2964375442765208,14.29738513469455,-66.71757598197071,7.17492122870811,6.13796043220163,11.39906937408874,185.7455071978933,0.0,0.0043520477594077
0,0,1,0,0,0,-478.98941,1719.420532,-122.340797,-63.432999,-0.111556,-8.08945,-1.47519,0.014444,9,11,5.48,5.21,163.32201390950485,465.2944540987892,5013.323805124923,1.441243954876454,14.37964000901354,-66.31585529235392,0.3925488818138176,4.964190013730236,9.21921002549901,238.7297050059487,0.0,0.0022275712676725
0,0,1,0,0,0,-465.927612,55.041828,-99.220497,-77.555,-0.136391,-12.2537,-1.84655,0.067,10,15,5.98,5.75,89.40388473877084,445.3970614913981,4217.63105502216,1.4446956768421082,16.952056035839394,-81.65623072612365,10.020900621858289,5.6169208805874975,10.43142449251964,200.83957404867428,0.0,0.0007742345009246
0,0,1,0,0,0,-456.023468,160.409103,-113.343773,-71.505699,-0.125753,-10.4699,-1.78764,0.091111,9,11,5.79,5.52,119.9738678853406,470.48132681469485,4789.008006251144,1.4869645600227337,16.690831377588296,-82.36412635588502,21.295776838399608,7.95301029881349,14.769876269225056,228.04800029767352,0.0,0.0040247711378862
0,0,1,0,0,0,-427.9935,34.325333,-105.300934,-78.033203,-0.137232,-12.3948,-1.90325,0.065,10,16,5.88,5.73,89.80258750727535,457.1864656033941,4602.664374105632,1.2733894057814878,17.494470385529468,-86.70645135417578,22.702410331565783,6.596017180873392,12.249746193050584,219.1744940050301,0.3333333333333333,0.0029049794925125
0,0,1,0,0,0,-427.9935,34.325333,-105.300934,-78.033203,-0.137232,-12.3948,-1.90325,0.065,10,16,5.88,5.73,89.80258750727535,457.1864656033941,4602.664374105632,1.2733894057814878,17.494470385529468,-86.70645135417578,22.702410331565783,6.596017180873392,12.249746193050584,219.1744940050301,0.3333333333333333,0.0029049794925125
0,0,1,0,0,0,-464.296478,218.11412,-29.718969,-66.795898,-0.11747,-9.08109,-2.15471,0.292,10,11,5.16,5.03,117.32069431515448,456.9958068191903,4399.494771922455,0.9738620291227668,16.17500535733504,-77.45443661453139,22.691506195959843,7.489227840783331,13.908565990026185,209.4997510439264,0.0,0.0030110706905918
0,0,1,0,0,0,-473.874969,121.437973,-108.272758,-79.081802,-0.139076,-12.7039,-1.92882,0.071,10,13,5.92,5.72,155.84520579315898,467.9900045090348,4380.077986000891,1.0104083221031517,14.864038034089322,-69.69945184099754,13.83734808393707,5.038624235389397,9.357445008580308,208.5751421905186,0.0,0.0017147487264176
0,0,1,0,0,0,-317.798065,120.683105,-62.408932,-67.1371,-0.11807,-9.18171,-1.56133,0.094444,9,13,5.87,5.69,91.12297063016172,444.2368845987626,4171.323476091231,1.4472245801172232,16.81494828421909,-80.58753486310403,6.171740752961688,6.183766107068805,11.484137055984924,198.6344512424396,0.0,0.0022311784237772
0,0,1,0,0,0,-459.386444,377.997498,-112.232201,-108.147003,-0.164412,-16.666599,-2.04051,0.123,10,22,7.38,7.36,255.5500547506491,617.4932858161278,7135.633441171389,1.643022682548354,13.920893502518412,-81.32894227916698,14.340545612415683,7.279180815149413,13.158519165847016,274.44744004505344,0.0,0.0014914313746117
0,0,1,0,0,0,-373.46347,348.893921,-103.067467,-52.019798,-0.079084,-1.11389,-0.981506,0.195,10,26,7.76,7.64,329.8445125521611,660.9907993300668,4291.919395942914,1.248689270711454,12.736395645304064,-75.37371939655738,13.533121991643196,4.068943177978257,7.355397283268387,165.0738229208813,0.0,0.0020491490130204
0,0,1,0,0,0,-411.925568,773.299133,-54.849396,-16.038,-0.024382,8.85663,-0.31447,0.193,10,25,7.49,7.25,264.7676068194769,636.7022074888623,4271.9233837846805,1.1688746365077418,14.305176948822515,-86.06563315937375,18.35133468516597,3.811331515736127,6.88971466306146,164.30474553018,0.0,0.0017990560156292
0,0,1,0,0,0,-368.251648,635.054382,-106.784843,-72.229599,-0.109808,-6.71399,-1.50478,0.503,10,28,8.1,8.0,361.9131961614413,650.2212574716868,5337.242853788304,1.472460544539696,11.0887715888556,-62.077326240981925,2.2906257067567286,5.944884513279921,10.746522004775242,205.27857129955012,0.0,0.001269117923295
0,0,1,0,0,0,-413.19696,295.885101,-94.538605,-68.924599,-0.104783,-5.79816,-1.32547,0.319,10,31,8.3,8.18,233.12706525840397,599.018164474397,7545.087818846888,1.4754838953349694,14.072734585230505,-80.99658227611113,11.163509191550032,3.560325280730975,6.43597262285984,290.1956853402649,0.0,0.0021579745622385
0,0,1,0,0,0,-411.64505,380.007141,-95.17939,-86.703499,-0.131812,-10.7247,-1.63592,0.201,10,26,7.8,7.48,264.40053482508097,639.692005661733,5437.683279004366,1.5551229928460344,14.434287339871233,-87.38885310335576,9.838281292238667,4.101970314163145,7.415100183294916,209.141664577091,0.0,0.0014226060402887
0,0,1,0,0,0,-404.224976,515.902527,-111.303635,-96.719299,-0.147039,-13.5,-1.85999,0.156,10,21,7.61,7.44,242.88366349581543,587.893558732696,8289.719178416752,1.6984641665794715,13.269611355264637,-73.84083946493742,16.236235852490218,8.653109680440773,15.642159806950628,318.83535301602893,0.0,0.001767213935139
0,0,1,0,0,0,-429.650909,213.748627,-115.269608,-91.102402,-0.138499,-11.9436,-1.78632,0.342,10,24,7.67,7.34,234.53016027200533,586.6903385792118,7721.0648467699375,1.625985308284345,13.544622242584865,-75.85165619556602,10.277098477441106,5.119206108657709,9.253949504112011,296.9640325680745,0.0,0.0034289434009217
0,0,1,0,0,0,-483.568695,1871.058594,-127.921638,-71.685501,-0.108981,-6.56322,-1.35256,0.335,10,23,7.61,7.28,235.6105225204842,580.8663469400218,6001.824545555237,1.6626236797296838,13.279070169982216,-73.35634227441612,12.488737090861395,4.63040449312136,8.370346583719382,230.83940559827835,0.0,0.0011674866418057
0,0,1,0,0,0,-419.349487,417.19165,-69.119202,-26.8827,-0.040869,5.85156,-0.516976,0.188,10,25,7.65,7.39,262.56871467580936,635.6371387494094,4468.202890156696,1.2448608867356816,14.348785541292308,-86.3338844214623,18.22846587330929,3.850964079157993,6.961358143093296,171.85395731371906,0.0,0.0017632334139455
0,0,1,0,0,0,-428.239136,1802.528931,-92.680923,-91.861,-0.139653,-12.1538,-1.87471,0.286,10,31,8.15,8.05,297.9438844841663,647.9740600223867,6650.167723116611,1.8360666622689288,13.462699059162322,-80.14311956941235,15.358601482085344,7.114045134224972,12.860004665714373,255.7756816583312,0.0,0.0015292290760123
0,0,1,0,0,0,-462.902863,248.685913,-87.048752,-77.8433,-0.118342,-8.26954,-1.49699,0.588,10,32,8.04,8.26,281.98003382398304,632.5562393060052,5948.28297175837,1.5176000443213784,13.483700210847006,-79.07202077616145,16.964672379926267,8.560633699123086,15.474991686876349,228.78011429839884,0.0,0.0020835103296907
0,0,1,0,0,0,-494.789185,151.124329,-125.987877,-87.507896,-0.133035,-10.9476,-1.62052,0.316,10,26,8.09,7.7,234.26737489608945,583.898328000166,6314.400741510122,1.382813191748573,13.44734435015679,-74.88006138853326,17.219186347343683,4.016099760082435,7.259872643225941,242.86156698115852,0.0,0.0017896954573391
0,0,1,0,0,0,-373.64917,80.025383,-126.010918,-75.682999,-0.115058,-7.67092,-1.51366,0.202,10,25,8.13,7.86,332.2858265041523,674.575090211973,6133.671919747997,1.4926366333567829,13.164971681070028,-79.85179327098038,11.646208095272716,8.454946863331442,15.283942406791454,235.91045845184604,0.0,0.0013962427619429
0,0,1,0,0,0,-326.842041,9105.505859,-89.784988,-85.93,-0.130636,-10.5103,-1.62132,0.142,10,25,7.63,7.56,267.3664256745145,607.047195257716,7436.592148809259,1.4979558062024383,13.064644983969288,-73.77760273377476,16.253788539898316,4.392609112590163,7.940485703528372,286.02277495420225,0.0,0.0017706297132172
0,0,1,0,0,0,-382.070496,73.015022,-120.340591,-98.993896,-0.150497,-14.6845,-1.79989,0.447,10,28,8.48,8.14,302.52143522624647,667.471772231071,9609.796810852731,2.207442400602938,14.59801348019298,-89.89856880321705,15.461811284044954,5.839197677488277,10.977691633677962,384.3918724341093,0.0,0.0026235980849937
0,0,1,0,0,0,-459.386444,377.997498,-112.232201,-108.147003,-0.164412,-16.666599,-2.04051,0.123,10,22,7.38,7.36,255.5500547506491,617.4932858161278,7135.633441171389,1.643022682548354,13.920893502518412,-81.32894227916698,14.340545612415683,7.279180815149413,13.158519165847016,274.44744004505344,0.0,0.0014914313746117
0,0,1,0,0,0,-456.99527,13092.28027,-117.539413,-109.861,-0.167017,-17.1415,-2.07284,0.225,10,24,7.55,7.22,311.7152178772303,610.4382716659325,6380.028084391175,1.5225651643100202,11.48934822264239,-62.3071758184904,20.45765717413768,9.188149286635964,16.609346787380396,245.38569555350676,0.0,0.0017511333683393
0,0,1,0,0,0,-312.598145,133.790894,-119.922562,-87.033096,-0.132313,-10.816,-1.70653,0.821,10,29,8.31,7.96,252.72635022149188,609.2904104064694,6267.100096320915,1.7257103465022112,13.714002314806828,-79.00919443767991,14.770586453914074,8.725769380047527,15.773506187008993,241.04231139695827,0.0,0.0014274730075917
0,0,1,0,0,0,-369.178986,832.154724,-128.400208,-78.455803,-0.119273,-8.99346,-1.4803,0.347,10,22,8.05,7.8,354.60058517962875,677.885783146189,8885.204157816723,1.7003006553979547,12.931407918662412,-77.22462104728939,13.408146857297544,8.74558566175846,16.441701044105905,355.4081663126689,0.0,0.002219913176744
0,0,1,0,0,0,-373.46347,348.893921,-103.067467,-52.019798,-0.079084,-1.11389,-0.981506,0.195,10,26,7.76,7.64,329.8445125521611,660.9907993300668,4291.919395942914,1.248689270711454,12.736395645304064,-75.37371939655738,13.533121991643196,4.068943177978257,7.355397283268387,165.0738229208813,0.0,0.0020491490130204
0,0,1,0,0,0,-506.770081,645.115723,-128.618271,-82.588203,-0.125556,-9.58433,-1.5016,0.244,10,25,8.24,7.77,237.6555466831168,569.3185111457631,4028.886116945683,1.287095587646953,12.756267863947931,-68.55532802166614,17.684332563658266,4.082154032452212,7.379278443278998,154.95715834406474,0.0,0.0018279662020987
0,0,1,0,0,0,-352.123657,5596.047852,-67.950806,-46.1096,-0.070099,0.523817,-0.886724,0.215,10,22,7.9,7.64,300.4430637213127,646.4771329125248,4845.924566168796,1.2594172531864902,13.309002661200465,-78.79209537544213,11.172285535254078,4.134997450348034,7.474803083321446,186.3817140834153,0.0,0.0018529489868184
0,0,1,0,0,0,-468.503052,308.666321,-102.507004,-90.383301,-0.137406,-11.7443,-1.77222,0.395,10,31,8.08,8.32,321.6748404336854,661.5585721432121,7026.267655760905,1.6821360122270943,13.072451219597182,-78.08806914011477,16.42931541397929,8.791823652417305,15.892911987062051,270.24106368311175,0.0,0.0018031876948224
0,0,1,0,0,0,-408.913696,-32.203716,-37.990528,-65.743698,-0.108004,-7.34821,-1.68574,0.325714,7,10,5.33,5.22,293.1149416788704,607.1963594535061,3989.677213779032,1.5025493210082312,12.080054529793683,-65.36469923802039,14.929936151734893,8.0305356709374,13.281270532704164,153.44912360688585,0.0,0.0034067081668784
0,0,1,0,0,0,-437.66214,337.086731,-63.389595,-72.8974,-0.119756,-9.961,-1.73565,0.207778,9,14,5.87,5.77,259.65563306476287,596.3086514301357,3454.6667212885586,1.5043530623955004,13.466120734614911,-70.76670902969289,15.286255558059818,0.2528394490696396,0.4348838523997801,138.18666885154235,0.0,0.0049378233250256
0,0,1,0,0,0,-437.66214,337.086731,-63.389595,-72.8974,-0.119756,-9.961,-1.73565,0.207778,9,14,5.87,5.77,259.65563306476287,596.3086514301357,3454.6667212885586,1.5043530623955004,13.466120734614911,-70.76670902969289,15.286255558059818,0.2528394490696396,0.4348838523997801,138.18666885154235,0.0,0.0049378233250256
0,0,1,0,0,0,-413.982574,74.478043,-59.883911,-73.538498,-0.120809,-10.144,-1.67133,0.34125,8,15,6.03,5.76,258.4093964449216,575.7075224026587,3584.297613456414,1.4160520466194195,12.691925038309485,-63.841693429638006,15.509537942615744,0.0,0.0,143.37190453825656,0.0,0.0025189492459808
0,0,1,0,0,0,-426.142334,286.441986,-37.833939,-73.187798,-0.120233,-10.0439,-1.74257,0.39,8,15,6.22,6.03,288.3699836255385,604.6630017531854,3800.75393433412,1.4920633977545967,12.651720725105877,-65.63132646969626,15.724232543150295,2.417777231728429,4.158576838572897,152.03015737336477,0.3333333333333333,0.0050781979770563
0,0,1,0,0,0,-402.739532,88.220451,-58.496159,-69.080498,-0.113485,-8.87152,-1.77129,0.24375,8,12,5.7,5.58,301.02929990555475,622.6758566641588,4068.005886451265,1.511489878993564,12.86586227034416,-68.43557015218457,20.258582506439947,4.372015473495852,7.519866614412865,162.72023545805058,0.3333333333333333,0.0039891781510735
0,0,1,0,0,0,-448.773895,134.682709,-65.590698,-66.239899,-0.108819,-8.0607,-1.69846,0.25,8,11,5.48,5.28,240.11142159749005,578.9849311705763,3652.7776688169743,1.4971173203041257,13.554940382923448,-70.08030963835564,15.3893089663164,2.8602462676002984,4.919623580272513,146.11110675267898,0.0,0.0026889863817193
0,0,1,0,0,0,-332.184418,139.539963,-23.719212,-71.535698,-0.117519,-9.57233,-1.88252,0.324286,7,13,5.97,5.82,300.39433904501743,598.1474418344691,4428.549754458241,1.5037034919879322,11.910124111578066,-60.10336422272293,14.00667573887391,1.1009051011573892,1.893556773990709,177.14199017832965,0.0,0.0020552220099089
0,0,1,0,0,0,-360.887939,53.731731,-22.106277,-67.657997,-0.111148,-8.46549,-1.73482,0.2825,8,11,5.73,5.52,339.51925779750627,608.6204006305207,4543.15631331644,1.5044723591820266,10.76404571332058,-53.2175633399035,13.628813241933107,2.575801887396954,4.430379246322761,181.7262525326576,0.0,0.0014348922827056
0,0,1,0,0,0,-374.043762,43.255863,-56.174694,-67.335899,-0.110619,-8.37356,-1.72656,0.3025,8,12,5.81,5.6,291.98195726180177,599.2035872708448,3543.869435570763,1.3864136491375356,12.28886520036172,-62.74316954694425,14.513354996135442,4.161315932604486,7.157463404079716,141.75477742283053,0.3333333333333333,0.0044257762609988
0,0,1,0,0,0,-423.278046,79.561928,-57.936916,-64.546204,-0.106036,-7.0064,-1.61366,0.2775,8,13,5.76,5.6,278.8341668344731,598.9417141367394,3769.5025301206406,1.437518187860804,12.31182874239486,-66.45767343479869,14.929936151734893,7.951387101019139,13.150370974762422,144.98086654310157,0.0,0.0032260851855204
0,0,1,0,0,0,-337.888458,584.089661,-35.480824,-35.821999,-0.058848,0.621681,-0.83307,0.16,9,13,6.22,5.92,317.2140251782509,616.6381236468545,3980.6596166932086,1.546991053220521,11.976963938744143,-61.800844472476754,15.561064646744036,2.923456129867708,5.028344543372458,159.22638466772835,0.0,0.0062078542290325
0,0,1,0,0,0,-364.642578,336.406494,-46.407341,-53.745998,-0.088294,-4.49449,-1.24991,0.278889,9,12,5.87,5.52,214.86419045715604,537.9391873599527,4658.290666618037,1.2861535288674175,12.922999876111868,-62.67528829464599,18.00858309283789,2.175472759703358,3.741813146689776,186.33162666472148,0.0,0.0016950352526245
0,0,1,0,0,0,-347.761536,72.120155,-11.97085,-88.514702,-0.145412,-14.4188,-1.96699,0.434444,9,14,6.46,5.97,220.69870913576693,562.4905864551441,3916.7238541454935,1.549736375702015,13.671675092775088,-69.63835952148145,19.90648336156329,2.3914397891170083,4.113276437281254,156.66895416581974,0.0,0.0047129894753479
0,0,1,0,0,0,-366.023438,774.840393,-50.591896,-74.413803,-0.122247,-10.3938,-1.65364,0.092222,9,13,6.01,5.83,298.2871563330905,604.8871167784026,3627.4341969894263,1.427067117240045,12.263998417812486,-62.96588265478071,13.019080576414988,3.028805900313392,5.209546148539034,145.09736787957706,0.3333333333333333,0.0051496041160046
0,0,1,0,0,0,-370.642212,107.246819,-54.958271,-67.2845,-0.110535,-8.35889,-1.52919,0.1175,8,14,6.31,5.74,169.9535204752093,520.3369027189342,6136.496447847422,1.459659101807475,14.015335289748997,-68.73925932078775,13.422706425419936,0.1369547015793881,0.2355620867165475,245.45985791389688,0.0,0.0008622573468233
0,0,1,0,0,0,-453.237,216.824768,-49.506664,-69.345001,-0.11392,-8.94702,-1.541,0.386667,9,13,6.16,5.9,283.6661499541617,601.5994572738924,4186.103508310354,1.4433625852236038,12.717332292789228,-65.86973584639517,12.864500464030112,0.0526748852228416,0.0906008025832875,167.44414033241418,0.0,0.0049404108636166
0,0,1,0,0,0,-381.887726,2914.115234,-64.932671,-59.817799,-0.098269,-6.22761,-1.39111,0.353333,9,16,6.12,5.84,292.8667334895238,590.2880275559215,3756.746316500905,1.352635785482437,11.896851762655908,-59.48747354265449,20.164116882204745,2.112262897435948,3.63309218358983,150.2698526600362,0.0,0.0049010251214009
0,0,1,0,0,0,-351.804749,40.694149,-26.72823,-77.891502,-0.12796,-11.3865,-1.65727,0.446667,9,14,6.38,6.11,294.7519599764434,603.9622643495608,6005.034330114376,1.431417479610401,12.368412174924694,-63.619390008371845,12.958966088265315,2.3492998809387347,4.040795795214624,240.20137320457505,0.0,0.0047309942248899
0,0,1,0,0,0,-345.67511,356.665314,-69.267181,-42.506802,-0.06983,-1.28641,-1.01207,0.158889,9,12,5.97,5.62,289.23697691475064,589.3260069886427,4527.187941994875,1.4217723818364,12.003561202955682,-60.13637880712382,13.293889665099211,2.4493821628621344,4.212937320122871,181.08751767979496,0.0,0.0052335179159647
0,0,1,0,0,0,-353.747955,2090.455566,-58.493618,-54.860901,-0.090125,-4.81273,-1.27584,0.258889,9,11,5.96,5.65,214.728989387024,514.6317409614927,5189.545725036853,1.1305503632844638,11.99611006297875,-55.039263729123874,7.016219545469028,0.7374483931197824,1.2684112361660258,207.5818290014741,0.0,0.0013411879572982
0,0,1,0,0,0,-379.185059,1721.981689,-77.236847,-54.495701,-0.089525,-4.7085,-1.21102,0.421111,9,13,5.57,5.16,168.39889745087612,520.3015290739538,5161.481188131467,1.6835687653560258,14.076105264923108,-69.15496313162878,20.31010921056824,0.4319340588273011,0.742926581182958,206.4592475252587,0.0,0.001635844691899
0,0,1,0,0,0,-352.432434,7540.161621,-60.431713,-56.0107,-0.092014,-5.14092,-1.24468,0.13625,8,14,5.97,5.71,186.02494855988624,545.4861877023934,6007.3161407236,1.4417639797741109,14.378449565700286,-73.29225804993217,13.972324602788383,1.4854317632841332,2.554942632848709,240.292645628944,0.0,0.0023643941435458
0,0,1,0,0,0,-445.381683,298.898926,-71.511093,-52.284401,-0.085893,-4.0773,-1.18828,0.207778,9,12,5.76,5.51,193.65955189390476,520.2725467755297,4056.7937556006927,1.3211727317183084,13.064519795264998,-62.32192564516493,17.802476276324718,2.459917139906702,4.231057480639528,162.2717502240277,0.0,0.0023832841515365
0,0,1,0,0,0,-368.29895,159.64061,-63.651722,-50.8582,-0.08355,-3.6702,-1.15587,0.355556,9,12,5.73,5.4,261.38349501243886,539.5332137732706,4764.671621127445,1.2314056088406289,11.12598875043327,-51.244380048540535,9.25763117504971,0.0,0.0,190.5868648450978,0.3333333333333333,0.0044211988698089
0,0,1,0,0,0,-354.293182,122.166298,-74.718102,-63.675201,-0.104605,-7.32866,-1.415,0.2975,8,12,5.84,5.46,265.37356497844536,593.6654608974496,5512.71662112,1.869497739486748,13.131675836760172,-68.19518025070728,14.710874028627227,4.208723329305044,7.239004126404675,220.5086648448,0.0,0.0045274060088215
0,0,1,0,0,0,-320.732574,565.828308,-65.789192,-60.108898,-0.098747,-6.31069,-1.36611,0.21375,8,13,5.75,5.39,237.4830061372957,568.6044010785737,6369.685374852174,1.4257027607784467,13.24485579765112,-67.12435115893294,13.104958416628808,2.902386175778572,4.992104222339143,254.787414994087,0.0,0.0035870674515816
0,0,1,0,0,0,-295.55072,2239.786865,-47.300594,-52.290001,-0.085902,-4.07891,-1.27537,0.326667,9,12,5.79,5.54,257.75869246871014,542.7389657134479,5424.124173033868,1.7020043329670167,11.399210929789511,-53.14721769577484,13.422706425419936,0.3265842883816179,0.5617249760163827,216.96496692135472,0.0,0.0037945897008967
0,0,1,0,0,0,-377.673645,3997.275635,-39.419628,-70.549896,-0.115899,-9.29095,-1.60341,0.401111,9,14,6.33,5.98,267.11964103470285,573.6110378215835,4514.281875184244,1.4958975543560005,12.259655871475228,-60.776291470959805,18.86736149497608,2.1438678285696526,3.6874526651398023,180.57127500736976,0.3333333333333333,0.0036075016801397
0,0,1,0,0,0,-331.859253,3256.710938,-60.335972,-68.437599,-0.112429,-8.68802,-1.52084,0.311111,9,13,5.94,5.57,231.42322567840267,561.8207241718081,5278.437615010975,1.1639338238279109,13.215899939736218,-66.41872355309441,12.297706718618908,0.0737448393119782,0.1268411236166025,211.137504600439,0.0,0.0012068025923262
0,0,1,0,0,0,-358.563293,969.113953,-38.55162,-74.830597,-0.122931,-10.5128,-1.6629,0.186667,9,13,6.3,6.1,294.62871686989735,597.0294724112091,3676.155150121711,1.3550697238901186,12.09603022165247,-61.28201496389449,13.1564851207571,0.0,0.0,147.04620600486842,0.0,0.0035020928660423
0,0,1,0,0,0,-329.3349,112.660919,-33.599213,-75.797798,-0.12452,-10.7889,-1.80471,0.432222,9,14,6.51,6.02,279.24013410580216,581.5913468784594,5056.42481786005,1.450442413377124,12.094048510906289,-60.21690706869239,14.479003860049916,2.4388471858175658,4.194817159606213,202.256992714402,0.0,0.0054018136440911
0,0,1,0,0,0,-411.203094,141.911545,-55.390347,-60.495098,-0.099381,-6.42095,-1.28713,0.296667,9,13,6.19,6.01,234.2421831578156,565.2737474774195,5088.635609499599,1.1853796401732373,13.24126257278416,-66.85102368525136,18.25762882945796,0.5372838292729842,0.9241281863495328,203.545424379984,0.0,0.004018297070809
0,0,1,0,0,0,-411.203094,141.911545,-55.390347,-60.495098,-0.099381,-6.42095,-1.28713,0.296667,9,13,6.19,6.01,234.2421831578156,565.2737474774195,5088.635609499599,1.1853796401732373,13.24126257278416,-66.85102368525136,18.25762882945796,0.5372838292729842,0.9241281863495328,203.545424379984,0.0,0.004018297070809
0,0,1,0,0,0,-425.958832,348.032623,-69.539917,-81.588402,-0.134033,-12.4418,-1.77366,0.401111,9,13,6.21,5.72,273.0705827614417,582.6491393156788,4658.8212357781085,1.7023378015210906,12.383142262169484,-62.2342208289703,15.75858367923582,2.5020570480849758,4.303538122706158,186.35284943112435,0.0,0.0045766331088341
0,0,1,0,0,0,-360.125031,458.227203,-57.093872,-64.881401,-0.106587,-7.67295,-1.50887,0.311111,9,12,6.07,5.84,250.1409568815386,560.2226171295351,3427.004099997799,1.4645278402251731,12.40326640991986,-60.803682716856684,14.667935108520322,0.3687241965598912,0.6342056180830129,137.08016399991195,0.0,0.0022434732631824
0,0,1,0,0,0,-458.675079,58.376431,-79.279549,-68.366402,-0.112312,-8.66769,-1.51925,0.315556,9,13,5.86,5.46,238.43448516171367,578.7826204699577,5207.622407750405,1.4863043293212723,13.613925412329758,-70.48283425625272,17.41602599536253,0.6373661111963833,1.0962697112577793,208.3048963100162,0.3333333333333333,0.0049914303205511
0,0,1,0,0,0,-340.489899,569.593811,-55.615017,-64.409302,-0.105811,-7.53821,-1.46385,0.197778,9,12,6.33,5.96,258.283951765308,569.4004432921982,4455.608268926213,1.402014899665993,12.444659661075612,-61.72248902591632,15.956102711727606,0.7690533242534874,1.3227717177159983,178.2243307570485,0.0,0.0024025075599349
0,0,1,0,0,0,-319.71875,957.828247,-56.907482,-49.144402,-0.080734,-3.18102,-1.14289,0.285556,9,13,6.32,6.0,224.07056061936223,518.7740709932331,3526.9435004379066,1.4536414680679828,11.788140414954832,-54.0149008394932,13.980912386809765,3.271110372338464,5.626309840422157,141.07774001751625,0.0,0.0022686632131868
0,0,1,0,0,0,-405.484039,186.472992,-89.930809,-56.4394,-0.092718,-5.2633,-1.25421,0.22,9,13,5.77,5.58,274.0887323800014,588.0213856638278,4851.226183298268,1.3535888713343116,12.557306131353055,-63.79748870952591,17.484728267533587,2.944526083956845,5.064584864405774,194.0490473319307,0.0,0.0050793173128589
0,0,1,0,0,0,-324.311646,1524.77417,-63.153046,-62.309101,-0.102361,-6.93873,-1.41612,0.202222,9,13,6.05,5.57,203.93712648825817,537.3896298844938,4690.183671693087,1.4160481601884083,13.338100135849428,-65.4268634306891,14.152668067237403,1.258929756825914,2.165359181740572,187.60734686772344,0.3333333333333333,0.0019545894767021
0,0,1,0,0,0,-338.508118,2452.414063,-47.299931,-67.246803,-0.110473,-8.34811,-1.52834,0.105556,9,13,6.19,5.9,211.79223324504773,547.8891865150619,5408.36595991855,1.4128241492773654,13.443878130800565,-66.94108029136761,18.489498998035277,0.985020353667138,1.694235008307477,216.334638396742,0.0,0.0017801557925886
0,0,1,0,0,0,-375.627411,89.357323,-90.427261,-63.139599,-0.103725,-7.17577,-1.43499,0.384445,9,13,5.69,5.23,229.50355057100631,571.171165855704,7127.102668947495,1.280110507250241,13.666704611387908,-70.27172010950044,17.785300708281955,0.1685596327130931,0.2899225682665201,285.0841067578998,0.0,0.002215146443336
0,0,1,0,0,0,-397.148285,163.527847,-86.425949,-61.704601,-0.101368,-6.76618,-1.37121,0.148889,9,12,5.75,5.4,170.23305904537642,535.5578945434747,5309.657094480666,1.5318230836416504,14.612993419923932,-74.15324219563804,17.63072059589708,3.1130857166699384,5.354507432672294,212.38628377922663,0.0,0.0044783775329959
0,0,1,0,0,0,-408.081177,116.203682,-47.221119,-73.949699,-0.121484,-10.2614,-1.6076,0.446667,9,14,6.32,5.97,265.1702503447754,591.007447357173,4449.970268274063,1.2937879233679466,13.033487880495905,-67.30992381566836,14.736637380691375,2.4493821628621344,4.212937320122871,177.9988107309625,0.0,0.0047333121045923
0,0,1,0,0,0,-408.484436,473.97641,-66.688484,-68.594704,-0.112687,-8.73287,-1.55897,0.312222,9,12,6.01,5.67,161.64367948957977,516.2638204689245,4381.244463132378,1.4154834574672697,14.184805639173788,-69.58351704462704,17.201331394827985,3.729381873777184,6.414536822896757,175.2497785252951,0.0,0.0046743486524035
0,0,1,0,0,0,-334.445251,515.695618,-39.353821,-66.446503,-0.109158,-8.11968,-1.47659,0.304444,9,14,5.97,5.53,225.9159405019957,564.7748782965749,6733.082189020311,1.342618619982491,13.554357511783168,-68.99126458004739,20.0438879059054,1.980575684378844,3.406590177131611,269.32328756081245,0.0,0.0044545145634993
0,0,1,0,0,0,-408.338867,452.316559,-61.897099,-65.569,-0.107717,-7.86923,-1.45709,0.33,9,15,6.08,5.68,276.2461119903207,580.4355947642091,3743.421447725609,1.1264613391905016,12.167579310955537,-60.62979873158708,18.50667456607804,2.486254582518123,4.276357881931172,149.73685790902437,0.0,0.0051952419378826
0,0,1,0,0,0,-257.169281,1632.807739,-48.69936,-65.753899,-0.10802,-7.922,-1.4612,0.284444,9,13,6.04,5.64,175.77106398318688,489.28319345808046,4961.83840709404,1.4047805781697005,12.540485178995745,-56.70767830326477,19.803429953306704,0.6215636456295307,1.069089470482793,198.4735362837616,0.0,0.0012067672203943
0,0,1,0,0,0,-361.190735,635.700134,-48.011909,-68.3097,-0.112219,-8.65152,-1.55249,0.016667,9,14,6.4,6.05,251.86245870192784,581.3823252639565,4740.963658605244,1.5548426374800384,13.180794662481148,-67.62947804325269,19.87213222547776,2.7232915660209103,4.684061493555966,189.63854634420971,0.3333333333333333,0.0046221151299883
0,0,1,0,0,0,-400.026764,1139.30957,-85.374741,-62.367401,-0.102457,-6.95537,-1.45041,0.178889,9,12,5.38,4.88,198.1342965975168,546.2167677780168,5358.12727456171,1.5927497506315942,13.923298847219998,-70.13708308367929,13.603049889868958,2.6811516578426366,4.611580851489335,214.3250909824684,0.0,0.0012949582090419
0,0,1,0,0,0,-338.859741,5245.349121,-52.938362,-63.879601,-0.104941,-7.38699,-1.45181,0.116667,9,14,6.29,5.98,343.5953702832469,618.8470467631219,4439.578391300618,1.475988150042248,11.010067059194997,-55.44956365904558,14.212782555387076,0.5109463866615634,0.878827785057889,177.5831356520247,0.0,0.004827316818726
0,0,1,0,0,0,-336.131989,1014.102234,-51.072365,-57.705601,-0.094799,-5.62472,-1.40745,0.143333,9,11,5.94,5.71,168.96881849392736,481.6896837783896,3601.9574336179,1.3789938828564643,12.508834611378491,-55.973768477564384,11.559157292780062,0.331851776903902,0.5707850562747115,144.07829734471596,0.0,0.001376254936826
0,0,1,0,0,0,-342.06781,240.694672,-51.724575,-65.9571,-0.108354,-7.97999,-1.49902,0.153333,9,14,5.81,5.55,252.6216481654858,560.9339002549781,5001.231875731084,1.4512698432197886,12.332490083579692,-60.38321687097261,13.577286537804817,2.0595880122131063,3.5424913810065424,200.04927502924335,0.3333333333333333,0.0047253992518247
0,0,1,0,0,0,-353.117157,2412.7854,-39.274483,-58.284599,-0.09575,-5.78999,-1.32465,0.374444,9,16,6.18,5.92,257.17656739523,602.2365516150746,6272.8236999251285,1.5051304955358762,13.802399368793786,-73.64838582214074,19.889307793520526,1.5433741370292586,2.6546035156903245,250.91294799700515,0.0,0.0016511511674347
0,0,1,0,0,0,-336.216309,614.580627,-56.900394,-71.868202,-0.118065,-9.66724,-1.59707,0.305556,9,11,5.75,5.52,244.37752005529893,585.742624795379,4667.868045031995,1.5467306484112338,13.654604189603203,-71.30697476142173,13.431294209441324,0.5583537833621209,0.960368507382848,186.7147218012798,0.0,0.0047669634284762
0,0,1,0,0,0,-355.97757,159.548599,-92.98011,-61.763199,-0.101464,-6.78289,-1.37251,0.043333,9,9,5.3,4.88,214.00032769865143,527.997964015308,4924.030292672238,1.3348932651978307,12.55990545266626,-59.5688048075076,13.860683410510417,0.0,0.0,196.96121170688951,0.0,0.0020452218871964
0,0,1,0,0,0,-354.826385,521.27887,-48.537701,-71.133904,-0.116858,-9.45764,-1.58075,0.17625,8,14,6.12,5.88,254.10243220887173,568.182891773166,5246.224438735296,1.475093128189621,12.563218382571772,-62.43409809979308,14.015263522895292,1.332674596137892,2.2922003053571745,209.84897754941184,0.0,0.0037341925876389
0,0,1,0,0,0,-386.849548,4278.13916,-17.120529,-72.625,-0.119308,-9.88326,-1.5788,0.35,9,12,6.06,5.78,280.4637817403439,581.832472718358,5354.901751016274,1.2018791946876493,12.054747639120562,-59.97088388447611,12.916027168158408,1.970040707334276,3.388470016614954,214.19607004065097,0.0,0.0050316793658913
0,0,1,0,0,0,-353.367462,192.56572,-40.704895,-52.495899,-0.08624,-4.13768,-1.16658,0.321111,9,13,6.07,5.76,276.64038457237746,552.7510592585644,3919.270900659936,1.485610992975953,11.044426987447478,-51.56416300677924,16.02480498389866,0.6479010882409516,1.1143898717744367,156.77083602639743,0.0,0.0018361844008517
0,0,1,0,0,0,-399.38913,183.285736,-49.573151,-66.9599,-0.110002,-8.26624,-1.52182,0.14,9,12,5.71,5.62,223.4014741471699,562.7050407142202,4641.718483348475,1.4854069077959524,13.572142662682014,-68.95754506498777,20.241406938397184,0.2528394490696396,0.4348838523997801,185.66873933393904,0.0,0.0016364647472832
0,0,1,0,0,0,-331.124634,299.549377,-60.253685,-71.700401,-0.117789,-9.61934,-1.62955,0.27875,8,12,5.53,5.24,205.8168544505708,524.3124431876496,5122.799906613322,1.6572977199666608,12.739823549483152,-60.48041643272852,20.275758074482717,0.5952262030181099,1.023789069191149,204.9119962645329,0.0,0.0016840916018752
0,0,1,0,0,0,-359.142242,1793.625366,-38.769897,-61.080898,-0.100344,-6.58815,-1.45431,0.27,8,11,5.84,5.48,246.0062809789416,532.3621966830731,6698.300474747979,1.5015518391143612,11.454236628165258,-52.82302196212541,12.220416662426471,1.0376952388899794,1.7848358108907647,267.9320189899192,0.0,0.0013261780644113
0,0,1,0,0,0,-342.516235,489.376343,-15.5326,-55.8522,-0.091754,-5.09567,-1.29889,0.214444,9,11,5.62,5.33,263.5693360264377,540.2706030911872,4006.972846702945,1.4890716957803456,11.06805068258998,-50.93319693971359,14.813927436883812,0.0,0.0,160.27891386811777,0.0,0.0016673534116611
0,0,1,0,0,0,-368.7966,37.458565,-80.245811,-50.166599,-0.082414,-3.47281,-1.14015,0.316667,9,11,5.29,5.1,156.0173739201325,499.41770587185806,4444.666836869386,1.540969358957341,13.736013278069022,-65.21045309751719,20.155529098183365,0.0,0.0,177.78667347477543,0.0,0.002551030443605
0,0,1,0,0,0,-405.434174,4614.758301,-88.003067,-45.465801,-0.074691,-2.13101,-1.10892,0.09,9,10,5.23,4.88,246.2262492493489,540.5710455435517,5815.608407610641,1.3169310848644793,11.77379185176811,-55.37092125271737,13.182248472821248,0.463538989961006,0.7972870627329304,232.62433630442564,0.0,0.001305331001475
0,0,1,0,0,0,-393.439911,1812.195679,-65.476265,-54.3106,-0.089221,-4.65565,-1.32465,0.007778,9,11,5.44,5.28,304.3693989336358,609.1382717763202,6456.917666137541,1.2541467428405508,12.190754913707371,-62.75601625124639,13.28530188107783,0.2739094031587762,0.4711241734330951,258.27670664550163,0.0,0.0035014693142308
0,0,1,0,0,0,-347.888458,35.261833,-56.423302,-69.375099,-0.113969,-8.95562,-1.54167,0.32125,8,9,5.61,5.42,273.7880131331669,583.0309976903333,4430.210635910882,1.4935486012932642,12.369719382286656,-62.169986221395376,20.164116882204745,1.090370124112821,1.875436613474052,177.20842543643528,0.3333333333333333,0.0049430101165058
0,0,1,0,0,0,-233.623886,6835.358398,-42.513336,-65.038101,-0.106844,-7.71767,-1.47814,0.145556,9,10,5.83,5.51,261.0715083132671,540.8106227110155,5771.028731499511,1.3372227398017071,11.189564575909936,-51.71788924427064,9.25763117504971,0.1369547015793881,0.2355620867165475,230.84114925998043,0.0,0.0026137479589931
0,0,1,0,0,0,-369.209686,7090.39209,-49.771214,-72.282501,-0.118745,-9.7855,-1.60628,0.167778,9,12,6.14,5.94,265.1309858446682,589.7448860091213,4240.492991825407,1.4105564448845378,12.984556006578122,-66.87540736656656,20.241406938397184,0.0,0.0,169.6197196730163,0.0,0.0015881735975414
0,0,1,0,0,0,-359.816925,1291.594116,-54.076073,-65.774101,-0.108053,-7.92775,-1.49486,0.265556,9,13,6.03,5.67,259.1379362060675,586.9134949024458,4417.863861821163,1.60993170821095,13.111022347855132,-67.55114791769975,20.26717029046133,1.453826832150428,2.5005821512987363,176.71455447284652,0.0,0.0022630294797774
0,0,1,0,0,0,-331.044739,399.008728,-61.423737,-57.883999,-0.095092,-5.67562,-1.31554,0.198889,9,12,6.09,5.74,229.8724861345657,542.2712420560156,5178.713690322136,1.3287923636341468,12.495950236857997,-60.1575914658431,12.62404251143142,0.4319340588273011,0.742926581182958,207.14854761288544,0.0,0.0022450158720262
0,0,1,0,0,0,-362.266418,653.574768,-54.526211,-76.471001,-0.125626,-10.9811,-1.69936,0.086667,9,13,6.05,5.87,246.91928901350923,589.5788093270583,4720.957627189107,1.3477682806264042,13.70638081254196,-71.97347030193032,14.358774883750568,0.0,0.0,188.8383050875643,0.0,0.0013088493847815
0,0,1,0,0,0,-377.121735,3502.80835,-69.528275,-63.762901,-0.104749,-7.35369,-1.44916,0.23125,8,13,5.69,5.26,193.21155881493476,528.5220544329492,5844.494466909015,1.348359563099174,13.412419824720578,-65.26185254736157,14.513354996135442,3.5766247066309447,6.151794495405224,233.7797786763606,0.3333333333333333,0.002396852056049
0,0,1,0,0,0,-417.187653,1161.822754,-75.180969,-62.6516,-0.102924,-7.03649,-1.4239,0.068889,9,12,5.81,5.69,341.7470049043085,622.2885902270332,5925.852043523548,1.5588713296475027,11.221663412908988,-57.06712563118263,5.624998534005158,0.1264197245348198,0.21744192619989,237.0340817409419,0.0,0.0042529155432283
0,0,1,0,0,0,-358.559753,189.246689,-58.975262,-53.460201,-0.087824,-4.41291,-1.215,0.141111,9,13,6.29,6.01,223.4205776362066,549.4721264003142,3613.05776956111,1.287822314768362,13.042061950564303,-64.31863918692788,14.307248179622276,0.5478188063175525,0.9422483468661904,144.5223107824444,0.0,0.0013443578202824
0,0,1,0,0,0,-449.862823,1878.096069,-57.869411,-56.256699,-0.092418,-5.21114,-1.27856,0.413333,9,14,6.09,5.8,243.70900241295035,564.2473463846342,5048.529911324707,1.5686745250716123,12.821533758867352,-63.89998621492133,15.767171463257204,0.0,0.0,201.9411964529883,0.0,0.001381139526374
0,0,1,0,0,0,-325.88797,247.694565,-33.325813,-69.695396,-0.114495,-9.04705,-1.58399,0.407778,9,13,6.13,5.7,215.86577935932476,535.3220538555361,5640.223838000245,1.537223436910683,12.778250979848451,-61.52443169331892,13.611637673890344,1.738271212353773,2.9898264852484893,225.6089535200098,0.3333333333333333,0.002929255754073
0,0,1,0,0,0,-336.797424,276.36972,-74.361229,-57.751701,-0.094874,-5.63786,-1.28337,0.293333,9,11,5.6,5.31,219.87447862561783,533.9939074589729,3958.4167549542335,1.3081878458081355,12.564777153334203,-60.02489056367196,19.82060552134947,0.0,0.0,158.33667019816937,0.0,0.0026378356894276
0,0,1,0,0,0,-331.639587,442.099731,-20.786892,-75.065498,-0.123317,-10.5799,-1.70603,0.26,9,16,6.15,5.83,243.76086524040463,579.613913418052,6786.070135018861,1.2976778992983178,13.434121927105894,-69.274700258025,20.164116882204745,0.7690533242534874,1.3227717177159983,271.4428054007544,0.0,0.0048571722975786
0,0,1,0,0,0,-378.299255,3109.803711,-63.216583,-48.9067,-0.080344,-3.11319,-1.08682,0.127778,9,12,5.62,5.26,191.17018288208092,523.4809781648404,4454.31611491108,1.4835372178619084,13.292431811310378,-64.07597785287423,20.22423137035442,0.0210699540891366,0.036240321033315,178.1726445964432,0.0,0.0013880328942597
0,0,1,0,0,0,-355.119354,438.993439,-53.151894,-60.2048,-0.098904,-6.33808,-1.33788,0.35875,8,12,5.93,5.63,267.7599789842626,550.5219296543378,5832.872205206815,1.4738987979809255,11.310478026803008,-53.08803309210998,10.099234009145135,1.185184917513936,2.03851805812397,233.3148882082726,0.0,0.0034299750072751
0,0,1,0,0,0,-402.339996,10750.78418,-48.904633,-61.333199,-0.100758,-6.66017,-1.42635,0.262222,9,13,6.29,5.94,259.8424452416237,540.2152687792685,6501.884000911244,1.8313462308938664,11.214912941505792,-51.83747170136412,13.190836256842626,0.0632098622674099,0.108720963099945,260.0753600364497,0.0,0.0009439988069167
0,0,1,0,0,0,-341.887482,515.719421,-51.37291,-66.374496,-0.10904,-8.09912,-1.50851,0.061111,9,14,6.21,5.85,216.6826204895704,553.6237238845615,5069.520815435324,1.7421582920917362,13.477644135799643,-67.60864281069993,20.09541461003369,0.0210699540891366,0.036240321033315,202.78083261741293,0.0,0.0010106995125925
0,0,1,0,0,0,-298.041534,2853.020752,-35.129467,-69.557503,-0.114269,-9.00769,-1.65613,0.216667,9,13,6.06,5.81,262.0448260772268,555.2251003464196,6194.7085196573735,1.8706659636103944,11.727210970767713,-56.042931368890905,0.0,0.995555330711706,1.7123551688241343,247.78834078629492,0.0,0.0014386040331827
0,0,1,0,0,0,-390.862274,2237.375,-65.402573,-64.268898,-0.105581,-7.49813,-1.53021,0.155556,9,10,5.33,5.09,313.8359490147518,595.811576742747,5600.878369042344,1.6729509317852491,11.279025109119807,-55.76779886935751,10.29675304163692,2.3967072776392926,4.122336517539583,224.03513476169377,0.0,0.0031902766015659
0,0,1,0,0,0,-385.99762,2616.941895,-53.636124,-57.135799,-0.093862,-5.46208,-1.4284,0.09,9,14,6.21,5.83,241.49600063429585,550.2928244623857,4062.762374765558,1.5010223154417546,12.351872953123596,-59.77147815427848,14.101141363109113,2.8549787790780146,4.9105635000141845,162.5104949906223,0.0,0.0045303797504013
0,1,0,0,0,0,-406.662201,31.696661,-97.939102,-70.403397,-0.145589,-11.8543,-1.85272,-0.325,6,17,5.7,5.9,257.240228648428,504.7729659874281,3187.33234874068,1.3735243681494242,14.5607492552353,-58.84923917896498,16.453286511566525,4.683842259876079,9.367684519752158,187.4901381612165,0.0,0.0021926937110087
0,1,0,0,0,0,-340.411774,2554.621094,7.3814,-95.508301,-0.197504,-20.221001,-2.51338,0.241667,6,22,6.25,5.99,201.777221558586,485.2094966555172,4419.080920856599,1.2999229088634898,16.67248677040772,-68.84733581995778,16.195838216221958,8.59291361962228,17.18582723924456,259.9459365209764,0.0,0.0052941873986827
0,1,0,0,0,0,-245.850037,951.341003,-13.832294,-64.252998,-0.13287,-9.95582,-1.69087,-0.123333,6,23,6.52,6.66,239.82369841641523,477.3651512055819,3115.9088554898426,1.2083929756792973,13.973026634656865,-53.66641329550864,17.74052798828937,8.381612465041403,16.763224930082806,183.28875620528487,0.0,0.0006393821413058
0,1,0,0,0,0,-350.871338,150.448807,20.348873,-73.770302,-0.152552,-12.8936,-1.89155,-0.436667,6,25,6.41,6.66,216.59523726198572,507.2206550617884,3438.332015588039,1.4249356200914471,17.0956128117531,-73.27681090028814,17.70932213430821,8.656303965996544,17.31260793199309,202.2548244463553,0.0,0.0041604343954414
0,1,0,0,0,0,-307.563904,3601.961426,-17.336418,-56.908001,-0.117682,-7.68857,-1.49758,-0.555,6,21,6.21,6.26,141.43261778394643,425.5970631726888,3113.2907971289296,0.9152656592193676,16.715555611102488,-63.73764824449788,15.6185299175705,8.128051079544356,16.256102159088712,183.13475277229,0.0,0.0007511060300925
0,1,0,0,0,0,-349.195496,123.225204,13.760672,-87.454803,-0.18085,-17.117701,-2.30144,0.346667,6,20,6.28,6.29,237.4747286060421,502.68002122906125,2842.4432788382665,1.2852552428504986,15.600311330765832,-64.35649779042564,16.609315781472322,9.107079762435744,18.214159524871487,167.20254581401568,0.0,0.0005297119407378
0,1,0,0,0,0,-333.977051,85.572495,-109.056572,-80.9188,-0.167334,-15.1002,-2.02297,0.101667,6,21,5.97,6.02,192.66245905821768,479.90357281894376,3096.361099965704,1.2106641025895308,16.89653610357212,-69.63662862798884,19.027769465012213,7.923793296782841,15.847586593565682,182.1388882332767,0.0,0.0017040350534045
0,1,0,0,0,0,-298.293213,16.591269,-7.058765,-104.303001,-0.215692,-22.3186,-2.60759,0.22,6,22,6.76,6.7,226.2801454858187,506.5120268033765,3925.784789775221,1.3174177720932956,16.484228312797512,-69.67304396317515,14.963206983966142,8.614043735080369,17.228087470160737,230.9285170456012,0.0,0.0018800188911759
0,1,0,0,0,0,-349.134918,273.963715,-6.55152,-81.706001,-0.168962,-15.3432,-2.15016,-0.136667,6,24,6.39,6.57,250.5032063591364,519.2413275907246,3603.3225399663806,1.495047607394926,15.80812477832872,-66.92032188876406,16.617117244967613,8.550653388706106,17.101306777412212,211.9601494097871,0.0,0.0007407848609349
0,1,0,0,0,0,-369.240875,173.597137,-59.413624,-76.9646,-0.159157,-13.8796,-1.92412,-0.061667,6,24,6.51,6.5,203.1891233561004,495.5397317665396,3113.0590550971883,1.2122180743701452,17.197094612378777,-72.79199658247072,13.808590386663226,8.614043735080367,17.228087470160734,183.1211208880699,0.0,0.0004691971102914
0,1,0,0,0,0,-274.767456,121.947029,-9.616937,-97.471497,-0.201564,-20.2097,-2.43679,0.288333,6,22,6.77,6.73,244.68231722705752,521.3394345905411,4008.7040067962807,1.3906750897203968,16.273948080204917,-69.76807109712372,15.142640644357812,8.92395209513232,17.84790419026464,235.80611804684008,0.0,0.0031109847763477
0,1,0,0,0,0,-381.5336,634.533081,-104.876991,-75.141197,-0.155387,-13.3168,-1.9267,0.231667,6,25,6.26,6.28,264.383611031041,511.9050696099369,2713.4619158972946,1.216531334027643,14.560085798758578,-59.40356006209521,7.965294228691048,8.804214774203155,17.60842954840631,159.61540681748792,0.0,0.0006740898267942
0,1,0,0,0,0,-381.5336,634.533081,-104.876991,-75.141197,-0.155387,-13.3168,-1.9267,0.231667,6,25,6.26,6.28,264.383611031041,511.9050696099369,2713.4619158972946,1.216531334027643,14.560085798758578,-59.40356006209521,7.965294228691048,8.804214774203155,17.60842954840631,159.61540681748792,0.0,0.0006740898267942
0,1,0,0,0,0,-322.117187,1012.750305,7.246716,-89.082901,-0.184217,-18.2377,-2.17275,0.406667,6,23,6.5,6.26,217.81296798454235,497.474736518652,4483.435172723037,1.294990592403541,16.450692266712334,-68.6822103621084,15.68094162553282,8.825344889661244,17.650689779322487,263.731480748414,0.0,0.0062211003300537
0,1,0,0,0,0,-339.041748,191.69574,-77.962891,-80.211304,-0.165871,-14.8818,-2.11082,-0.193333,6,23,6.27,6.22,225.39629034946404,500.2808572243267,3764.102971669239,1.5038542010973277,16.16968040440369,-67.33775050714652,16.585911390986457,8.614043735080367,17.228087470160734,221.41782186289643,0.0,0.0004658311164989
0,1,0,0,0,0,-346.931793,26.600512,-102.087601,-83.016899,-0.171673,-15.7478,-2.07542,-0.028333,6,21,6.29,6.4,292.8052184996637,523.7870253364929,2199.369873143267,1.1180256871945322,13.587165108048778,-55.09416253111313,8.121323498596848,7.170152512111049,14.3403050242221,129.37469842019215,0.0,0.0015158398761552
0,1,0,0,0,0,-332.888214,1226.777466,10.41138,-35.233299,-0.07286,-0.99806,-0.927193,-0.721667,6,22,6.24,6.43,173.26577338962738,452.2673411440056,2429.950132657419,0.9487076128554256,16.41185692672813,-64.47592871648799,11.76460695089726,8.304135375028418,16.608270750056835,142.93824309749525,0.0,0.0006931572890317
0,1,0,0,0,0,-360.764343,78.845345,-73.094315,-55.040298,-0.113819,-7.11206,-1.44843,-0.311667,6,18,5.56,5.85,269.010328681434,494.0409855811193,2619.9212515898007,1.186572642380751,13.237097464687372,-51.13611192053434,15.12703771736723,7.881533065866667,15.763066131733334,154.11301479940005,0.0,0.0018460825833379
0,1,0,0,0,0,-379.548798,51.387993,-62.881805,-52.386799,-0.108332,-6.29299,-1.45519,-0.383333,6,18,5.56,5.43,135.28009298681263,433.2716937894442,3115.5640284721458,1.250728520003635,17.52891769427245,-68.86390587834285,16.02420601932558,4.733145862611615,9.46629172522323,183.2684722630674,0.0,0.0017010127487267
0,1,0,0,0,0,-344.433105,168.122864,-27.131216,-65.758202,-0.135983,-10.4205,-1.73048,-0.525,6,17,5.74,5.84,248.4467276743693,484.5825547225192,2529.5814359570923,1.256525862497562,13.890342767538227,-53.78254344712504,11.546165973029138,8.73378105600953,17.46756211201906,148.79890799747602,0.0,0.0012130896622867
0,1,0,0,0,0,-394.164124,74.190376,-53.410477,-64.217903,-0.132798,-9.945,-1.73562,-0.275,6,18,5.79,6.0,311.72494698161546,543.5221269055505,2084.530515045435,1.270842441294722,13.63512823081971,-56.79401875524509,10.828431331462465,7.684318654924514,15.368637309849028,122.6194420614962,0.0,0.0034521233811617
0,1,0,0,0,0,-311.466827,1640.365723,-60.885448,-45.454498,-0.093997,-4.15311,-1.26262,-0.215,6,25,6.23,6.27,243.7630736964609,499.7116094850531,1914.6913008771444,1.0641924218902306,15.055796222858364,-61.12136162039193,8.807852286182364,7.515277731259814,15.030555462519628,112.62890005159672,0.0,0.0017620810268218
0,1,0,0,0,0,-279.782928,793.634949,-39.226391,-44.5336,-0.092092,-3.86886,-1.27239,-0.803333,6,22,6.36,6.28,228.0247584153568,454.26908630343024,3709.376609512432,1.1960505023328942,13.308489875769029,-48.65508594717489,4.0021507730837484,8.79012803056443,17.58025606112886,218.19862408896657,0.0,0.0005509266613803
0,1,0,0,0,0,-388.248169,103.841911,-14.93607,-65.844299,-0.136161,-10.447,-1.64611,-0.646667,6,17,5.86,5.91,234.86141393119297,477.4852593566417,2017.5380895532,1.1413572607874454,14.271990907379337,-55.21354569303312,10.352542058249776,8.67743408145463,17.35486816290926,118.67871115018822,0.0,0.0013701233633431
0,1,0,0,0,0,-365.564117,225.158722,-102.252869,-68.901703,-0.142484,-11.3908,-1.8132,-0.255,6,23,6.17,6.11,255.0583438779477,518.7226206534524,2318.5355668511584,1.1561314986502738,15.509663339735573,-65.19086067148703,17.303646032553132,5.324789095438068,10.649578190876136,136.38444510889167,0.0,0.000853936028722
0,1,0,0,0,0,-261.460114,99.186096,-8.820879,-71.325104,-0.147495,-12.1388,-1.78313,0.065,6,21,6.63,6.6,264.75886591559754,511.4153203889864,4107.111325575275,1.4830925998717135,14.50920320431699,-59.09036398986623,3.986547846093169,8.571783504164191,17.143567008328382,241.59478385736912,0.0,0.001259256703863
0,1,0,0,0,0,-376.8508,24.815865,-53.226551,-45.037399,-0.093134,-4.02439,-1.1852,-0.25,6,18,5.95,6.15,246.78845151232807,483.94686156115904,2357.6988295314204,1.1429063336429723,13.95049470875476,-54.044444131022935,15.813566504952746,6.465815330174798,12.931630660349596,138.68816644302473,0.0,0.001511135470313
0,1,0,0,0,0,-266.283569,107736.7656,36.867779,-57.689899,-0.119299,-7.92993,-1.55919,-0.055,6,24,6.65,6.66,217.98505523639983,507.8359696604739,4862.558045605046,1.385796362425997,17.050053789651415,-73.06695010965053,17.42066798498248,6.881374267517185,13.76274853503437,286.03282621206154,0.0,0.0013526602186797
0,1,0,0,0,0,-302.947113,76.096397,-1.580727,-81.419701,-0.16837,-15.2548,-2.03549,-0.606667,6,16,5.97,6.1,239.20420240215557,473.6139715831054,3122.377905818074,1.284253145919252,13.78880995182058,-52.44902040522366,18.36464506791256,8.621087106899731,17.242174213799462,183.66928857753376,0.0,0.0014002808791504
0,1,0,0,0,0,-325.432587,12.200544,-84.375069,-95.203102,-0.196873,-19.509501,-2.50534,-0.063333,6,22,6.14,6.29,271.30002809369336,504.44779394031,2776.8777294932406,1.1888153795507632,13.714574461565686,-54.34547707263673,10.430556693202677,8.73378105600953,17.46756211201906,163.34574879372005,0.0,0.0017359008955111
0,1,0,0,0,0,-330.502289,209.14003,-92.525162,-48.619499,-0.100542,-5.1301,-1.31404,-0.833333,6,20,6.08,6.01,180.1606117913787,458.6042383443629,2679.70664831485,1.2396428307929994,16.37903685605789,-64.8555023720891,8.129124962092138,8.663347337815903,17.326694675631806,157.62980284205,0.0,0.0005560682738859
0,1,0,0,0,0,-344.595703,24213.52539,-58.514225,-82.9711,-0.171578,-15.7337,-2.18345,-0.383333,6,24,6.43,6.43,235.14699896102368,521.9228662027501,4217.035102943311,1.235138333926314,16.869168661278028,-73.28974632197516,18.03698360111039,3.246994408726124,6.493988817452248,248.0608884084301,0.0,0.0004958788320646
0,1,0,0,0,0,-275.791656,1342.479614,26.116556,-51.385399,-0.106261,-5.98388,-1.42737,-0.613333,6,22,6.37,6.47,175.85532036737962,420.3080518223883,3219.909688133142,1.305785709196098,14.37957243852992,-51.35398370436371,6.225567869241388,8.297092003209054,16.594184006418107,189.406452243126,0.0,0.0007067018323576
0,1,0,0,0,0,-350.947418,47.240089,-15.362839,-77.953201,-0.161202,-14.1848,-1.9013,-0.168333,6,24,6.26,6.31,237.368006392882,507.7850355448382,3383.5135829877445,1.2237330681657297,15.906884067762128,-66.50285186673516,17.27244017857197,8.663347337815903,17.326694675631806,199.03021076398497,0.0,0.0004685634816327
0,1,0,0,0,0,-344.365143,78.621979,-93.263275,-85.474297,-0.176755,-16.506399,-2.19165,0.151667,6,25,6.12,6.15,229.74225310727604,508.95290663544375,2983.626242318101,1.2185230194383363,16.424156089892218,-69.54440419917839,14.097244535988958,7.571624705814713,15.143249411629428,175.50742601871184,0.0,0.0007203369669133
0,1,0,0,0,0,-337.64743,55.346523,-12.322095,-74.1772,-0.153393,-13.0192,-1.90198,-0.36,6,24,6.17,6.32,260.1533200923155,524.3853782847012,3066.0512634335173,1.2698108933797418,15.543062246610926,-65.85150979010425,14.089443072493664,9.219773711545546,18.43954742309109,180.35595667255984,0.0,0.0039188583292559
0,1,0,0,0,0,-358.564484,8202.155273,-51.498703,-65.869797,-0.136214,-10.4549,-1.73342,-0.26,6,22,6.56,6.57,220.47513467097565,477.66139011848026,3273.262689756701,1.267766336080672,15.128603261617918,-59.725379240883214,16.975984565750952,7.923793296782841,15.847586593565682,192.54486410333536,0.0,0.0006155541413657
0,1,0,0,0,0,-347.167236,151.320282,-79.011292,-63.5532,-0.131423,-9.73981,-1.62957,-0.526667,6,21,6.28,6.32,181.53807799693004,464.9503784151248,3474.25441911322,1.4342251283428396,16.671311789305577,-67.02621107612217,19.23840897938504,8.607000363261005,17.21400072652201,204.36790700666,0.0,0.0036987794547168
0,1,0,0,0,0,-387.76712,1439.161865,-59.649437,-65.752998,-0.135972,-10.4188,-1.64382,0.056667,6,21,6.09,6.06,165.06219026124836,438.5284288396341,3234.656301944927,1.0348274733666472,16.086249328140333,-61.53104796245455,11.429144020599791,6.592596022923323,13.185192045846646,190.27390011440747,0.0,0.0016760253916445
0,1,0,0,0,0,-307.512115,623.12677,-76.414864,-77.806297,-0.160898,-14.1394,-2.10287,-0.19,6,21,6.32,6.3,223.5694202981007,452.7961759073599,2975.040401251796,1.345635125856516,13.483926800544658,-49.40582303359344,7.309971295086691,8.53656664506738,17.07313329013476,175.00237654422327,0.0,0.0004676687749517
0,1,0,0,0,0,-257.848602,38.018021,-32.9776,-78.561501,-0.162459,-14.3726,-2.0144,0.09,6,24,6.51,6.6,206.5146616676202,467.7248619553444,2883.414789233386,1.1322905396020504,15.365305899277894,-60.17177550155108,18.68450507121945,5.768521520057908,11.537043040115815,169.6126346607874,0.0,0.0063366290329467
0,1,0,0,0,0,-301.65332,219.454376,-21.982952,-54.411098,-0.112518,-6.91782,-1.43187,-0.175,6,26,6.19,6.48,252.7541766694732,518.0503001599025,3190.1144678678866,1.0831026261273105,15.60565432296643,-65.67477942846475,13.621355262776271,1.274850299304617,2.549700598609234,187.65379222752276,0.0,0.0032718455961447
0,0,1,0,0,0,-191.217194,10022.10352,-41.797379,-53.815498,-0.128599,-7.75164,-1.79385,0.14625,8,11,5.38,5.19,259.29925428479805,466.2561550987402,2167.8690270153893,1.3786419530449885,10.892468463891692,-29.81546387762568,10.162870168346275,10.177626100361508,15.53427141634125,114.09836984291525,0.0,0.0045805744136421
0,0,1,0,0,0,-197.537201,7256.524902,-34.528576,-66.362503,-0.158581,-11.8355,-2.07383,0.095,8,10,5.6,5.46,305.00906702091214,505.6864123208768,1545.721942052427,0.925999122343148,10.561965542103405,-30.33443316328101,8.100673418939687,7.748078018255319,11.826013817337063,81.35378642381195,0.0,0.0044728949721155
0,0,1,0,0,0,-174.893646,21510.10547,-40.124367,-66.401199,-0.158674,-11.8481,-2.14198,0.14,8,11,5.64,5.55,209.8041476223196,430.25345412439685,2119.138319862754,1.1215780604505312,11.6025950790567,-30.69732376761457,15.381025478999412,8.339891012614519,12.729307335043211,111.53359578225022,0.0,0.0046280093498272
0,0,1,0,0,0,-193.247635,498.194122,-58.968735,-60.873501,-0.145465,-10.0489,-1.84465,0.075,8,10,5.06,5.05,259.61770189787546,464.9887510765666,2843.669130538234,1.512837228018802,10.809002588352165,-29.461598945644475,15.392418831206074,10.504680649875802,16.033459939284118,149.6667963441176,0.0,0.0080535413009874
0,0,1,0,0,0,-184.377777,-13.57858,-47.827084,-71.496201,-0.170849,-13.5065,-2.10283,0.0275,8,10,5.26,5.28,247.7516208012399,476.5279585529738,2039.743908149228,1.1945409194461265,12.040859881670208,-34.53001455716063,10.094510055106278,8.051771528518593,12.289546017212588,107.3549425341699,0.3333333333333333,0.0062267763473923
0,0,1,0,0,0,-177.316681,-3.111979,-52.61517,-68.096298,-0.162725,-12.3999,-2.12801,0.01875,8,9,5.15,5.09,244.86905836164308,458.419356354162,1672.6293869532929,1.2729945903471276,11.239489368027312,-30.70852603604005,7.644939330673037,10.598124806879886,16.17608523155351,88.03312562912068,0.0,0.0014527552428205
0,0,1,0,0,0,-191.183105,146.754196,-48.816883,-61.178299,-0.146193,-10.1482,-1.91182,0.02375,8,9,5.28,5.19,232.38582269597697,458.41090011102574,1673.88657093624,1.0094750503942946,11.896056706055198,-33.10538062557698,11.689579364039547,2.312742885851085,3.5299759836674447,88.09929320717052,0.3333333333333333,0.0019677558638966
0,0,1,0,0,0,-185.826202,3331.494873,-35.677563,-72.188797,-0.172504,-13.7319,-2.2559,0.16625,8,11,5.57,5.42,251.86913765907937,487.22889176427896,1830.1999541535624,1.1345676444625397,12.38735547922103,-36.39422396919822,13.512515717106147,8.690306601379834,13.264152181053433,96.32631337650328,0.3333333333333333,0.0082734584256869
0,0,1,0,0,0,-194.790619,4050.565674,-56.309155,-64.791397,-0.154827,-11.3241,-2.02473,-0.07375,8,9,5.17,5.09,281.5184635583586,488.130169957168,1828.6119891674296,1.1872154423358416,10.874300336779443,-30.717617654537424,11.097125049292908,10.411236492871716,15.890834647014728,96.24273627197,0.3333333333333333,0.0066218200418928
0,0,1,0,0,0,-193.372513,476.667816,-63.790649,-65.331802,-0.156118,-11.5001,-2.04162,-0.09625,8,12,5.06,5.07,231.31965882387357,470.8658154742786,1609.249502222503,0.9433091805313364,12.607692455284475,-36.41737243329334,11.040158288259574,10.566976754545191,16.128543467463714,84.697342222237,0.0,0.0045906804762364
0,0,1,0,0,0,-169.122421,-13.541904,-57.805378,-57.225601,-0.136748,-8.86159,-1.84599,-0.06375,8,11,5.23,5.03,229.82009085877863,430.0860008446139,2795.223366542885,1.134361721330186,10.540311051886066,-27.01464287092276,5.457415706993124,9.71819232842476,14.833030396016742,147.11701929173077,0.0,0.0043766706180528
0,0,1,0,0,0,-187.860825,488.552307,-57.808758,-54.2005,-0.129519,-7.87694,-1.69376,0.13125,8,10,5.53,5.46,212.29579883650632,426.3409175834684,2704.248687800086,1.0755503461826432,11.265532565629584,-29.332988393642747,17.01027484455268,10.473532597541109,15.98591817519432,142.3288783052677,0.0,0.0024802464211824
0,0,1,0,0,0,-188.341187,34.097599,-44.351452,-70.810699,-0.169211,-13.2834,-2.14578,-0.085,8,11,5.66,5.71,253.1091188713888,475.0938878782859,2487.3643725513493,1.3733042133230886,11.683408895099848,-33.114186593373375,2.3014571457465784,10.551402728377845,16.104772585418814,130.91391434480786,0.0,0.0015709806378896
0,0,1,0,0,0,-169.720306,1317.936523,-23.73768,-65.4189,-0.156327,-11.5284,-2.11029,0.12375,8,11,5.63,5.59,236.265836624131,482.70654701554446,1487.0580664577228,1.0796001578054335,12.970563704811235,-38.45358431032032,14.310050371572782,9.134166347149232,13.94162231933304,78.26621402409067,0.0,0.0043675877521971
0,0,1,0,0,0,-180.970032,89.981857,-66.316277,-68.345299,-0.163319,-12.4809,-2.01015,0.11375,8,10,5.42,5.38,212.4879514750572,455.8667017036608,2023.9915220576795,1.3086784655424748,12.809407906768609,-36.418448121337946,15.52913905768607,10.442384545206414,15.938376411104526,106.52586958198312,0.0,0.0052983592070053
0,0,1,0,0,0,-179.067612,484.373138,-40.268139,-74.629997,-0.178338,-14.5265,-2.26152,0.19125,8,10,5.69,5.6,245.83512268472413,479.5004017617331,1651.053793960691,1.1184847513699812,12.29817258300047,-35.66101898252446,8.476654041759675,9.99073778635334,15.249020831802468,86.89756810319427,0.0,0.0053863994381437
0,0,1,0,0,0,-178.606613,56.294579,-51.143444,-67.750504,-0.161898,-12.2873,-1.99266,0.01125,8,11,5.58,5.58,228.70578564366392,466.5252062066708,2186.2293205858387,1.159257491861668,12.51681160857931,-35.846078462480854,14.7771778120461,10.535828702210498,16.081001703373918,115.0647010834652,0.0,0.0078779202407622
0,0,1,0,0,0,-178.606613,56.294579,-51.143444,-67.750504,-0.161898,-12.2873,-1.99266,0.01125,8,11,5.58,5.58,228.70578564366392,466.5252062066708,2186.2293205858387,1.159257491861668,12.51681160857931,-35.846078462480854,14.7771778120461,10.535828702210498,16.081001703373918,115.0647010834652,0.0,0.0078779202407622
0,0,1,0,0,0,-194.995392,122.695732,-53.134289,-61.0257,-0.145828,-10.0985,-1.84926,0.02375,8,11,5.2,5.08,187.2915782458424,418.6031601284154,2475.325839380666,1.459649775244663,12.17429378329332,-32.17087664320282,17.146995071032674,10.481319610624782,15.997803616216771,130.28030733582452,0.0,0.0048131118503946
0,0,1,0,0,0,-210.663544,14.142623,-52.555275,-57.319199,-0.136971,-8.89205,-1.84901,-0.01875,8,12,5.49,5.61,284.4781400523709,486.9773922772768,1901.986483671889,1.3091019032398363,10.657855380258203,-29.87804051036525,2.4723574288465717,7.023885801473664,10.720667802249276,100.10455177220469,0.0,0.0057726675931687
0,0,1,0,0,0,-195.203323,786.07251,-60.980358,-65.724503,-0.157057,-11.6279,-1.99165,-0.06125,8,9,5.37,5.4,250.30063680898243,451.524519181516,2527.063830892447,1.197489257825572,10.590730651185975,-28.10829284173993,10.219836929379609,10.512467662959477,16.045345380306568,133.00335952065512,0.0,0.0055947939025586
0,0,1,0,0,0,-182.640594,190.509766,-34.671707,-68.396301,-0.163442,-12.4975,-2.13739,0.09375,8,11,5.42,5.35,194.09796631095463,439.110483854123,1964.89917490915,1.1203973202362332,12.895395660166756,-35.87001792988007,14.401197189226112,7.639059835083885,11.659617643022772,103.41574604785,0.0,0.0026856273848502
0,0,1,0,0,0,-193.744125,126.732231,-54.362019,-76.090698,-0.181828,-15.0019,-2.30578,0.01375,8,11,5.27,5.25,255.77430276503893,474.29206887065845,2307.8363130616863,1.1469285391059143,11.5009350581905,-32.3973826088094,9.581809205806296,6.198462414604254,9.460811053869651,121.4650691085098,0.0,0.0047118730686298
0,0,1,0,0,0,-172.079895,9.452703,-55.591057,-72.552002,-0.173372,-13.8501,-2.13388,-0.06875,8,9,5.09,5.11,228.789404122306,453.6161365063672,1788.6095351450897,1.071317688933721,11.832985914950592,-32.641518868998965,11.028764936052909,10.559189741461518,16.116658026441264,94.13734395500472,0.0,0.0040598836659148
0,0,1,0,0,0,-177.718048,559.924438,-48.61039,-45.8811,-0.109639,-5.16911,-1.48004,0.0925,8,10,5.48,5.35,242.0665674491705,443.0044609079353,2001.7079536801407,1.309125091743369,10.575678603092888,-27.689681779936347,13.626449239172809,9.905080642432928,15.118280980555522,105.35305019369164,0.0,0.0046690346211565
0,0,1,0,0,0,-182.447021,52.621338,-55.65033,-62.597198,-0.149584,-10.61,-1.89689,-0.1725,8,8,4.98,5.02,257.10392187534154,482.9367829841949,1575.5045314593426,1.0767836077988695,11.885940058360704,-34.253217651775806,11.74654612507288,10.598124806879886,16.17608523155351,82.92129112943908,0.0,0.0067340062388448
0,0,1,0,0,0,-189.166748,59.342651,-50.106419,-64.826202,-0.15491,-11.3355,-2.09117,0.0225,8,10,5.22,5.21,228.5915221332091,467.5059583357809,1798.347645804204,1.2592330321417446,12.574444010661674,-36.11725620560059,17.933136373292644,10.504680649875802,16.033459939284118,94.64987609495812,0.3333333333333333,0.0035850390478351
0,0,1,0,0,0,-188.667358,1.839327,-65.384697,-68.949501,-0.164763,-12.6776,-2.08938,0.025,8,9,5.21,5.14,273.3710099729026,470.8030819496153,1685.4340554401788,1.2255573353157232,10.39116168298488,-28.23294296351843,12.247853622166197,9.873932590098232,15.070739216465723,88.70705554948309,0.0,0.0023676568466051
0,0,1,0,0,0,-191.058685,13.598753,-64.360466,-61.702301,-0.147445,-10.3187,-1.86977,-0.04125,8,8,4.8,4.78,198.39851240595655,434.0766101419415,1971.3063723506684,1.0103148167587876,12.4041104071571,-33.778793052446346,8.180426884386353,10.637059872298254,16.235512436665758,103.75296696582464,0.0,0.0024128227832721
0,0,1,0,0,0,-178.268326,514.172485,-22.77286,-70.6203,-0.168756,-13.2214,-2.35401,0.07875,8,11,5.43,5.45,237.9290171613704,486.3567187803246,1182.6934782692988,1.049823937563196,13.075142190471274,-39.063314432316645,12.156706804512863,10.559189741461518,16.116658026441264,62.24702517206836,0.0,0.008110884340233
0,0,1,0,0,0,-173.020218,-7.3418,-42.836689,-67.550903,-0.161421,-12.2224,-2.2517,0.0775,8,11,5.49,5.36,221.9392530323943,448.055640420024,2109.758727500739,1.2486320336725838,11.900862494085771,-32.62209859462309,9.342548809466306,10.58255078071254,16.152314349508615,111.03993302635467,0.0,0.0052373999253651
0,0,1,0,0,0,-184.79866,412.01297,-57.343121,-66.012901,-0.157746,-11.7217,-2.0629,-0.0425,8,12,5.14,5.15,245.95073771915463,478.4757951624039,1558.0163532350723,0.7966874728999992,12.238160918065748,-35.379281633854454,15.449385592239404,7.958327371514506,12.146920724943191,82.00086069658276,0.0,0.0052576711368003
0,0,1,0,0,0,-187.263748,3980.933838,-62.578529,-66.591103,-0.159128,-11.9099,-2.08097,0.07875,8,10,5.23,5.1,245.1026136515456,476.7813508618409,2069.987875146079,1.3266326273891762,12.193617747910276,-35.12454399574143,15.506352353272735,10.613698833047236,16.19985611359841,108.94673027084627,0.3333333333333333,0.0051368769507119
0,0,1,0,0,0,-183.093628,1261.329712,-41.00423,-60.444599,-0.14444,-9.90932,-1.88889,0.04625,8,10,5.13,5.19,252.6805395075844,464.6085888669597,2890.700343395326,1.3297648629132683,11.154107861019751,-30.68236912399256,9.262795344019644,10.473532597541109,15.98591817519432,152.14212333659611,0.0,0.0050838187340149
0,0,1,0,0,0,-190.897812,485.314911,-64.470795,-61.236301,-0.146332,-10.167,-1.85564,-0.0275,8,9,5.09,4.96,157.90974888235442,388.0104636111095,2540.7304457646205,0.9856011611981406,12.110563933092374,-30.436428800023865,6.197983600426428,5.57550136791036,8.509975772073707,133.72265504024318,0.0,0.0042653090199852
0,0,1,0,0,0,-177.692902,-10.024697,-48.33073,-63.123501,-0.150841,-10.7813,-1.91283,-0.165,8,9,4.97,5.07,235.2614254508156,473.9059086281292,1413.257477639103,1.0918475192543915,12.560235956700714,-36.38950189123962,12.316213735406192,9.305480634990056,14.203102021826924,74.38197250732121,0.0,0.0053893991836263
0,0,1,0,0,0,-184.980942,59.059883,-60.274372,-62.8531,-0.150195,-10.6933,-1.84862,0.08625,8,10,5.09,4.78,186.0669320863114,398.8676406636213,2404.792569842092,1.2192331332463588,11.200037293542628,-27.85468213387005,2.392603963399908,9.07965725556352,13.8584242321759,126.56802999168902,0.0,0.003663502665854
0,0,1,0,0,0,-174.030212,1.572478,-20.005943,-69.013702,-0.164917,-12.6985,-2.22625,0.0775,8,9,5.17,5.2,247.9256539723028,490.1661334027725,1213.9384434505064,1.0567663266935716,12.749498917393144,-37.96715915283614,10.93761811839958,10.574763767628868,16.140428908486165,63.89149702371086,0.0,0.0080875875579446
0,0,1,0,0,0,-183.543243,2.135208,-44.280521,-65.884499,-0.157439,-11.6799,-1.9965,-0.045,8,8,5.12,5.23,245.30179750877184,463.4195525864109,1588.3711094150258,1.051058351878302,11.479881846191528,-31.81191270632997,10.732537778679584,8.565714392041054,13.07398512469424,83.59847944289609,0.0,0.0043168515346473
0,0,1,0,0,0,-189.509796,250.594833,-45.852657,-55.0938,-0.131654,-8.16773,-1.77722,0.06875,8,8,5.36,5.15,235.52977252734095,443.2758718976716,2063.7704200613807,0.9375158771377458,10.934005230017398,-28.94260733702268,4.226933668673171,10.419023505955392,15.902720088037178,108.61949579270424,0.0,0.0041331704581223
0,0,1,0,0,0,-198.237671,10.358068,-53.321968,-69.679298,-0.166507,-12.9151,-2.1115,-0.101429,7,8,5.2,5.22,235.6228811723354,457.421323007247,1810.143690344556,1.1876677942753415,11.673602201837452,-32.23873070411121,12.840307936912838,9.640322197588024,14.714175985792249,95.2707205444503,0.3333333333333333,0.0026152739275037
0,0,1,0,0,0,-182.215652,717.072021,-46.796597,-54.135101,-0.129363,-7.85567,-1.64046,0.00375,8,10,5.39,5.45,230.90486092399237,452.3853843984856,2109.00408264634,1.313402369693412,11.656869656552274,-31.93876765590098,4.135786851019841,9.282119595739037,14.16744569875958,111.00021487612317,0.0,0.0052680538314928
0,0,1,0,0,0,-172.00798,6496.100098,-60.9524,-67.226799,-0.160647,-12.1169,-2.10084,-0.04625,8,8,4.87,4.83,228.0508169185521,462.8671681692057,1716.75572014895,1.0444575525438735,12.358755328981768,-35.05870969478089,15.016438208386088,10.574763767628868,16.140428908486165,90.3555642183658,0.0,0.0016778034617376
0,0,1,0,0,0,-207.59491,120.422081,-62.391106,-48.4352,-0.115742,-6.00041,-1.61451,0.18,8,11,5.47,5.34,303.7810971153507,469.8979689487924,2316.2750467729315,1.3288733511079214,8.742993254391667,-22.609456490421504,7.963953192459693,10.473532597541109,15.98591817519432,121.90921298804903,0.0,0.004263388068234
0,0,1,0,0,0,-189.48056,75.41819,-46.943253,-60.868698,-0.145453,-10.0474,-1.96351,0.05375,8,9,5.28,5.13,224.3359401445171,423.5546346342212,2470.1729606255167,1.0876687728326146,10.485194446826531,-26.550287216481813,7.872806374806363,10.551402728377845,16.104772585418814,130.00910319081666,0.0,0.0008286438034827
0,0,1,0,0,0,-187.380127,117.379517,-62.78632,-58.977501,-0.140934,-9.4318,-1.7872,0.01625,8,10,5.26,5.3,248.97885152299,452.94376684861305,2159.570453939699,1.2798528062361914,10.734995543453849,-28.67276662359521,3.29267878772654,10.566976754545191,16.128543467463714,113.66160283893151,0.0,0.0027678278357896
0,0,1,0,0,0,-169.362335,5.249925,-61.71497,-58.302101,-0.13932,-9.21198,-1.76673,-0.05375,8,9,4.95,4.87,190.44504307148205,426.4424662474119,2099.900739176797,1.0267881142658295,12.420917009259464,-33.455141075752444,13.432762251659485,10.49689363679213,16.02157449826167,110.52109153562088,0.0,0.0011975349610737
0,0,1,0,0,0,-186.879532,281.677612,-62.460846,-53.370701,-0.127536,-7.60687,-1.72164,-0.02,8,10,4.98,4.91,196.2845735490773,437.3830012082829,2166.7395219640803,0.9300572270218934,12.689390929431877,-35.00591802972898,11.370565502252896,10.551402728377845,16.104772585418814,114.0389222086358,0.0,0.0022698098281294
0,0,1,0,0,0,-199.503052,65.089546,-61.550648,-65.334702,-0.156125,-11.501,-2.04171,-0.04375,8,9,5.03,5.06,246.26977800671477,480.51330728044337,1372.3756093870625,1.023152124562766,12.328606803880454,-35.829029896531445,13.432762251659485,10.535828702210498,16.081001703373918,72.23029523089802,0.0,0.0026126547235624
0,0,1,0,0,0,-180.136612,71.915527,-51.473228,-59.2444,-0.141572,-9.51866,-1.91111,-0.11125,8,12,5.32,5.51,220.56925536111527,434.9675146877271,2580.795704594694,1.081321540799318,11.284118911926935,-29.793380164628548,7.576579217433041,10.504680649875802,16.033459939284118,135.83135287340497,0.0,0.0028894888169708
0,0,1,0,0,0,-176.655518,91.825165,-63.307068,-61.718498,-0.147484,-10.324,-1.87026,-0.18875,8,12,5.09,4.98,211.94602870888104,431.2920479398441,2140.554169819896,1.0881945988943076,11.544527327945424,-30.540655545624787,11.940233112586208,10.528041689126823,16.069116262351468,112.66074577999451,0.3333333333333333,0.0016322454734529
0,0,1,0,0,0,-170.49646,768.7453,-46.101337,-49.473099,-0.118222,-6.33823,-1.6491,0.14875,8,12,5.25,5.0,212.6648818926785,424.901881324148,2609.462269615474,1.2546600083499486,11.170368391129976,-28.93772158467661,15.779792806232724,10.886244290975814,16.615846549384138,137.340119453446,0.0,0.0004865164465296
0,0,1,0,0,0,-197.924332,1132.374634,-55.272858,-62.405602,-0.149126,-10.5476,-1.95018,0.0375,8,11,5.3,5.11,278.0372772757877,499.98211093701,1873.2179434757563,1.1153811400441254,11.681307034801174,-34.28841579027008,10.367950508066269,10.598124806879886,16.17608523155351,98.5904180776714,0.0,0.005201475522836
0,0,1,0,0,0,-194.124878,78.530022,-40.499039,-64.920601,-0.155136,-11.3662,-2.09421,0.16375,8,12,5.57,5.35,217.2362404032293,453.1159644741091,2036.0008565876503,1.2704833511889135,12.41472231951999,-34.778932199024666,10.459097325719595,6.938228657553254,10.589927951002336,107.15793982040266,0.0,0.0055708656308503
0,0,1,0,0,0,-179.027115,688.082947,-46.821476,-63.348099,-0.151378,-10.8544,-1.86318,-0.025,8,10,5.28,5.13,248.94847124041732,432.0495699994141,2605.511074016845,1.0963769638962042,9.636899934684038,-24.10358156889916,13.045388276632831,10.543615715294171,16.092887144396368,137.13216179036027,0.0,0.0035371706763178
0,0,1,0,0,0,-185.605255,23.213402,-48.164803,-67.3386,-0.160914,-12.1532,-2.04056,0.0325,8,10,5.16,5.09,218.99429507203877,448.9501831169264,1540.1003669845504,1.0952113762408526,12.102941476046722,-33.40899066750022,9.96918318083295,7.600124769665518,11.600190437910529,81.05791405181844,0.0,0.0024533041754705
0,0,1,0,0,0,-175.045715,42.319801,-48.422821,-63.048401,-0.150662,-10.7568,-1.97026,-0.0025,8,11,5.21,5.17,227.01739321082704,464.14388880809065,2282.095082292406,1.2622647180237347,12.48034187354019,-35.58563419684227,13.77456281785947,10.49689363679213,16.02157449826167,120.110267489074,0.0,0.000492274186958
0,0,1,0,0,0,-187.192429,509.471527,-51.868763,-49.829498,-0.119074,-6.45426,-1.55717,0.055,8,9,5.12,5.08,200.3621730061765,405.2581268466453,2772.312732593292,1.20859355946982,10.78399757055099,-26.7535877730237,9.114681765332984,9.243184530320663,14.10801849364733,145.91119645227852,0.0,0.0013778878872118
0,0,1,0,0,0,-188.628342,124.204056,-43.788776,-70.088501,-0.167485,-13.0483,-2.19027,0.09,8,12,5.46,5.2,258.18496308148144,485.5056864042113,1806.8125824891024,1.1138693144869671,11.96424859593315,-34.676235160180326,11.01737158384624,10.598124806879886,16.17608523155351,95.0953990783738,0.0,0.0055222260335848
0,0,1,0,0,0,-180.790649,256.345367,-64.584953,-64.593597,-0.154354,-11.2598,-2.08366,-0.06375,8,10,4.98,4.86,208.76215705199843,423.3481941404431,2203.232944733046,1.247212356271204,11.294001952023402,-29.294527315201584,8.510834098379672,6.6189611211226325,10.102624869081913,115.95962867016031,0.3333333333333333,0.0034561263245235
0,0,1,0,0,0,-178.416199,116.223175,-51.784515,-62.645599,-0.149699,-10.6257,-1.95767,-0.22125,8,9,5.23,5.16,244.75594504774747,475.2512870782932,2316.8513649683373,1.445055059065052,12.131333791081357,-34.81128817432904,14.663244289979437,10.58255078071254,16.152314349508615,121.93954552464932,0.3333333333333333,0.0062705314695089
0,0,1,0,0,0,-185.562836,109.24176,-29.612799,-70.691299,-0.168926,-13.2445,-2.14216,0.09375,8,11,5.5,5.42,241.5911904000576,478.40293381165856,1469.2687245674424,1.0971936859094418,12.46377596903163,-36.24505656831921,12.042773282446204,10.489106623708455,16.00968905723922,77.32993287197066,0.0,0.0043536136127372
0,0,1,0,0,0,-174.818756,376.8078,-57.589417,-63.820999,-0.152508,-11.0083,-1.99441,0.0525,8,9,5.08,5.07,228.284651215314,473.8791878831023,1517.5164744653375,1.0970960341285934,12.926028245673066,-37.813142216971166,15.848152919472724,7.210774115481834,11.005918386788062,79.86928812975461,0.3333333333333333,0.005231131065534
0,0,1,0,0,0,-192.242096,55.837086,-64.811844,-56.2575,-0.134434,-8.54648,-1.65463,-0.09125,8,9,5.08,4.95,241.65954118088104,459.69900226320175,1648.675566454136,0.9212097312092437,11.475761109595826,-31.623239859392253,5.480202411406456,10.489106623708455,16.00968905723922,86.77239823442821,0.0,0.0023917476497439
0,0,1,0,0,0,-179.114182,1459.479248,-30.093639,-61.092899,-0.145989,-10.1204,-1.90915,0.12625,8,9,5.39,5.31,255.78568845728748,462.520216379591,3007.5775416348465,1.2614900943308538,10.880764627489658,-29.608308953695182,14.674637642186102,10.442384545206414,15.938376411104526,158.29355482288665,0.0,0.00442407189
0,0,1,0,0,0,-181.097092,606.510132,-41.605129,-63.266998,-0.151184,-10.828,-2.1089,0.17,8,10,5.6,5.49,254.34627314195205,455.1038699100285,2383.789249290355,1.1715416650271988,10.566189303582972,-28.17690142601028,5.696676103333115,10.021885838688034,15.296562595892262,125.46259206791343,0.0,0.0050400300945946
0,0,1,0,0,0,-178.536346,109.496712,-41.593193,-67.385597,-0.161026,-12.1685,-2.1058,0.17375,8,10,5.54,5.4,261.11961573297776,470.66124322026326,1443.7897079060583,0.8542272521121291,11.028506709857131,-30.50126852975525,10.322377099239604,9.873932590098232,15.070739216465723,75.98893199505571,0.0,0.0025740196331178
0,0,1,0,0,0,-171.892776,104.086975,-58.231731,-60.724602,-0.145109,-10.0005,-1.78602,-0.16875,8,10,5.04,4.95,269.6281681078303,483.2145361562834,1815.6361732033504,1.214825866998934,11.24138779202385,-31.848674695341742,12.22506691775286,10.528041689126823,16.069116262351468,95.55979858965,0.0,0.002624862197839
0,0,1,0,0,0,-177.614471,279.823639,-28.349747,-56.344398,-0.134642,-8.57477,-1.70741,-0.01625,8,9,5.37,5.37,212.77362549209744,439.3821652469828,2688.991850938044,0.9029491405113904,11.926765250257125,-32.29635935587281,4.454800712806495,9.196462451818624,14.036705847512636,141.525886891476,0.0,0.0015005773885367
0,0,1,0,0,0,-195.782257,11.723868,-62.375267,-57.4921,-0.137385,-8.94833,-1.74219,0.17125,8,8,5.27,5.15,271.30508635285094,477.5874225731387,1593.356423251489,0.9066323397780628,10.85696506422567,-30.18871095501867,5.115615140793136,10.395662466704373,15.867063764969831,83.86086438165732,0.0,0.0050400379081798
0,0,1,0,0,0,-207.086685,27457.49805,-52.451786,-59.235901,-0.141552,-9.51592,-1.79503,-0.01,8,12,5.1,5.02,202.22323528669168,396.1339634129554,2952.346313478768,1.7244567317504178,10.205827796119143,-24.484761228214595,11.336385445632898,10.208774152696204,15.581813180431048,155.38664807782988,0.0,0.001446693394643
0,0,1,0,0,0,-171.420471,92.320503,-43.310989,-63.072399,-0.150719,-10.7647,-2.0346,0.15875,8,10,5.29,5.22,221.0332678585874,444.4555178152025,1908.9078426150852,0.9698713672131508,11.759065787190266,-31.93247174570736,13.7631694656528,7.716929965920622,11.778472053247263,100.4688338218466,0.0,0.0042077287380712
0,0,1,0,0,0,-175.783447,236.869019,-54.09116,-58.615799,-0.14007,-9.31409,-1.77624,0.05625,8,11,5.25,5.15,245.55787909961296,435.0475048480931,2212.915302912048,1.0830717434469983,9.97313819728843,-25.325196874918305,9.012141595472986,10.528041689126823,16.069116262351468,116.46922646905516,0.0,0.004922320479024
0,0,1,0,0,0,-181.967712,448.858612,-46.276623,-53.7966,-0.128554,-7.74548,-1.6302,-0.175,8,10,5.09,4.99,202.26584565672144,402.4166079138879,2757.344864695094,1.0026928983366794,10.534250645114025,-25.80904812008401,8.294360406453015,9.235397517236992,14.096133052624884,145.12341393132075,0.0,0.0016649544678945
0,0,1,0,0,0,-206.53569,10.69108,-72.611855,-60.429001,-0.144403,-9.90425,-1.83118,-0.03125,8,7,4.79,4.78,238.49508446826903,439.06554777140974,2069.539036370634,1.447617292626868,10.556340173849511,-27.454213869004217,5.286515423893129,10.426810519039064,15.914605529059624,108.9231071774018,0.0,0.0027122420030035
0,0,1,0,0,0,-179.883331,76.540894,-54.933243,-46.883701,-0.112034,-5.49543,-1.46512,-0.17375,8,10,4.93,4.79,223.90508128238127,431.5310105547546,1483.42884544168,1.0302612057200489,10.92768048801965,-28.39868474198608,6.961338198273066,10.481319610624782,15.997803616216771,78.07520239166737,0.0,0.0019403563741322
0,0,1,0,0,0,-201.184998,37.765812,-51.806366,-58.472301,-0.139727,-9.26736,-1.77189,0.09125,8,10,5.07,5.03,250.82095977364932,446.2901784263764,2666.8327860241898,1.5593470034958767,10.287853613301422,-26.844773387215373,15.358238774586075,11.041984552649286,16.85355536983312,140.35962031706262,0.0,0.0024343785601612
0,0,1,0,0,0,-192.920914,20.092867,-51.84996,-67.630402,-0.161611,-12.2482,-1.98913,0.0325,8,7,4.91,4.86,202.89584634068888,432.6521264870884,1880.908166241994,1.078733584259554,12.092435797178924,-32.56884484476642,8.385507224106343,6.907080605218559,10.542386186912536,98.99516664431547,0.0,0.0029925892250768
0,0,1,0,0,0,-181.575134,329.713837,-62.569908,-63.101101,-0.150788,-10.774,-2.10337,-0.0325,8,9,5.3,5.24,238.6061220694599,451.7528623283015,2443.0277832556726,1.208433483600593,11.218249487307451,-30.32800877980356,8.761487846926329,10.535828702210498,16.081001703373918,128.5804096450354,0.0,0.0015831016285641
0,0,1,0,0,0,-188.620316,327.881012,-60.28566,-55.198601,-0.131904,-8.20181,-1.7806,0.1,8,9,5.1,4.96,192.5213858155261,431.7370577348984,2322.0742028608765,1.18123824079301,12.590298522072226,-34.34714797914629,12.89727469794617,10.489106623708455,16.00968905723922,122.21443172951982,0.0,0.0019170162652337
0,0,1,0,0,0,-177.616287,73.279503,-57.533825,-62.098202,-0.148391,-10.4476,-1.82642,-0.05375,8,9,5.05,5.06,242.1869344497657,465.4093262620928,2064.1389424055506,1.3249501895971694,11.748546937490902,-32.89530428976055,15.392418831206074,10.58255078071254,16.152314349508615,108.6388917055553,0.0,0.0036585554071447
0,0,1,0,0,0,-189.02002,126.994087,-61.580738,-56.660599,-0.135397,-8.67768,-1.71699,-0.1225,8,8,5.03,4.87,237.7927956881784,444.8389986085985,1772.619012077691,0.9654377526404572,10.897168574758956,-28.883347215206275,8.841241312372995,7.841522175259401,11.968639109606457,93.29573747777322,0.3333333333333333,0.0025000104681078
0,0,1,0,0,0,-179.742249,398.800232,-49.587631,-58.442799,-0.139656,-9.25777,-1.77099,-0.08,8,10,5.18,5.29,232.7606488686721,451.2271494919192,2059.752160358369,1.2186336588763689,11.498236874907738,-31.309069589968857,10.983191527226245,10.566976754545191,16.128543467463714,108.40800843991416,0.0,0.0034259658286663
0,0,1,0,0,0,-181.891617,7.860074,-56.196491,-52.410198,-0.125241,-7.29425,-1.69065,-0.24875,8,11,4.8,4.71,270.4380847057239,471.036857740974,1940.2543680498093,1.2625126076235036,10.557830159750006,-28.83175830413935,7.838626318186366,10.489106623708455,16.00968905723922,102.11865094998996,0.0,0.0006617391082781
0,0,1,0,0,0,-180.359268,35.878666,-60.443768,-60.658901,-0.144952,-9.97907,-1.83815,-0.02875,8,8,4.96,4.92,225.83528859143988,451.6512153359495,1886.8574942175017,0.9110365025163388,11.88504877602682,-32.7379841593735,7.599365921846373,10.535828702210498,16.081001703373918,99.3082891693422,0.0,0.0048765877672517
0,1,0,0,0,0,-825.28064,821.130188,-124.493881,-93.515701,-0.196195,-14.8138,-2.28087,-0.64,7,29,7.06,6.84,464.4947275196959,660.5665614113215,3787.489785850128,1.2447971413613734,8.1696597454844,-32.10290469446739,16.428987872193744,9.695109730343786,13.330775879222706,157.812074410422,0.0,0.0030456523027887
0,1,0,0,0,0,-742.733948,83.995659,-137.589722,-99.527802,-0.208808,-16.688101,-2.48819,-0.4,7,24,6.95,6.7,478.7904443490584,672.4904296220274,6072.844019422211,1.368194692989423,8.07083271970704,-32.06819707690429,8.335134033956772,12.76966884144647,17.558294656988895,253.03516747592548,0.0,0.0014042663512221
0,1,0,0,0,0,-794.723022,287.338287,-181.982254,-78.062302,-0.163773,-9.99592,-1.85863,-0.708572,7,29,7.32,7.07,455.6841473927117,665.0612267130454,5478.470304619384,1.530360178288846,8.724044971680568,-34.993702412463456,12.12250195464941,12.216248201447986,16.79734127699098,228.2695960258077,0.5,0.0061641727613883
0,1,0,0,0,0,-727.542297,43.786049,-147.600327,-99.921898,-0.209635,-16.811001,-2.5621,-0.364286,7,25,7.13,6.96,445.3068813122317,631.1127291040951,4039.5474707241874,1.0530862549470834,7.741910324660975,-29.011469872253333,6.324465736291763,12.093265837003878,16.628240525880333,168.31447794684115,0.0,0.0028543664962498
0,1,0,0,0,0,-694.686707,140.157028,-130.70462,-86.787903,-0.18208,-12.7163,-2.1697,-0.415714,7,26,6.97,6.76,453.75506053586855,632.5650396985715,4357.840975785878,0.9713022962716306,7.450415798445955,-27.72968699591088,12.08594434923732,12.113762897744564,16.656423984398774,181.5767073244116,0.0,0.0017110504828727
0,1,0,0,0,0,-772.257385,1089.739502,-181.577469,-75.827499,-0.159085,-9.29919,-1.80542,-0.382857,7,26,7.05,6.81,433.325062270655,599.9580365676471,3938.9181486246944,0.9632474945055846,6.9430405957080055,-24.414973163874997,3.107396460027745,6.938255060721716,9.54010070849236,164.12158952602894,0.0,0.0022133715213231
0,1,0,0,0,0,-702.609985,106.313576,-162.724854,-91.220703,-0.19138,-14.0983,-2.2249,-0.414286,7,29,7.17,6.89,509.79934928726647,655.2986415046577,2730.6664894904025,1.3600407566152586,6.062470509057967,-22.26975335942789,15.05442190869912,13.302592420704263,18.29106457846836,113.77777039543344,0.0,0.0040948986405945
0,1,0,0,0,0,-901.289307,611.843018,-209.100204,-63.438599,-0.133093,-5.43676,-1.44179,-0.541429,7,29,7.19,6.94,429.7320254567756,622.7844603914167,4612.291298940581,1.3314488653968906,8.043851455610048,-30.10302977780709,16.60446437817178,9.285168515530096,12.767106708853882,192.1788041225242,0.0,0.0008018982846302
0,1,0,0,0,0,-827.172729,469.010529,-191.341034,-78.440002,-0.164566,-10.1137,-1.961,-0.45,7,26,6.79,6.5,428.4178837296228,616.0327647995363,4036.265820496175,0.9175001717067413,7.817286711246397,-28.818046770988477,11.25974246692406,11.437359893301974,15.726369853290214,168.17774252067397,0.0,0.0020570448820332
0,1,0,0,0,0,-708.311768,2263.403076,-195.611038,-62.861698,-0.131883,-5.2569,-1.61184,-0.578571,7,25,6.73,6.5,452.1858608166077,605.1408778188016,4013.483537760646,0.9820261502220018,6.373125708424748,-22.16253600410101,5.001080420374064,12.964390918482971,17.826037512914088,167.22848074002692,0.0,0.0020250899372314
0,1,0,0,0,0,-730.515442,655.769104,-134.470642,-86.666,-0.181824,-12.6783,-2.06348,-0.384286,7,26,7.04,6.91,425.68043042224696,588.7957710454663,3203.930228678352,0.9997711276363732,6.796472525967471,-23.441904525525043,14.608419122671608,13.333338011815291,18.333339766246027,133.49709286159796,0.5,0.006289807191807
0,1,0,0,0,0,-777.042908,27.173702,-211.562256,-142.725006,-0.299436,-30.155701,-3.3192,-0.538571,7,27,7.44,7.36,458.3022587731515,651.3876782182662,4647.315350893461,1.036821516235995,8.04522581021311,-31.16498207028411,5.490952332896085,10.03331123256508,13.795802944776987,193.63813962056088,0.5,0.0058932118757592
0,1,0,0,0,0,-790.926575,162.095551,-100.241318,-105.601997,-0.221551,-18.5818,-2.57565,-0.302857,7,29,7.18,6.97,442.28891672090737,641.4642277334693,3365.5394179861887,1.316953844465149,8.298971292190082,-32.0019836813617,6.748533959072019,9.818092094787891,13.499876630333354,140.23080908275787,0.5,0.0047167718108538
0,1,0,0,0,0,-794.9039310000001,42.379288,-180.721802,-105.151001,-0.220605,-18.4412,-2.62877,-0.354286,7,26,7.19,7.01,415.31662795910944,611.3636649010215,3196.6087458911734,1.17923060333067,8.168626539246334,-30.254248297824315,15.785574016940942,12.851657084409204,17.671028491062657,133.1920310787989,0.5,0.0047912316151113
0,1,0,0,0,0,-952.306335,63.646641,-195.254883,-65.852997,-0.138159,-6.1895,-1.64633,-0.581429,7,28,7.14,6.75,377.2085274585286,578.8644542879844,3206.050816619263,1.596957521699145,8.402330284560657,-30.083393285577717,10.682132301413022,6.99974624294377,9.624651084047684,133.5854506924693,0.0,0.0014268248536329
0,1,0,0,0,0,-794.893738,3070.541504,-131.945236,-76.998199,-0.161541,-9.66418,-1.92496,-0.598571,7,28,7.31,7.1,439.1365937339121,645.0680130715098,4490.726903335098,1.1313997234936604,8.580475805733236,-33.49526868175733,15.149471682770557,6.149118222205361,8.455037555532373,187.1136209722957,0.0,0.0020610625633693
0,1,0,0,0,0,-751.063538,56.963394,-173.536102,-89.208199,-0.187157,-13.4708,-2.17581,-0.56,7,29,7.36,7.03,501.0543721537284,665.3696829307078,3883.1921744025176,1.375042362045377,6.8464712823741385,-26.05690624619532,7.39925933540724,12.54420117329894,17.24827661328604,161.79967393343824,0.0,0.0031332920833873
0,1,0,0,0,0,-791.958557,24.815491,-211.877655,-129.173996,-0.271005,-25.930799,-3.00405,-0.518571,7,26,7.42,7.45,446.7185355679776,646.1150385479914,4543.213241608308,1.1152339082568758,8.308187624167244,-32.22319950953654,15.244521456841992,13.353835072555976,18.361523224764465,189.3005517336795,0.5,0.0057119227968934
0,1,0,0,0,0,-750.176636,-7.554031,-212.29245,-124.181999,-0.260531,-24.9979,-3.02882,-0.532857,7,26,7.4,7.4,477.2047185741705,661.0863991252922,4595.710413338466,1.1198083194415485,7.994855676135728,-30.988014855564508,2.967841775019849,13.169361525889816,18.895170884972348,199.81349623210724,0.5,0.0061204541170974
0,1,0,0,0,0,-750.176636,-7.554031,-212.29245,-124.181999,-0.260531,-24.9979,-3.02882,-0.532857,7,26,7.4,7.4,477.2047185741705,661.0863991252922,4595.710413338466,1.1198083194415485,7.994855676135728,-30.988014855564508,2.967841775019849,13.169361525889816,18.895170884972348,199.81349623210724,0.5,0.0061204541170974
0,1,0,0,0,0,-704.011475,-17.071718,-196.332916,-145.240005,-0.30471,-30.939501,-3.37766,-0.51,7,27,7.5,7.47,490.6319342481755,666.9779669632674,4526.22415311349,1.0545805848470509,7.347751363128825,-28.42442814888009,1.4330581321539717,10.176790657749876,13.993087154406076,188.5926730463954,0.5,0.0059139525804981
0,1,0,0,0,0,-724.25061,-50.457348,-161.131821,-149.149994,-0.312915,-32.158798,-3.5512,-0.504286,7,27,7.41,7.31,495.0085916936465,673.87816303418,4816.511775135934,1.1972478542587517,7.452898805855564,-29.153360504178693,3.692318146621202,11.16064957330273,15.345893163291256,200.6879906306639,0.0,0.0032241037604494
0,1,0,0,0,0,-773.311646,225.496735,-181.144333,-102.281998,-0.214586,-17.5467,-2.27293,-0.597143,7,28,7.42,7.24,512.9510931199352,693.6207375622885,5664.21558397104,1.16336468969583,7.527901851764722,-30.190650684527068,14.345204363704552,10.863442192562806,14.937233014773858,236.00898266546,0.5,0.0074266769373211
0,0,1,0,0,0,-532.460388,61.03548,-136.671539,-62.681702,-0.125754,-9.37972,-1.74116,0.278333,6,11,5.91,6.06,-70.1832359283888,331.8529462557572,3405.099545295707,1.467056151145066,21.159799062323472,-107.17227520219788,17.71008713324906,0.0,0.0,179.2157655418793,0.0,0.0044774356690363
0,0,1,0,0,0,-540.41803,51.643425,-114.951836,-69.268898,-0.138969,-11.3935,-1.87213,0.095,6,14,6.47,6.58,-96.73103898385163,340.3262985352703,3715.696960266445,1.5250871464694962,23.00301776416432,-123.4129309089575,15.692482269967522,0.1369373081654109,0.2522529360941781,195.56299790876025,0.5,0.0064750898330668
0,0,1,0,0,0,-588.34906,68.720268,-87.385178,-76.590202,-0.153657,-13.6317,-2.07,0.315,6,10,6.55,6.71,-39.29005172765045,361.0016409291102,2619.977611659957,1.3519818091843534,21.067983824040034,-110.69180266258353,17.028585046096183,0.0,0.0,137.89355850841878,0.5,0.0063466171230608
0,0,1,0,0,0,-519.901794,38.62149,-66.567947,-70.737999,-0.141916,-11.8426,-1.91184,0.25,6,11,6.51,6.49,-100.86282280213152,338.7178178458937,2677.9043381802585,1.0724528339587722,23.13582319200133,-124.27151247985329,16.92994658611353,0.4349773318195407,0.8012740322991538,140.94233358843465,0.5,0.006974337729377
0,0,1,0,0,0,-604.117737,178.100342,-86.183411,-53.3885,-0.107109,-6.53868,-1.44293,0.373333,6,10,5.97,5.93,-37.86702284160219,335.9111317518697,3181.592807516598,1.0188769605225627,19.672534452287994,-96.35383853653498,16.88511092248505,0.6121903188571314,1.1277190084210311,167.45225302718936,0.0,0.0024070212016306
0,0,1,0,0,0,-559.3570560000001,70.880737,-107.108665,-60.793499,-0.121966,-8.80249,-1.68871,0.355,6,11,6.12,6.07,-103.68244645651224,310.5372892653548,3664.9814370928943,1.3506491339242246,21.80103872220353,-109.04608474208516,19.43177661658264,0.4349773318195407,0.8012740322991538,192.89375984699444,0.0,0.0063222506658526
0,0,1,0,0,0,-566.847107,321.710327,-129.264587,-57.1726,-0.114701,-7.69554,-1.6335,0.318333,6,12,5.98,6.0,-99.77561640477478,319.85658542583803,3356.507893664573,1.123182610564698,22.085905359505936,-112.71643831203916,15.674548004516126,0.0,0.0,176.65831019287228,0.0,0.005840564979945
0,0,1,0,0,0,-530.912842,2.068657,-88.90239,-68.031303,-0.136486,-11.0152,-1.83868,0.128333,6,14,6.29,6.41,-39.389529103667655,352.08976852950786,2645.8629061468746,1.0254101621397502,20.604173559640817,-105.73456201635142,21.162433232641916,0.2416540732330781,0.4451522401661966,139.25594242878287,0.0,0.0068724076196304
0,0,1,0,0,0,-542.601563,4972.885254,-101.079468,-76.663803,-0.153805,-13.6542,-2.12955,-0.03,6,15,6.4,6.61,-140.54638777070392,304.0872406488436,3789.651334848322,1.5325839608097225,23.40176991681829,-120.92305219511788,17.378303222398312,0.0,0.0,199.4553334130696,0.0,0.0036078193540088
0,0,1,0,0,0,-573.594238,306.842346,-134.916992,-86.408401,-0.173355,-16.6332,-2.27391,0.305,6,10,6.71,6.84,-56.56446668166205,351.9690704079967,2872.5695115418257,1.237788342136998,21.50176510998204,-112.85356368633713,13.145816575869937,0.7571827627969783,1.3948103525207494,151.18786902851716,0.5,0.0053449149599786
0,0,1,0,0,0,-572.441956,144097.6406,-112.379822,-69.337997,-0.139108,-11.4146,-1.874,0.093333,6,13,6.4,6.68,-89.59246781026968,329.1147213161952,3684.0764059022185,1.3862478948098855,22.037220480340256,-113.7353476062375,17.198960567884402,0.0,0.0,193.89875820537992,0.0,0.0049828588018592
0,0,1,0,0,0,-532.710205,1714.816162,-114.036102,-92.2407,-0.185056,-18.416201,-2.49299,0.168333,6,15,6.19,6.24,-123.33959817968156,340.98640172405635,3374.700293691358,1.3370325904415794,24.438210521249363,-135.82328998613386,20.588536738197387,0.2416540732330781,0.4451522401661966,177.61580493112413,0.5,0.0054637148664807
0,0,1,0,0,0,-534.109741,59.390522,-132.119308,-89.449699,-0.179456,-17.563,-2.41756,0.06,6,13,6.31,6.39,-118.1732446360748,340.2213821233336,3457.4267705016555,1.4296232434672629,24.126032987337283,-132.97328142802803,19.333138156599983,0.1933232585864625,0.3561217921329573,181.9698300264029,0.5,0.0062392075549852
0,0,1,0,0,0,-561.737366,83.719208,-124.282295,-95.768997,-0.192134,-19.4949,-2.58835,0.125,6,13,6.71,6.73,-105.7536099974564,327.72482467905417,2805.321520103633,1.278077410648616,22.81465445665845,-119.8546786385392,18.158443769533843,0.0966616292932312,0.1780608960664786,147.64850105808594,0.5,0.005620389632907
0,0,1,0,0,0,-511.773743,112.942863,-127.941162,-75.610497,-0.151692,-13.3322,-2.10029,0.278333,6,13,6.32,6.21,-144.43131713600212,315.91000267344464,4590.96137362674,1.255212015106302,24.228490516286676,-129.79834881013036,17.988068247745627,0.0483308146466156,0.0890304480332393,241.62954598035475,0.5,0.0047612503733944
0,0,1,0,0,0,-533.477905,187.877258,-102.498924,-67.056702,-0.134531,-10.7172,-1.86269,-0.023333,6,11,6.34,6.32,-118.34170381547732,299.00892249599144,4039.692024327633,1.2953380026003276,21.965822437445723,-108.59728805799696,19.001354245749244,0.4510876033684126,0.8309508483102338,212.6153697014544,0.0,0.0024587946108117
0,0,1,0,0,0,-573.594238,306.842346,-134.916992,-86.408401,-0.173355,-16.6332,-2.27391,0.305,6,10,6.71,6.84,-56.56446668166205,351.9690704079967,2872.5695115418257,1.237788342136998,21.50176510998204,-112.85356368633713,13.145816575869937,0.7571827627969783,1.3948103525207494,151.18786902851716,0.5,0.0053449149599786
1,0,0,0,0,0,-289.56189,29.032373,-92.95871,-59.9193,-0.176545,-13.8392,-2.21923,0.194286,7,16,5.64,5.53,180.6868170072668,364.9350476747561,1363.660714819137,1.1002090266742033,14.172940820576098,-24.59654431926076,11.224275117840408,10.60882938222166,19.58553116717845,104.89697806301054,0.0,0.0002726517370318
1,0,0,0,0,0,-284.438354,37.248405,-83.532822,-66.3405,-0.195464,-16.065399,-2.45706,0.284286,7,16,5.88,5.76,228.33228985433644,409.30792984592784,1473.5567153982977,1.3172721335097566,13.921203076276262,-25.967747540717028,16.775967118959485,10.547015372711265,19.47141299577464,113.3505165690998,0.0,0.0073886022951185
1,0,0,0,0,0,-308.59671,36.80336,-121.661514,-53.814201,-0.158557,-11.7227,-2.06978,0.156667,6,14,5.19,5.29,189.36479980037765,354.72061884691897,1811.3899941404104,1.1522393769160078,12.719678388195488,-20.90451641026296,17.7802933101167,10.562468875088864,19.499942538625596,139.33769185695462,0.0,0.0118489248572001
1,0,0,0,0,0,-272.275726,21.641207,-101.903458,-64.7323,-0.190726,-15.5078,-2.31187,0.347143,7,13,5.48,5.39,189.95634965181853,358.69645430085995,1823.9343787462417,1.3304269125175918,12.980008049926264,-21.63425814738447,18.096470073999534,10.55474212390006,19.485677767200112,140.30264451894166,0.0,0.0015059924101567
1,0,0,0,0,0,-279.887421,48.365265,-55.188183,-53.896,-0.158798,-11.7511,-1.99615,0.198571,7,13,5.55,5.5,204.38450280228545,373.04448651417744,1194.5788503717176,1.035739244356238,12.973844900914768,-22.20894546081348,17.752395360362335,9.40345619676894,17.3602268248042,91.89068079782444,0.0,0.0003496644074928
1,0,0,0,0,0,-294.732391,32.300354,-68.75338,-63.963501,-0.188461,-15.2413,-2.28441,0.291429,7,18,5.56,5.68,208.82215925929268,397.2096516205331,1428.6631239150734,1.0748266284390768,14.491345566249263,-26.816647250439186,15.548457329767324,9.944328779984904,18.358760824587517,109.89716337808257,0.0,0.0023351873906312
1,0,0,0,0,0,-282.962128,41.321766,-100.035034,-50.8885,-0.149937,-10.7085,-2.03554,0.171429,7,14,5.47,5.36,173.4503874349147,374.1451009733259,1711.6385272803186,1.1912646414902532,15.438054887570091,-28.04375973413412,18.645129752502086,10.57792237746646,19.528472081476544,131.66450209848605,0.0,0.0005649065342394
1,0,0,0,0,0,-289.729492,45.723606,-151.283676,-61.310902,-0.180645,-14.3217,-2.18968,0.172,5,14,5.18,5.07,208.4130204051453,394.76582193620897,1869.2784945917144,0.9734807949110442,14.334830887004896,-26.32413952066739,19.42627234562437,8.684868336210593,16.033603082234944,143.79065343013187,0.0,0.0115803603392542
1,0,0,0,0,0,-296.077667,-3.534403,-97.196274,-69.645897,-0.205203,-17.2113,-2.57948,0.1,7,15,5.43,5.33,195.68537202670305,373.64141370046167,2328.646097248105,1.352784709832283,13.688926282596816,-23.86098980377357,15.334573048317177,10.647463138165657,19.656855024305823,179.12662286523886,0.0,0.0018403395582671
1,0,0,0,0,0,-295.186371,51.051556,-48.674171,-45.136501,-0.132989,-8.71432,-1.73602,0.505714,7,14,5.86,5.88,191.8292563266081,359.46036770698635,1828.984906008692,1.0193943516156132,12.894700875413712,-21.478012161087538,13.70719264597909,3.1216074802749816,5.7629676558922736,140.69114661605323,0.0,0.0070876360951264
1,0,0,0,0,0,-297.259735,35.490528,-91.056267,-71.150398,-0.209636,-17.7328,-2.37168,0.271429,7,11,5.47,5.33,239.4809661446328,392.7321200440013,1399.868171156309,0.8849241933795848,11.788550299951416,-20.33932592616483,10.21994892668319,8.082181743484234,14.920950911047818,107.68216701202375,0.0,0.0048368184902255
1,0,0,0,0,0,-308.970825,15.068037,-155.845169,-67.096298,-0.197691,-16.3274,-2.48505,0.091667,6,10,4.88,4.88,237.20582597400823,406.8762928842655,1464.0605258726473,0.940814675387403,13.051574377712097,-23.77903656933908,14.953301068340826,10.693823645298451,19.74244365285868,112.6200404517421,0.0,0.0118025181397948
1,0,0,0,0,0,-297.205872,3708.63208,-41.355583,-70.774101,-0.208527,-17.6024,-2.62126,-0.087143,7,11,5.5,5.48,175.5016937995705,354.2052550755378,1736.6906819891,0.7496228531784572,13.746427790459023,-23.149391336161425,19.4820682451331,4.86012649775486,8.972541226624356,133.59159092223845,0.0,0.0097065746640721
1,0,0,0,0,0,-297.82901,21.259296,-114.640182,-63.504902,-0.187109,-15.0823,-2.35204,0.175714,7,13,5.54,5.47,221.0835532525477,379.9169293917734,1653.808832534677,0.9589266891464332,12.21795201070967,-20.800930399214987,18.89621130029139,8.460792551735407,15.619924710896136,127.216064041129,0.0,0.0115784760889151
1,0,0,0,0,0,-280.007874,29.085081,-73.372658,-62.348202,-0.183701,-14.6813,-2.30919,0.067143,7,13,5.58,5.52,152.72572252805554,339.7968246372604,1636.0860396035996,0.9900911465012968,14.390084777631142,-23.95862723322563,13.446811781604994,0.0,0.0,125.85277227719996,0.0,0.0007195691857665
1,0,0,0,0,0,-281.120911,281.786682,-166.410233,-63.725399,-0.187759,-15.1588,-2.27591,0.143333,6,13,5.42,5.28,194.2773524805797,389.62904754446606,1559.4224423630667,0.8415031287767865,15.027053466452797,-27.77871918406183,16.441191721907078,6.984983074674712,12.895353368630236,119.95557248946668,0.0,0.0043459346437622
1,0,0,0,0,0,-268.991791,27.934031,-104.887024,-69.265404,-0.204082,-17.079399,-2.47376,0.348571,7,15,5.57,5.45,202.20442014571316,382.7274748758335,1723.7509698686438,1.07950229430643,13.886388825393873,-24.716544079692103,17.389722013555563,10.58564912865526,19.542736852902017,132.59622845143414,0.0,0.0037072794854847
1,0,0,0,0,0,-299.483337,101.038048,-82.43898,-73.011902,-0.215121,-18.378201,-2.60757,0.115714,7,14,5.77,5.64,201.08662427209435,397.704882650261,1374.618453797732,0.9484613836027076,15.124481413705128,-28.405337225452605,21.08155069771682,8.901217369496978,16.433016682148267,105.739881061364,0.0,0.0008231611765076
1,0,0,0,0,0,-299.483337,101.038048,-82.43898,-73.011902,-0.215121,-18.378201,-2.60757,0.115714,7,14,5.77,5.64,201.08662427209435,397.704882650261,1374.618453797732,0.9484613836027076,15.124481413705128,-28.405337225452605,21.08155069771682,8.901217369496978,16.433016682148267,105.739881061364,0.0,0.0008231611765076
1,0,0,0,0,0,-289.404419,625.344727,-63.049896,-70.755798,-0.208473,-17.5961,-2.62059,0.308333,6,13,5.66,5.59,169.12459748758258,372.59232332740027,1735.76044011994,0.9060747908161682,15.65136352613982,-28.491594335994243,14.851008585908144,10.840631917885643,20.01347430994273,133.52003385538,0.0,0.0034754784664875
1,0,0,0,0,0,-297.205872,3708.63208,-41.355583,-70.774101,-0.208527,-17.6024,-2.62126,-0.087143,7,11,5.5,5.48,175.5016937995705,354.2052550755378,1736.6906819891,0.7496228531784572,13.746427790459023,-23.149391336161425,19.4820682451331,4.86012649775486,8.972541226624356,133.59159092223845,0.0,0.0097065746640721
1,0,0,0,0,0,-286.082642,1314.318237,-30.934496,-67.364304,-0.198481,-16.4203,-2.40587,-0.024286,7,13,5.39,5.42,184.7918778681306,382.6274257201205,1913.327762572737,0.9021128741508768,15.218119065537689,-27.914658317443955,19.0542996822328,3.755201077756537,6.9326789127813,147.17905865944132,0.0,0.0008084932821342
1,0,0,0,0,0,-299.500977,302.995148,-35.245255,-72.516602,-0.213661,-18.206499,-2.6858,-0.034286,7,11,5.46,5.42,182.90018260103275,360.5589418516571,1968.435543599915,0.790254736864064,13.66605840389418,-23.24331488032914,19.32397986319169,10.624282884599255,19.6140607100294,151.418118738455,0.0,0.0112437860494852
1,0,0,0,0,0,-293.922058,-22.054781,7.118259,-63.9715,-0.188484,-15.2441,-2.2847,-0.071429,7,12,5.15,5.06,187.2419703346173,373.7487883226126,1870.457149498201,0.6704243284516631,14.346678306768872,-25.400039252726927,19.80754432560072,10.60110263103286,19.57126639575297,143.88131919216931,0.0,0.0091112778044552
1,0,0,0,0,0,-293.808533,124.693764,-59.959682,-70.650703,-0.208164,-17.559601,-2.61669,-0.002857,7,14,5.8,5.82,173.10689877184947,366.9799835876421,1719.9856789065764,0.7861480454302783,14.913314216599428,-26.43139499711492,19.472768928548312,10.74018415243125,19.828032281411534,132.30659068512125,0.0,0.0058976545931351
1,0,0,0,0,0,-313.753754,8.693001,-123.935638,-66.013397,-0.1945,-15.9519,-2.35762,0.06,7,11,5.39,5.3,190.4683850065697,374.5993782208872,1890.4161034982117,0.7374397301618327,14.1639225549475,-25.008211822363407,15.58565459610648,7.363593882925884,13.594327168478555,145.41662334601625,0.0,0.0014794231977086
1,0,0,0,0,0,-296.696411,12.186646,-105.543121,-51.412899,-0.151482,-10.8902,-2.05652,0.192857,7,11,5.52,5.42,212.48600776824088,402.18334834667417,1493.7154852920569,0.8462169865633479,14.592103121417946,-27.292849295892676,15.855334777065364,10.562468875088864,19.499942538625596,114.90119117631204,0.0,0.0006086589768259
1,0,0,0,0,0,-286.358795,35.939083,-116.704842,-56.704102,-0.167072,-12.7246,-2.02515,-0.174286,7,14,5.17,5.26,186.33287872056272,387.3495000487487,1567.0449071453477,1.0233328987804051,15.462817025245071,-28.749685019187236,20.59798623530779,9.42663645033534,17.40302113908063,120.54191593425752,0.0,0.008555217182056
1,0,0,0,0,0,-282.964294,107.729332,-100.704491,-63.470901,-0.187009,-15.0705,-2.26682,0.228333,6,14,5.48,5.36,219.14850941489283,384.7951492331997,2100.3763940641184,1.2118061800847233,12.742049216792838,-22.16396687152974,7.718432765374928,7.711297686421861,14.236241882624974,161.5674149280091,0.0,0.0103445804529923
1,0,0,0,0,0,-275.751465,8769.486328,-66.971069,-71.6492,-0.211105,-17.9058,-2.75574,-0.111429,7,16,5.52,5.57,183.30908964595704,386.43396423661807,1265.1058797193382,0.9139013327661416,15.624990353127773,-29.110102127272757,19.351877812946054,8.368071537469815,15.448747453790428,97.31583690148756,0.0,0.0005530040726181
1,0,0,0,0,0,-311.859222,66.525711,-146.893478,-62.389801,-0.183824,-14.6957,-2.49559,0.052,5,12,5.1,4.94,224.0587393322636,381.7666096673552,1808.2363757026264,1.091656077078575,12.13137464116089,-20.681295324055075,16.11571564143946,7.1395180984507,13.180648797139751,139.09510582327897,0.0,0.0002107824883794
1,0,0,0,0,0,-270.300751,-3.228696,-101.366661,-61.4688,-0.18111,-14.3764,-2.45875,0.235714,7,12,5.14,5.06,140.5163973602712,330.73505057880374,1630.7257546464054,1.024885604593515,14.632204093733272,-24.08827477909492,16.738769852620326,8.916670871874576,16.461546224999218,125.44044266510812,0.0,0.0036313165107872
1,0,0,0,0,0,-306.591431,28.789398,-134.124664,-63.743198,-0.187811,-15.1649,-2.19804,-0.06,5,10,4.95,4.91,235.6619794974324,385.39854151234687,1770.353754841848,0.831820396161371,11.518197078070346,-19.478017963737397,17.19443636527499,10.446567607256869,19.28597096724345,136.18105806475754,0.0,0.0110652210762542
1,0,0,0,0,0,-315.13028,15.151525,-76.918793,-64.431099,-0.189838,-15.4034,-2.30111,-0.132857,7,9,5.17,5.05,194.16675637394343,368.6592853132864,1539.8754135769773,0.81821493607886,13.422502226103305,-23.038358686449712,16.599280103848493,8.708048589776991,16.076397396511368,118.45195489053673,0.0,0.0004608309486795
1,0,0,0,0,0,-295.947083,-16.716406,-107.14048,-61.8386,-0.1822,-14.5046,-2.20852,-0.198333,6,12,5.17,5.19,204.8232891465409,367.62981145773335,1765.4317036767734,1.144529807132765,12.523578639322496,-20.99222768946851,16.72947053603554,10.747910903620047,19.84229705283701,135.80243874436718,0.0,0.005524556169289
1,0,0,0,0,0,-280.700989,1.311541,-85.565216,-69.884804,-0.205907,-17.2941,-2.40982,-0.108333,6,10,5.29,5.22,234.25881049170343,403.3275714550204,1553.9520562180796,0.8771515488726754,13.00528930487053,-23.524135720928825,14.265151641066431,9.534810966978537,17.602727939037294,119.5347735552369,0.0,0.0005236051804174
1,0,0,0,0,0,-289.787811,9.09866,-93.063759,-66.3545,-0.195505,-16.0702,-2.3698,0.347143,7,13,5.56,5.5,203.0714220386612,381.3650856109881,1697.212173942833,1.2991988091416848,13.714897197871297,-24.25563621783861,18.11506870716911,10.523835119144865,19.42861868149821,130.55478261098716,0.0,0.0047959746785875
1,0,0,0,0,0,-272.865845,4.467126,-60.865555,-55.628201,-0.163902,-12.3516,-1.98672,0.142857,7,14,5.52,5.63,171.12914795650352,376.56174285268247,1406.655462477216,1.0232552281123923,15.802507299706074,-29.06307585367432,16.655076003357223,10.647463138165657,19.656855024305823,108.20426634440123,0.0,0.0002801555266908
1,0,0,0,0,0,-279.133087,-4.08301,-131.195847,-54.765598,-0.16136,-12.0525,-1.95591,-0.054,5,11,4.9,4.84,190.2361387136064,356.2545174384006,1678.0754061606217,1.2259446042356716,12.770644517291863,-21.076918721444624,14.08846462595544,8.29080402558182,15.30609973953567,129.08272355081704,0.0,0.0117797004034038
1,0,0,0,0,0,-307.741608,702.399292,-85.479874,-52.489399,-0.154653,-11.2634,-1.87462,0.152857,7,11,5.32,5.31,210.78794449060072,374.97199372513694,1459.2759396259437,0.9715137200278638,12.62954224881048,-21.51785138396825,12.89815210310244,10.616556133410455,19.59979593860392,112.2519953558418,0.0,0.0002321460257273
1,0,0,0,0,0,-300.518127,178.54744,-116.841263,-53.652,-0.158079,-11.6665,-1.98711,-0.154,5,14,4.97,5.2,210.0544669225979,393.8190422722574,2016.9694130194184,1.1370244759984378,14.13573656535842,-25.800619025934417,18.031374857906005,10.639736386976857,19.642590252880343,155.15149330918604,0.0,0.0116787309223775
1,0,0,0,0,0,-246.122604,216.267792,-87.326515,-64.944702,-0.191351,-15.5814,-2.40536,-0.052857,7,12,5.08,5.06,182.26836480807503,359.4701759657405,1845.983086037368,0.9374296940418546,13.63090855058965,-23.116950729328916,21.0164554816233,10.60882938222166,19.58553116717845,141.99869892595137,0.0,0.0035641504281769
1,0,0,0,0,0,-289.879974,939.094299,-62.953323,-52.178001,-0.153736,-11.1555,-1.8635,0.094286,7,15,5.51,5.64,151.7908479761708,340.5944401054218,1678.9006235998136,1.0258197265989877,14.523353240711618,-24.29662997162732,18.77532018468913,1.5221699841934937,2.810159970818757,129.14620181537026,0.0,0.0026065455618715
1,0,0,0,0,0,-277.189056,172.888458,-81.917366,-41.845001,-0.123291,-7.57323,-1.60942,0.122857,7,14,5.68,5.6,199.70283063345184,379.5937484949287,1700.0902578070195,0.799068593120805,13.8377629124213,-24.46531941592697,13.967573510353184,9.42663645033534,17.40302113908063,130.77617367746305,0.0,0.0006194882296033
1,0,0,0,0,0,-230.648514,24.055088,-74.922157,-63.838799,-0.188093,-15.1981,-2.3644,0.13,7,14,5.62,5.58,225.382727912071,391.01127456573926,1362.346591325963,0.925377721142194,12.74065743489756,-22.411087284803344,13.669995379639934,10.547015372711265,19.47141299577464,104.79589164045868,0.0,0.0009142721612977
1,0,0,0,0,0,-276.033356,47.484871,-100.253403,-61.381802,-0.180854,-14.3463,-2.36084,0.087143,7,15,5.52,5.42,168.4970319066531,350.75965556477314,1966.847398015179,1.0988028036153417,14.020201819855387,-23.615461859539568,20.20741493874665,9.658438985999323,17.830964281844906,151.29595369347527,0.0,0.0002856030385015
1,0,0,0,0,0,-274.800232,193.849152,-102.754768,-65.984398,-0.194415,-15.9419,-2.53786,0.202857,7,14,5.51,5.24,173.8231374032632,363.4119406261144,1551.46811973145,1.0300974788293331,14.583754094065474,-25.485424078312704,17.41761996330993,10.639736386976857,19.642590252880343,119.34370151780384,0.0,0.0033222952457669
1,0,0,0,0,0,-306.550598,16936.97461,-143.004913,-62.245399,-0.183398,-14.6456,-2.22305,0.156667,6,10,4.87,4.77,161.8403139369929,339.2793713871973,1850.9459860720692,0.8332408009606026,13.649158265400334,-22.28725781461229,17.87328647596459,10.261125578725684,18.943616453032032,142.38046046708226,0.0,0.0002131579768328
1,0,0,0,0,0,-293.093719,1.578836,-146.205353,-59.337399,-0.17483,-13.6375,-2.19768,0.055,6,10,4.9,4.89,178.33504877038598,348.17511792779527,1785.1782718967431,0.8465036000268513,13.064620704416098,-21.386322647896097,15.529858696597747,9.58889822530013,17.702581339015623,137.3214055305187,0.0,0.009234101490242
1,0,0,0,0,0,-287.21817,190.976181,-53.622318,-59.752499,-0.176053,-13.7814,-2.21306,0.117143,7,14,5.74,5.63,158.77706272217864,340.6922522898399,1705.0025419417964,0.8976491715141872,13.99347612058933,-23.109897387833172,17.343225430631616,10.717003898864853,19.78523796713511,131.1540416878305,0.0,0.000287890113465
1,0,0,0,0,0,-310.479156,30.488081,-148.966232,-57.2309,-0.168624,-12.9072,-2.20119,0.061429,7,10,4.95,4.9,222.08450154513451,398.574376185082,1190.5777937401072,0.8579678938623881,13.576144203072884,-24.67116336124192,11.187077851501252,5.130562789362842,9.471808226516016,91.58290721077748,0.0,0.004652942166973
1,0,0,0,0,0,-293.194092,-9.477827,-112.035309,-49.18,-0.144903,-10.1161,-1.82148,0.134286,7,14,5.19,5.27,216.8312419125454,386.3308669002397,1579.4716049488131,1.2627753203369925,13.038432691361097,-22.901534004222224,14.674321570797154,10.58564912865526,19.542736852902017,121.49781576529332,0.0,0.0029884581010388
1,0,0,0,0,0,-300.513824,116.851448,-89.391685,-59.963501,-0.176675,-13.8546,-2.30629,-0.011429,7,13,5.57,5.43,234.41368830549425,406.8411158961021,1042.4501538683437,0.9264742312151518,13.263648276200607,-24.27950109589481,18.356850938373626,10.516108367956065,19.41435391007273,80.18847337448796,0.0,0.0003060849277907
1,0,0,0,0,0,-291.288055,-6.715418,-145.99733,-53.416,-0.157384,-11.5847,-1.97837,-0.2775,4,11,4.66,4.77,179.09039605137943,355.6294683272674,1897.6146235761807,0.8939818324846083,13.579928636606764,-22.837233981986483,21.946387140102203,10.253398827536884,18.929351681606555,145.9703556597062,0.0,0.0002096452756011
0,0,1,0,0,0,-421.314423,4.340927,-27.888237,-98.303802,-0.151302,-15.1558,-2.0062,-0.126667,9,23,6.62,6.39,71.53237052376022,451.5409891899504,5426.760747620141,1.2404136820858642,14.615716102545775,-81.97306168241624,20.134714935682364,6.85256243437689,12.123764306974495,208.7215672161593,0.0,0.0019186202573087
0,0,1,0,0,0,-421.314423,4.340927,-27.888237,-98.303802,-0.151302,-15.1558,-2.0062,-0.126667,9,23,6.62,6.39,71.53237052376022,451.5409891899504,5426.760747620141,1.2404136820858642,14.615716102545775,-81.97306168241624,20.134714935682364,6.85256243437689,12.123764306974495,208.7215672161593,0.0,0.0019186202573087
0,0,1,0,0,0,-455.859924,1547.464722,17.791815,-70.995499,-0.109271,-7.53424,-1.47907,-0.222222,9,23,6.99,6.86,187.2516291341903,524.6000783647986,5772.552023748285,1.3571219132247865,12.974940355023396,-75.43095335986844,7.591291639962715,7.153162248719987,12.655594747735362,222.0212316826264,0.0,0.0012509287159881
0,0,1,0,0,0,-467.941589,5338.905762,-115.908073,-78.120903,-0.120238,-9.52287,-1.44668,-0.086667,9,26,7.32,7.15,127.50774286016424,480.4923633294194,4648.985604960406,1.1799527972177022,13.576331556509814,-76.3201019013216,11.713125772598724,3.256497988716881,5.76149644157602,178.80713865232332,0.0,0.0021639930723285
0,0,1,0,0,0,-443.889465,-14.234253,71.665695,-80.642998,-0.12412,-10.2268,-1.64578,-0.235556,9,22,6.79,6.55,127.6178102057836,483.5162568779592,5695.307610520492,1.1283733248821126,13.688401795083676,-77.49830630640531,23.465789522488915,6.707829190433918,11.867697798460007,219.0502927123266,0.0,0.001754059036626
0,0,1,0,0,0,-435.462189,73.211014,-113.443489,-76.268402,-0.117387,-9.00586,-1.49546,-0.163333,9,24,6.88,7.01,193.323221293162,557.3417422512501,3427.7240206356946,1.224596129377931,14.000712344541853,-87.00465819179796,5.980119065335212,7.425928746920204,13.138181629166514,131.83553925521903,0.3333333333333333,0.0043767138975466
0,0,1,0,0,0,-420.364197,466.601105,-116.824959,-81.006798,-0.124679,-10.3283,-1.58837,-0.094444,9,25,7.1,7.17,144.09724071402593,521.1519714796158,5009.119642890306,1.5096994051336732,14.502105029445763,-87.85575838164844,15.063969348051014,5.728096462204564,10.13432451005423,192.6584478034733,0.0,0.0025320602916919
0,0,1,0,0,0,-448.220337,-29.412825,-112.269157,-67.880402,-0.104476,-6.66483,-1.35761,-0.306667,9,26,6.91,7.03,175.74629186139657,558.0961669659501,3806.806126204461,1.1257764729268538,14.705764427098217,-93.27910753110096,11.683472289630116,5.199263455489858,9.198696882789749,146.41562023863312,0.0,0.0020537244943347
0,0,1,0,0,0,-406.250275,353.219452,-121.33873,-45.215099,-0.069592,-0.339128,-0.904302,-0.072222,9,27,6.77,6.96,188.10796509884045,527.7872953999616,3561.1374479605474,1.2064550470980395,13.0645896269662,-76.43837435361829,5.62427726971196,4.8986636411467614,8.666866442028885,136.96682492155952,0.0,0.0018660933414963
0,0,1,0,0,0,-423.353729,539.198669,-114.694969,-78.923302,-0.121473,-9.7468,-1.54751,-0.234444,9,25,6.7,6.69,152.3422995025997,535.211483560107,3692.888954084923,1.246262512706422,14.725737848365666,-91.18445393929149,13.966790478212657,4.431063929946388,7.839574645289764,142.0341905417278,0.0,0.002641976073951
0,0,1,0,0,0,-454.482758,4433.291504,-92.389893,-79.777,-0.122787,-9.98507,-1.50523,-0.414444,9,26,7.22,7.1,105.91650723042852,496.6011623548756,7831.6093576964495,1.3291959209092503,15.026332889401813,-89.92479161695148,10.942135215415009,5.822729737090355,10.301752611775242,301.2157445267865,0.0,0.0025521224290439
0,0,1,0,0,0,-441.712769,177.65712,-125.48098,-66.4394,-0.102259,-6.26266,-1.27768,-0.102222,9,20,6.69,6.54,169.1540025981634,499.9546281468167,4856.028824444707,1.2954719767774006,12.72310098264051,-71.2900575178419,13.314413852903357,7.487162042434537,13.246517459691876,186.77033940171955,0.0,0.0029035807988219
0,0,1,0,0,0,-435.736816,835.003601,-132.567673,-70.302101,-0.108204,-7.34071,-1.35196,-0.201111,9,22,6.9,6.77,130.8891140086344,495.8410345924789,4755.437980572478,1.4287088180888807,14.036612330147864,-81.49367520060778,22.41803312426489,7.470462052748811,13.21697132409405,182.9014607912492,0.0,0.0018915485437045
0,0,1,0,0,0,-375.714508,201.992355,-87.512886,-61.474201,-0.094617,-4.87691,-1.28071,-0.155556,9,27,7.3,7.16,157.3537993228759,508.658511380206,4392.769880072101,1.209959030561735,13.511719694512696,-78.37064128324954,5.2783199684115765,5.683563156375959,10.055534815126697,168.9526876950808,0.0,0.0019372401193413
0,0,1,0,0,0,-419.131226,227.833801,-130.516464,-76.231796,-0.11733,-8.99564,-1.52464,-0.031111,9,25,7.16,6.88,135.65481616050005,501.1456309955368,3466.6563429449125,1.269874683149097,14.0573390321168,-82.16804664376605,13.166146438060336,6.7968958020911305,12.025277188315076,133.33293626711202,0.0,0.001891928077993
0,0,1,0,0,0,-390.138977,47.590862,-94.917145,-80.762604,-0.124304,-10.2602,-1.64822,-0.223333,9,25,7.13,7.13,150.10608582817792,519.3354278777194,3838.0898405634543,1.240389997077945,14.201128540366982,-85.10887367698491,13.037648011863052,7.142028922262836,12.635897324003478,147.61884002167133,0.0,0.0017953169432488
0,0,1,0,0,0,-438.679291,580.449524,-125.985405,-75.5588,-0.116294,-8.80781,-1.51118,-0.014444,9,25,7.15,7.17,130.40754767784443,539.5486267513129,3916.120552545566,1.3915752707329545,15.736195348979557,-100.69011129179276,13.690024637172344,5.89509635906184,10.429785866032487,150.62002125175255,0.3333333333333333,0.0051842425349985
0,0,1,0,0,0,-438.679291,580.449524,-125.985405,-75.5588,-0.116294,-8.80781,-1.51118,-0.014444,9,25,7.15,7.17,130.40754767784443,539.5486267513129,3916.120552545566,1.3915752707329545,15.736195348979557,-100.69011129179276,13.690024637172344,5.89509635906184,10.429785866032487,150.62002125175255,0.3333333333333333,0.0051842425349985
0,0,1,0,0,0,-463.942383,208.730377,-142.169495,-82.628799,-0.127176,-10.781,-1.53016,-0.004444,9,21,6.93,7.02,195.9871446166144,566.6945438169514,3958.5533688199903,1.376362850235374,14.257976892320654,-90.14603936198328,11.94046914202469,5.639029850547351,9.976745120199158,152.2520526469227,0.3333333333333333,0.004166918485685
0,0,1,0,0,0,-420.294312,202.688736,-125.664162,-59.752701,-0.091967,-4.39646,-1.14909,-0.012222,9,25,7.13,6.89,159.28913027948386,503.6688117055713,3376.633065010896,1.2696146087787157,13.245372362541826,-75.76135845665908,7.4133707421510895,7.002862341548438,12.389679527354929,129.87050250041906,0.0,0.0019786540415763
0,0,1,0,0,0,-410.36319,108.780617,-115.392593,-73.876503,-0.113705,-8.33828,-1.50768,-0.284444,9,23,6.83,7.05,150.894726616669,518.489066101013,3595.734330444815,1.2056502184392617,14.138243826320924,-84.49538028780147,12.998110034571578,6.975029025405559,12.340435968025218,138.2974742478775,0.3333333333333333,0.00485833504453
0,0,1,0,0,0,-487.589722,742.948486,-131.476913,-84.948997,-0.130747,-11.4285,-1.57313,-0.271111,9,22,6.94,7.06,139.58951936621287,536.7899003385656,3636.176204915024,1.2752855914356165,15.276937729705876,-96.23688561813104,22.07207582296451,5.594496544718744,9.897955425271626,139.85293095827015,0.0,0.0019912420600886
0,0,1,0,0,0,-464.985718,478.063751,-108.165421,-72.078201,-0.110937,-7.8364,-1.4133,-0.187778,9,26,6.97,7.06,137.03152622058963,518.9020945811822,3879.052410961151,1.169685526397071,14.687329552330482,-89.23206256771326,15.88438237684907,7.676428592206117,13.5813736631339,149.19432349850578,0.3333333333333333,0.0043745037908754
0,0,1,0,0,0,-463.393951,16.839216,-119.434494,-81.158798,-0.124913,-10.3707,-1.5313,-0.054444,9,26,7.27,7.19,199.1116772913184,565.8652911833348,4671.89762479992,1.308627137743956,14.105908226616016,-88.72952636194789,14.520322160293269,5.605629871175895,9.917652849003506,179.6883701846123,0.3333333333333333,0.0047906534569709
0,0,1,0,0,0,-450.427094,-35.840401,98.207611,-80.763901,-0.124306,-10.2605,-1.64824,-0.255556,9,23,6.88,6.65,121.97356928879329,484.45922631607885,5760.950636505451,1.1478897414990423,13.941756039510985,-79.64078316451621,23.14948570415714,6.663295884605311,11.788908103532473,221.5750244809789,0.0,0.0018960272163376
0,0,1,0,0,0,-490.424347,830.676025,-121.58831,-79.246597,-0.12197,-9.83704,-1.55385,0.091111,9,22,6.67,6.76,138.51783902456816,517.690836080298,4383.46085359674,1.3218878350895669,14.583576809835764,-88.2172385286518,11.377052965621203,5.176996802575554,9.15930203532598,168.59464821525924,0.0,0.001406315272816
0,0,1,0,0,0,-467.220917,483.315674,-127.363586,-72.836601,-0.112105,-8.04806,-1.34883,-0.134444,9,21,6.55,6.72,160.70406305019202,529.6943748840422,3716.73571640786,1.2713493147487818,14.1919350705327,-86.02245872942375,13.858061040661104,5.583363218261593,9.87825800153974,142.95137370799463,0.0,0.0030345544595387
0,0,1,0,0,0,-471.090363,2858.244873,-121.633904,-88.388901,-0.136042,-12.3886,-1.63683,-0.152222,9,25,7.35,7.19,133.8845872056052,491.0025394281121,5335.814812690725,1.082548444011908,13.735305854711804,-78.57036769577621,11.62416532369291,7.10862894289138,12.576805052807826,205.22364664195095,0.0,0.0021469473346322
0,0,1,0,0,0,-508.076141,226.71727,-136.814285,-68.610199,-0.1056,-6.86852,-1.31943,0.044444,9,21,6.98,6.76,219.7937020838043,530.9530276778538,4267.252079518319,1.1814566706106409,11.967666369001904,-67.97393412502821,13.610948682589402,7.492728705663113,13.256366171557817,164.12507998147382,0.3333333333333333,0.0054562334606197
0,1,0,0,0,0,-315.216278,33.314289,-23.618401,-84.028801,-0.217414,-20.0096,-2.80096,-0.601667,6,18,5.61,6.36,229.29166391249896,462.80669619793946,2066.878698285353,1.298327248422617,12.97305734919114,-33.5181632048951,16.157820546184965,8.43539738751054,12.653096081265808,114.82659434918628,0.0,0.0027545843543878
0,1,0,0,0,0,-290.898468,278.273346,-41.199471,-71.6558,-0.1854,-16.551901,-2.47089,-0.866667,6,21,5.93,6.51,242.7029675917882,453.3236340729943,2076.9049072035423,1.3114663626088603,12.38945096948271,-28.48482743311575,12.87692747376784,4.408455416003009,7.001664484240073,122.170876894326,0.0,0.00129971809751
0,1,0,0,0,0,-315.591492,4.660507,-21.620493,-83.020599,-0.214805,-19.6735,-2.76735,-0.595,6,17,5.5,6.21,223.71672682443213,457.2212001137191,2028.8692297285731,1.3578222262387902,12.97247073829372,-33.247287901416335,16.126277704708762,8.49665662779747,12.744984941696208,112.71495720714296,0.0,0.0048296033488709
0,1,0,0,0,0,-290.898468,278.273346,-41.199471,-71.6558,-0.1854,-16.551901,-2.47089,-0.866667,6,21,5.93,6.51,242.7029675917882,453.3236340729943,2076.9049072035423,1.3114663626088603,12.38945096948271,-28.48482743311575,12.87692747376784,4.408455416003009,7.001664484240073,122.170876894326,0.0,0.00129971809751
0,1,0,0,0,0,-284.914429,2935.29541,-38.577614,-68.200897,-0.176461,-15.4003,-2.20003,-0.496667,6,20,5.55,6.05,164.4233864806833,407.4692869342072,2666.936196182281,1.7970344074722748,14.296817673736696,-32.20525211343347,11.957708123901556,0.0,0.0,156.87859977542828,0.0,0.0007443276457646
0,1,0,0,0,0,-305.639862,532.977844,-67.5289,-60.854698,-0.157454,-12.9516,-2.09844,-0.818333,6,18,5.39,5.96,208.98022709247837,423.7616405163486,2036.3863894045253,0.9473499978167264,12.634200789639427,-27.93623297997081,15.626728947726804,1.3716448989612435,2.178494839526681,119.78743467085442,0.0,0.0011181291262588
0,1,0,0,0,0,-305.522186,52.755974,-59.070507,-57.765701,-0.149462,-11.9219,-1.92552,-0.665,6,20,5.19,5.7,219.08417239970703,442.2279614655129,1898.479057723328,1.1497399752207875,13.126105239165051,-30.2433659405328,11.242759740672224,0.1354711011319746,0.2151599841507833,111.67523868960753,0.0,0.0037070223148096
0,1,0,0,0,0,-315.376892,2282.236328,-15.400216,-64.358101,-0.166518,-14.1194,-2.21924,-0.905,6,18,5.51,6.23,226.5923558821201,440.06530186547474,2324.9864872081857,0.9768234999654056,12.55723211666792,-28.41808545124917,14.888210837577825,0.0,0.0,136.7639110122462,0.0,0.0073784524205587
0,1,0,0,0,0,-321.213043,244.18956,-68.464264,-50.91,-0.131723,-9.63668,-1.75552,-0.818333,6,17,5.14,5.67,201.84075375574773,429.3654994308681,2390.083705906727,1.0788737360194325,13.383808569124728,-30.444049055578624,13.733294218515056,0.0,0.0,140.59315917098394,0.0,0.0061543041137865
0,1,0,0,0,0,-321.836182,178.292465,-30.079044,-66.430801,-0.171881,-14.8103,-2.21436,-0.656667,6,20,5.56,5.99,180.6218229124908,419.0802741488656,2202.896039029219,1.593726170233059,14.02696771978675,-31.938536898090327,16.428099662994843,3.838347865405949,6.09619955093886,129.58211994289525,0.0,0.0006954619359482
0,1,0,0,0,0,-309.651733,2517.188721,-36.265884,-66.461098,-0.17196,-14.8204,-2.14391,-0.86,6,20,5.51,5.93,155.46686241328942,391.78890478486016,2164.844679595196,1.2197700961768465,13.901296610092396,-30.23580646593069,16.962346806506872,0.9031406742131646,1.4343998943385556,127.34380468207034,0.0,0.000729613597991
0,1,0,0,0,0,-296.812286,195.538589,-65.960464,-48.002899,-0.124202,-8.66765,-1.65527,-0.918333,6,19,5.11,5.75,249.96439593291237,443.4716929233248,1958.9121837656824,0.8790222065366933,11.382782175906614,-25.10749687037939,13.686154764675765,0.8466943820748417,1.3447499009423955,115.23012845680486,0.0,0.0074632206060168
0,1,0,0,0,0,-322.245483,374.615753,-83.174652,-61.215,-0.158386,-13.0717,-2.11086,-1.098333,6,16,5.08,5.6,182.30035349759083,404.0382154458077,2169.356299277308,1.354149739995729,13.04340364401276,-28.264400292341485,16.475239116834143,0.0225785168553291,0.0358599973584638,127.60919407513576,0.0,0.000617116173696
0,1,0,0,0,0,-259.714386,3.741411,-19.351646,-70.468498,-0.182328,-16.1562,-2.34895,-0.701667,6,19,5.55,6.1,229.30114006705315,439.6313540163837,2463.127580121937,1.3686107963397605,12.372365526431212,-27.84647994982824,9.26290267942177,0.3838347865405949,0.609619955093886,144.8898576542316,0.0,0.0030244893427225
0,1,0,0,0,0,-307.522095,1020.226746,-67.910591,-60.906601,-0.157588,-12.9689,-2.10023,-1.225,6,16,5.03,5.4,156.2471214424133,395.253407932171,1903.058480696166,1.0150062837710447,14.059193322926925,-30.878585732304888,17.135191470584292,0.5870414382385568,0.9323599313200608,111.94461651153918,0.0,0.0009696229221224
0,1,0,0,0,0,-296.45163,381.26828,-46.679104,-60.886902,-0.157537,-12.9623,-2.02956,-0.553333,6,19,5.63,6.22,243.84190972713145,466.74801838047466,2127.8437807470527,1.06782630341215,13.112124038431954,-31.313691790337984,15.123908106774303,5.046298517166057,8.014709409616678,125.16728122041486,0.0,0.0010508323716977
0,1,0,0,0,0,-285.318787,833.317627,-55.365265,-54.395901,-0.140743,-10.7986,-1.94271,-1.103333,6,20,5.25,5.82,213.10194085261625,425.891876323663,2407.6694697691487,1.1498708161369957,12.517055027708633,-27.68321937950892,17.22947037826289,0.0,0.0,141.62761586877346,0.0,0.005517209417521
0,1,0,0,0,0,-323.533875,54.935463,-27.048801,-75.012802,-0.194086,-17.6709,-2.50043,-0.755,6,19,5.68,6.1,222.5708948175008,433.5092306424305,1887.4045462742115,1.424734762615145,12.408137401466451,-27.69007080845992,13.411174617279864,3.358554382230205,5.334174607071502,111.0237968396595,0.0,0.002830143122082
0,1,0,0,0,0,-250.251907,40.645725,-36.790508,-69.701103,-0.180343,-15.9004,-2.24842,-0.73,6,20,5.73,6.15,184.489331433644,405.2623549682136,2362.016659131016,1.1675455958298404,12.98664844320998,-28.15307550446345,8.076559757799473,0.2144959101256265,0.3406699749054068,138.94215641947153,0.0,0.0014400979212614
0,1,0,0,0,0,-303.007538,225.796585,-36.761257,-67.667801,-0.175082,-15.2226,-2.18283,-0.835,6,20,5.53,6.15,182.12819692420533,437.3862706278677,2247.383994593789,1.2485070503359788,15.015180806097783,-36.013948800749944,14.126123000509196,1.0499010337728036,1.6674898771685709,132.199058505517,0.0,0.0010711056269823
0,1,0,0,0,0,-305.873322,173.22551,-36.824421,-55.505901,-0.143615,-11.1686,-1.8502,-0.828333,6,19,5.46,5.93,170.44366571382534,403.9541200743842,2227.75245065037,0.9364413611781656,13.735909080032874,-30.32098786901219,11.431317556029413,1.1627936180494494,1.8467898639608904,131.04426180296295,0.0,0.0022960592896606
0,1,0,0,0,0,-320.701935,480.285217,-48.280704,-52.860401,-0.13677,-10.2868,-1.76201,-0.948333,6,19,5.45,6.14,255.23934754989364,465.2381119206825,2084.7047609388173,1.0889442521703996,12.352868492399343,-28.883768423032794,12.54695129689276,1.9756202248412973,3.13774976886559,122.62969181993044,0.0,0.0020341376589803
0,1,0,0,0,0,-320.404663,13006.16309,-4.139682,-72.057602,-0.18644,-16.6859,-2.40192,-0.57,6,21,5.83,6.54,250.43406182223487,470.2399797358768,1532.3505698189083,1.0178090242861884,12.929759877273057,-30.89572011094984,15.359605375970787,4.306852090154028,6.840294496126986,90.13826881287696,0.0,0.0062608282964787
0,1,0,0,0,0,-302.809418,318.738953,-51.026207,-78.182098,-0.202287,-18.7274,-2.69594,-0.53,6,18,5.6,6.29,248.0194664028816,464.5665534722989,2126.106690896808,1.3642927573022183,12.738063945259842,-30.04366334834719,13.827573126193654,4.572149663204145,7.261649465088936,125.0650994645181,0.0,0.0009674428739683
0,1,0,0,0,0,-283.517548,13472.30762,-48.859447,-42.963902,-0.111164,-6.98796,-1.43213,-1.41,6,19,5.61,6.24,226.31814032035052,453.77478939358366,1708.6145484182143,1.002923511582471,13.379802886660771,-31.562709770256745,13.096911591684556,0.2596529438362848,0.4123899696223346,100.5067381422479,0.0,0.0035600650034234
0,1,0,0,0,0,-309.178497,403.698486,-22.51729,-77.374397,-0.200197,-18.458099,-2.49595,-0.508333,6,18,5.61,6.3,241.86488359215656,453.77847670890486,2092.3628676915146,1.1787301319617205,12.465505477455782,-28.73512968605653,15.563876342607742,3.81576934855062,6.0603395535803966,123.08016868773616,0.0,0.0020899453402621
0,1,0,0,0,0,-322.189362,133145.1563,-67.056274,-43.108299,-0.111537,-7.03611,-1.43694,-1.375,6,19,5.49,5.97,223.56544905949983,446.069554059663,1783.94238186218,1.000601900851265,13.08847676471548,-30.30178780070049,14.487525479943804,2.3481657529542272,3.729439725280244,104.93778716836351,0.0,0.0036815336531927
0,1,0,0,0,0,-304.573853,294.366333,-81.861977,-42.862099,-0.1109,-6.95403,-1.38265,-1.423333,6,14,5.15,5.43,185.1734311788977,430.58548457801214,2093.781599330266,1.1552803114816033,14.43600314112438,-33.79262791204925,15.414601405449972,2.703777393425661,4.29423468367605,123.16362349001564,0.0,0.001965990926698
0,1,0,0,0,0,-291.126251,4367.062988,-66.537102,-59.768299,-0.154643,-12.5894,-2.06098,-0.745,6,19,5.29,5.88,181.93762663556936,431.1139260277322,1794.64137496509,1.0497025746156248,14.657429376009578,-34.52883499786964,15.925278822042348,0.3612562696852657,0.5737599577354221,105.56713970382884,0.0,0.0022587134476065
0,1,0,0,0,0,-310.148224,116.889252,-22.259367,-70.719597,-0.182978,-16.239901,-2.43861,-0.573333,6,18,5.62,6.29,240.33009684932463,458.1464950203996,1840.540119420385,1.328652329195503,12.812729304180875,-29.99123786054448,15.265326468292194,4.65681910141163,7.396124455183177,108.26706584825794,0.0,0.000832163606113
0,1,0,0,0,0,-295.61969,3314.226074,-60.300896,-59.462299,-0.153851,-12.4874,-2.05042,-0.493333,6,21,5.39,6.09,205.77085101298252,442.9841069273628,2245.013792709036,1.2505072237654302,13.953720936140012,-32.86660620168983,13.293325982681624,2.094157438331776,3.3260147549975256,132.0596348652374,0.0,0.0008304988977686
0,1,0,0,0,0,-309.669739,59.885437,-24.314514,-80.966301,-0.20949,-19.655399,-2.69888,-0.623333,6,18,5.62,6.27,240.8559571783198,460.0579747007633,1922.7237989174876,1.1578951030798814,12.894236324849617,-30.329241255940072,16.098123486119768,4.250405798015705,6.750644502730826,113.10139993632278,0.0,0.0008198567166614
0,1,0,0,0,0,-319.006348,51.07494,-20.841526,-70.748703,-0.183053,-16.249599,-2.28222,-0.731667,6,20,5.67,6.28,191.4610451975989,419.6546349653845,2436.724719777856,1.3441008855126866,13.423152339281506,-30.113253233821037,16.506665419393673,0.8241158652195126,1.308889903583932,143.3367482222268,0.0,0.0042579882909102
0,0,1,0,0,0,-434.046722,167.140854,-57.413372,-56.016602,-0.087283,-4.4701,-1.16701,0.216,10,15,5.62,5.22,321.1035555756071,669.7412410649107,6153.030289933897,1.7477239177551462,15.158160238665372,-79.4412433915592,13.215842878408386,4.048948930853707,8.097897861707414,267.52305608408244,0.0,0.0052468651314513
0,0,1,0,0,0,-435.539093,150.950897,-46.408146,-73.081596,-0.113873,-9.2328,-1.52253,0.288,10,16,5.99,5.66,328.7727245409092,686.7859298830703,8023.99004739363,1.5550690841302752,15.5657915366157,-83.69396630427629,13.44694893910594,3.051819716538989,6.103639433077978,348.86913249537525,0.0,0.0041680964783717
0,0,1,0,0,0,-446.599487,4654.572266,-47.889927,-59.7495,-0.093099,-5.51192,-1.21938,0.146,10,18,6.34,5.99,351.1854296190814,679.0440672169598,7750.415109377786,1.668900704627997,14.2547233738208,-73.86461470107324,13.618138613696726,3.1666406563691685,6.333281312738337,336.9745699729472,0.0,0.0016147221172047
0,0,1,0,0,0,-431.322662,156.532135,-43.921505,-59.625099,-0.092906,-4.36085,-1.21684,0.203,10,16,5.93,5.66,376.6976339424217,701.2762678856806,7836.101456650444,1.8944013746866248,12.983145357730354,-74.709937196244,16.068065726344756,7.595750847232961,13.976181558908648,313.44405826601775,0.0,0.0016435365766616
0,0,1,0,0,0,-446.893219,195.69986,-43.200886,-66.316597,-0.103332,-7.34474,-1.3816,0.19,10,15,5.63,5.35,342.8234583527259,691.5450740217266,7570.143029474049,1.6586184069020198,15.161809376913071,-81.16818966114813,13.395592036728708,3.1666406563691685,6.333281312738337,329.13665345539346,0.0,0.0016813213026021
0,0,1,0,0,0,-446.599487,4654.572266,-47.889927,-59.7495,-0.093099,-5.51192,-1.21938,0.146,10,18,6.34,5.99,351.1854296190814,679.0440672169598,7750.415109377786,1.668900704627997,14.2547233738208,-73.86461470107324,13.618138613696726,3.1666406563691685,6.333281312738337,336.9745699729472,0.0,0.0016147221172047
0,0,1,0,0,0,-455.019196,1831.840088,-99.960419,-99.075401,-0.154375,-16.487499,-1.9053,0.247,10,18,7.32,6.76,303.2609472086828,619.5714813132101,6689.352478140625,1.6008291368826346,13.752631917588143,-66.23645130145668,13.720852418451193,6.635441680712495,13.270883361424987,290.84141209307063,0.0,0.0016662333362891
0,0,1,0,0,0,-422.855133,886.903381,-38.132637,-44.921501,-0.069995,-0.257177,-0.955776,0.233,10,15,5.51,5.17,366.0764679318164,699.7558402861722,6570.452895165519,1.837365632772918,13.347174894174234,-77.37223113713063,15.656064041053869,8.530809551867035,15.696689575435345,262.8181158066208,0.0,0.001660014972094
0,0,1,0,0,0,-389.237366,420.914337,-78.330498,-74.662804,-0.116337,-9.67412,-1.52373,0.144,10,22,7.62,7.34,269.00836457147284,617.6069288743245,4466.495452699881,1.3132955834409317,15.156459317515289,-75.36286422747777,11.64945735590273,5.583923600162427,11.167847200324854,194.1954544652122,0.0,0.004371352718499
0,0,1,0,0,0,-452.154266,4427.691895,-59.543499,-97.725502,-0.152272,-16.110701,-1.9944,0.323,10,21,7.66,7.09,297.2908093183824,599.588149676735,5057.409844249954,1.4684126640223676,13.143362624276202,-61.00255504636852,13.010415268899443,4.01268968669681,8.02537937339362,219.88738453260672,0.0,0.0015707326984416
0,0,1,0,0,0,-351.274689,664.705994,-106.447281,-90.539902,-0.141076,-14.1053,-1.84775,0.307,10,20,7.24,6.83,335.02622474736444,607.0381982083325,6970.74113409845,1.3450789673077823,11.826607541781218,-53.50125675296429,15.15028620128422,5.626226051678809,11.252452103357616,303.0757014825413,0.0,0.0017317603194553
0,0,1,0,0,0,-447.194733,2139.758789,-114.984085,-80.2892,-0.125104,-11.2444,-1.54402,0.275556,9,20,7.45,6.92,290.1074579126145,571.2837518835087,5371.605918966912,1.552827219318666,12.225056259604091,-53.6308938091455,17.79516667371181,4.236288358997685,8.47257671799537,233.548083433344,0.0,0.0017521179991015
0,0,1,0,0,0,-424.957184,168.328247,-73.188957,-80.5373,-0.12549,-11.3136,-1.67786,0.119,10,23,6.93,6.79,245.16688454087665,594.8384942295049,6312.709120736272,1.5512454857236753,15.20311346472297,-73.89742073782028,4.425253088171719,0.870221859765573,1.740443719531146,274.4656139450553,0.0,0.001025406126214
0,0,1,0,0,0,-407.171448,1010.281921,-103.464561,-94.498596,-0.147244,-15.2101,-1.81728,0.12875,8,20,7.59,7.19,318.8531152553927,587.3259579942658,5096.492610170599,1.327428276879618,11.67273229299448,-51.40842923252599,11.983277221354752,6.701916961666809,13.403833923333618,221.58663522480865,0.0,0.0021605417998156
0,0,1,0,0,0,-407.036255,986.946167,-115.250816,-81.098801,-0.126365,-11.4703,-1.59017,0.096,10,22,6.96,6.55,317.4260064778519,608.2312413715301,6176.95762983693,1.6417666474353858,12.643705864942532,-58.49810963959724,15.37283277825224,4.09125138237009,8.18250276474018,268.56337521030133,0.0,0.0015285158171626
0,0,1,0,0,0,-427.547882,9375.373047,-138.142731,-84.328003,-0.131397,-12.3716,-1.72098,0.165,10,17,6.76,6.51,331.3809472791205,626.1974886168448,6866.26389162749,1.610900425218437,12.818110492944534,-60.754771563915504,9.02169585093422,1.837135037282876,3.674270074565752,298.5332126794561,0.0,0.0023369785896227
0,0,1,0,0,0,-368.52652,1196.046021,-58.027596,-84.811302,-0.13215,-12.5065,-1.73084,0.025,10,20,7.4,7.05,321.1469904293426,622.6865744606921,4629.281811978264,1.4480964280094764,13.110416697015197,-62.35695318965572,14.799347368373123,0.4834565887586516,0.9669131775173032,201.2731222599245,0.0,0.0027056426453051
0,0,1,0,0,0,-341.446045,20243.72461,-50.855709,-64.918297,-0.101153,-6.95451,-1.32486,0.297,10,24,8.24,7.48,292.2529257736995,592.224458069958,4564.66991667935,1.5860175455341698,13.042240534619935,-59.88287021275874,15.0133344616116,1.4382833515569886,2.876566703113977,198.46390942084128,0.0,0.0015770139435561
0,0,1,0,0,0,-440.332123,126.474724,-85.604866,-98.335899,-0.153223,-16.281099,-1.92816,0.395,10,21,7.53,7.01,307.1827135915022,644.0082294840171,5537.933229330327,1.2947185571477653,14.644587647500646,-73.92012324361693,13.036093720088065,2.3931101143553253,4.786220228710651,240.77970562305768,0.0,0.0018303120425587
0,0,1,0,0,0,-449.544922,963.410767,-116.09407,-71.322197,-0.111131,-8.74177,-1.42644,0.077,10,23,6.79,6.92,322.08574649515555,645.1862529828068,6818.216629972496,1.385772590372314,14.047848108158748,-70.00094960191716,16.785147593626192,1.4322401441975057,2.864480288395012,296.444201303152,0.3333333333333333,0.003804158920411
0,0,1,0,0,0,-381.983459,458.947693,-57.491447,-85.4375,-0.133125,-12.6812,-1.70875,0.322,10,22,7.62,6.99,254.91486871805603,598.2708194051136,6888.38023805929,1.750674768385753,14.928519595089458,-72.34119437029372,11.854884965411664,1.365764863243191,2.731529726486382,299.4947929590995,0.0,0.001017324102357
0,0,1,0,0,0,-352.496429,1148.573853,-84.85939,-98.538902,-0.15354,-16.3377,-1.97078,0.029,10,24,7.64,7.49,295.6413691929558,612.5052823065408,5450.75027828302,1.3302965148532793,13.776691874503696,-65.89058358193407,9.449670037411176,3.619881208330405,7.239762416660809,236.98914253404436,0.0,0.001052578096472
0,0,1,0,0,0,-426.406952,416.72522,-100.073326,-81.633003,-0.127197,-11.6194,-1.63266,0.26,10,20,7.34,6.8,337.80609029302667,622.0116236822132,4056.003313099533,1.2387193451399212,12.35676232126898,-57.62714564933453,16.690993272601265,4.351109298827865,8.70221859765573,176.34797013476228,0.0,0.0030139508451437
0,0,1,0,0,0,-419.081818,2270.179932,-119.725006,-95.398499,-0.148646,-15.4613,-1.94691,0.482,10,21,7.52,7.1,337.5444268442525,635.3144249125055,6794.613914826874,1.598821319470406,12.946521655141437,-62.16761077029527,14.730871498536809,3.2814615961993483,6.562923192398697,295.4179962968206,0.0,0.0019205931051359
0,0,1,0,0,0,-412.854919,3125.414307,-105.256317,-62.499699,-0.097385,-6.2795,-1.2755,0.183,10,19,7.16,6.74,247.10406063007127,590.3945172223953,3242.792514616845,1.2394920010472157,14.925672025753215,-71.71737733791383,14.157386088657686,0.0,0.0,140.99097889638458,0.0,0.0013790936288376
0,0,1,0,0,0,-374.428864,261.00943,-62.455452,-83.498703,-0.130104,-12.1401,-1.70406,0.196,10,22,7.67,7.52,261.9676419638202,608.2246287860544,3455.032767035784,1.2752610912239204,15.054651600966704,-73.94833715432662,15.338594843334084,3.99456006461836,7.989120129236719,150.21881595807756,0.0,0.0043596400213444
0,0,1,0,0,0,-474.461212,225.672531,-112.240707,-102.217003,-0.15927,-17.364201,-2.08605,0.243,10,20,7.29,6.83,290.9298007631405,601.6240147939311,5742.477107075963,1.5687927540953583,13.508444088295244,-63.422275158958485,17.726690803875496,2.139295405257033,4.278590810514067,249.67291769895493,0.0,0.0020777738649144
0,0,1,0,0,0,-419.081818,2270.179932,-119.725006,-95.398499,-0.148646,-15.4613,-1.94691,0.482,10,21,7.52,7.1,337.5444268442525,635.3144249125055,6794.613914826874,1.598821319470406,12.946521655141437,-62.16761077029527,14.730871498536809,3.2814615961993483,6.562923192398697,295.4179962968206,0.0,0.0019205931051359
0,0,1,0,0,0,-421.253876,2307.510986,-95.895134,-80.962402,-0.126153,-11.4323,-1.65229,0.294,10,23,7.88,7.3,257.3340725440976,576.2444200955151,4838.251800437698,1.6979247343670592,13.86566728484424,-63.8747244071816,14.52544388902787,0.3263331974120899,0.6526663948241798,210.35877393207383,0.0,0.0012481017122309
0,0,1,0,0,0,-391.892853,2690.165771,-126.656128,-67.911003,-0.105816,-7.78975,-1.38594,0.184,10,18,7.18,6.83,254.76355113011837,584.6466809356373,5844.217289924496,1.495094123883882,14.342744774152996,-67.50256448587307,6.470969699531566,4.623053630004606,9.246107260009213,254.0964039097607,0.0,0.004511579807833
0,0,1,0,0,0,-414.822632,1182.071045,-101.08181,-79.149002,-0.123327,-10.9262,-1.61529,0.287,10,21,7.6,7.3,269.9355242764218,610.7767672124107,4713.881167680676,1.5987483603905974,14.81918447547778,-72.57333695604329,13.626698097426262,6.575009607117662,13.150019214235323,204.9513551165512,0.0,0.0044823420182062
0,0,1,0,0,0,-410.404785,321.477966,-105.436722,-69.085503,-0.107646,-8.11753,-1.4699,0.234,10,21,7.02,6.78,284.26893235135464,636.542030511313,5218.182356240352,1.443298253988446,15.316221659128624,-77.93936816560127,15.561141420302102,6.1217690551564266,12.243538110312851,226.8774937495805,0.0,0.0005941756459595
0,0,1,0,0,0,-438.016785,1360.494141,-89.654938,-79.264397,-0.123507,-10.9584,-1.61764,0.352,10,23,7.5,6.83,319.95573954721215,616.7291511710821,4182.701863526459,1.2330751050060538,12.903191809733476,-60.65925313305294,13.318556683162855,3.3237640477157298,6.64752809543146,181.85660276202,0.0,0.0007997195708713
0,1,0,0,0,0,-393.298096,379.268799,-116.785202,-63.4408,-0.14668,-10.1186,-1.86591,0.031429,7,12,5.06,5.13,224.79523017434704,464.578254552918,3605.316736652993,1.0403280778824429,13.32127913214283,-44.34083514691252,21.8579841595149,9.409057611812337,15.681762686353892,200.2953742584996,0.0,0.0014080185014906
0,1,0,0,0,0,-378.487091,50.935749,-117.100838,-50.598598,-0.116988,-5.9856,-1.53329,-0.13,7,14,5.26,5.25,235.8330441338408,460.7123010955463,2829.0720761505577,1.023730582037765,12.493292053428084,-40.4766741525226,16.77519924006888,9.842929165340754,16.40488194223459,157.17067089725322,0.0,0.0015431844680167
0,1,0,0,0,0,-393.73645,9.758476,-103.548737,-93.860703,-0.217013,-19.9086,-2.53678,-0.058571,7,11,5.35,5.25,263.4483144044625,465.0780332715418,3183.131222833493,1.1732357352019809,11.201651048171078,-35.29230397426741,17.87010745394164,9.19637547772978,15.327292462882967,176.84062349074964,0.0,0.0012372564045872
0,1,0,0,0,0,-404.254944,216.483749,-56.007404,-67.516098,-0.156102,-11.4301,-1.98577,-0.14,7,20,6.06,6.04,173.01117827850263,449.3124003919707,3639.630401279368,1.1970879430899273,15.35006789519267,-52.63543239929686,16.745064151613665,10.744701413850796,17.907835689751327,202.20168895996488,0.0,0.0014777124744306
0,1,0,0,0,0,-473.397095,23.407017,-104.913048,-52.0466,-0.120336,-6.45158,-1.44574,0.097143,7,18,5.71,5.67,217.8558885807012,426.9695065173099,2765.459947599569,1.0948439969399792,11.617423218700484,-34.92095815902001,20.491860149545214,9.681290743438009,16.13548457239668,153.63666375553163,0.0,0.0028542172700206
0,1,0,0,0,0,-503.369873,337.355438,-110.006172,-61.9007,-0.143119,-9.62295,-1.71946,0.022857,7,18,5.89,5.86,193.47009812434808,428.089958732886,2078.1944192603787,0.8644351890177264,13.034436700474329,-40.82048305251004,20.582265414910857,6.924930285728067,11.541550476213445,115.45524551446547,0.0,0.0020470790573418
0,1,0,0,0,0,-282.284821,4759.967285,-59.725281,-69.326401,-0.160288,-12.0127,-1.98075,0.18,7,17,5.8,5.92,258.58667273272,467.9276642980059,2057.5372356902108,1.3119848486194303,11.630055086960327,-37.22247230226274,20.65258062130636,10.557541135858148,17.59590189309691,114.3076242050117,0.0,0.001033505052393
0,1,0,0,0,0,-413.571564,97.281868,-88.627022,-59.029499,-0.136481,-8.6989,-1.51358,0.138571,7,14,5.14,5.1,220.2628237253853,459.26404654792304,3389.993715275885,1.3445974800620684,13.277845712363208,-43.81376011344111,17.578801598874577,7.588498544065645,12.647497573442742,188.3329841819936,0.0,0.0015492190645837
0,1,0,0,0,0,-422.907928,808.184631,-81.415489,-61.185501,-0.141465,-9.39277,-1.65366,-0.031429,7,19,5.81,5.74,214.8105382984867,447.1390967417056,2419.096025564967,0.8595268483379296,12.90714213573438,-41.443969665626994,20.250779441903507,7.784166107421598,12.973610179035996,134.39422364249816,0.0,0.0023004570033688
0,1,0,0,0,0,-328.920013,143.725296,-116.195015,-55.254799,-0.127753,-7.48409,-1.57871,0.272857,7,17,5.51,5.47,226.80889691584684,436.5015607718216,1788.7068844607595,1.231171832528879,11.64959243644304,-35.57429242560116,19.83893323301559,6.040172607944628,10.06695434657438,99.37260469226445,0.0,0.0031598541425789
0,1,0,0,0,0,-448.680084,33.148159,-78.099899,-66.222099,-0.153111,-11.0137,-1.89206,0.211429,7,16,5.59,5.57,207.21780565904444,449.6575822702312,2979.768135820133,1.1661228788646265,13.468876478399263,-44.05153322838464,17.839972365486425,3.2497830087814763,5.416305014635793,165.5426742122296,0.0,0.0014015645092567
0,1,0,0,0,0,-350.357178,1090.394409,-66.627411,-49.426399,-0.114278,-5.60834,-1.37296,0.005714,7,19,6.17,6.02,207.85220236033777,436.8636059721508,3440.8181494756213,1.4387641940053648,12.722855756211834,-40.03499570682132,20.32109464829901,11.97825779152963,19.96376298588272,191.15656385975677,0.5,0.0023337889610091
0,1,0,0,0,0,-451.476624,548.796204,-107.942253,-55.227699,-0.127691,-7.47538,-1.72587,0.171429,7,16,5.48,5.44,174.91974350483665,415.02658717744487,2807.09385462744,0.9049352092696744,13.33926909292268,-41.29754756744611,18.08105307312813,0.0,0.0,155.94965859041335,0.0,0.0019907338141313
0,1,0,0,0,0,-380.305695,138.318298,-91.35984,-64.745796,-0.149697,-10.5386,-1.84988,0.26,7,17,5.71,5.69,238.0669689687321,475.6082929476837,3876.494174816378,0.9270306477209248,13.196740221052863,-44.47436824660805,19.457222112582887,7.869238961054621,13.115398268424368,215.3607874897988,0.0,0.0008880923089299
0,1,0,0,0,0,-475.797607,156.710663,-95.027641,-57.965401,-0.13402,-8.35643,-1.65615,0.25,7,20,6.27,6.14,183.8440694432045,417.00311110007306,2069.2186377808284,1.0219717672439097,12.953280092048256,-39.79824378858165,17.80983727703121,4.747065232722679,7.911775387871133,114.9565909878238,0.0,0.002698867249227
0,1,0,0,0,0,-379.426331,1830.517822,-100.344719,-67.857498,-0.156892,-11.54,-2.05629,0.158333,6,17,5.54,5.59,202.8575543085421,462.335998106148,2931.6445709252894,0.8090702596129423,14.415469099866996,-49.17188003196183,21.13474203658977,7.741629680605087,12.902716134341812,162.86914282918275,0.0,0.0023105821727357
0,1,0,0,0,0,-411.867157,69.270638,-134.261215,-58.228199,-0.134628,-8.44101,-1.76449,0.16,7,14,5.38,5.31,205.02775028945467,458.9365637832039,3538.8715511352134,0.9984952729720722,14.10604519409718,-47.51853855244787,22.12919995561182,8.702952926658245,14.50492154443041,196.60397506306745,0.0,0.0026520219698473
0,1,0,0,0,0,-427.060394,24.601543,-131.615952,-58.010201,-0.134124,-8.37086,-1.65743,0.074286,7,13,5.42,5.45,210.77836189554432,409.7158698309539,3032.1905119213075,1.1328709123850935,11.052083774189422,-31.78898573605811,18.62348466532198,6.831350146731741,11.385583577886235,168.45502844007262,0.0,0.0026949637447932
0,1,0,0,0,0,-432.083252,34.661404,-130.555466,-67.475403,-0.156008,-11.417,-1.77567,-0.04,6,9,4.97,4.96,233.93105142415624,477.6401020180264,4078.283640315218,1.3202166810569729,13.539391699659454,-46.15376617046383,18.613439635836908,7.82670253423811,13.044504223730184,226.57131335084543,0.0,0.0020950341691942
0,1,0,0,0,0,-392.646545,474.626831,-81.155876,-73.953796,-0.170987,-13.502,-2.11297,-0.167143,7,12,5.4,5.41,162.6560289611397,414.27100710394416,3288.134401501413,1.0987591959080147,13.97860989682247,-43.9872008618518,22.882577166992164,8.371168797489457,13.951947995815765,182.67413341674515,0.0,0.0022655793486169
0,1,0,0,0,0,-398.422058,19.369257,-152.411011,-59.072498,-0.13658,-8.71275,-1.68779,0.094286,7,10,4.74,4.64,225.80889945897067,450.6048781583278,3468.6851442455727,1.451368622150022,12.488665483297616,-39.86025814445404,19.286456611336675,8.78802578029127,14.646709633818782,192.7047302358652,0.0,0.0010960378308279
0,1,0,0,0,0,-379.956665,69529.36719,-16.090683,-40.710999,-0.094127,-3.44711,-1.35703,0.215,6,13,4.62,4.69,217.36719663596364,468.7918235166621,3742.88143379118,1.1458541733441647,13.968034826705471,-47.54017902053351,20.16037417653787,9.340999328905918,15.568332214843196,207.9378574328433,0.0,0.0027720026809737
0,1,0,0,0,0,-413.362335,42.1082,-110.824638,-68.643097,-0.158708,-11.7928,-2.01891,0.211429,7,15,5.5,5.4,202.4665186976953,471.2608498556807,2890.9379696138058,0.8567248650194405,14.933018397665856,-52.22448552415237,20.81330109306749,7.392830980709693,12.32138496784949,160.60766497854476,0.0,0.0020959480721181
0,1,0,0,0,0,-404.217865,238.407898,-125.431442,-66.731903,-0.154289,-11.1778,-1.85366,0.265714,7,18,5.83,5.77,218.3333779698509,461.2663570956969,3433.8353618558767,1.0723229130914629,13.496276618102556,-44.912998344094,22.631451429865383,7.180148846627136,11.966914744378562,190.76863121421536,0.0,0.0017292684904873
0,1,0,0,0,0,-404.217865,238.407898,-125.431442,-66.731903,-0.154289,-11.1778,-1.85366,0.265714,7,18,5.83,5.77,218.3333779698509,461.2663570956969,3433.8353618558767,1.0723229130914629,13.496276618102556,-44.912998344094,22.631451429865383,7.180148846627136,11.966914744378562,190.76863121421536,0.0,0.0017292684904873
0,1,0,0,0,0,-373.17337,491.983429,-118.971107,-71.072502,-0.164325,-12.5747,-2.03064,-0.125714,7,15,5.75,5.71,269.75335590447645,493.5525637936845,2758.74625701478,1.0884791525803732,12.433289327178224,-42.14836011321712,17.88015248342671,8.915635060740804,14.85939176790134,153.26368094526555,0.0,0.0014705678925978
0,1,0,0,0,0,-391.712891,24.256994,-116.158249,-69.908302,-0.161633,-12.2,-1.9419,0.038333,6,12,5.4,5.46,244.38695245371127,480.9147821726063,3589.576766494112,1.3250687439528994,13.140434984383056,-44.55119690722779,19.49740223052317,8.83056220710778,14.717603678512964,199.42093147189516,0.0,0.0012309877960676
0,1,0,0,0,0,-410.052765,261.666473,-69.162819,-53.003399,-0.122548,-6.75951,-1.47232,0.06,7,20,5.84,5.75,197.8500294141821,442.3750116005188,2879.265459432981,1.2491044963695193,13.58472123257426,-44.096762956597736,20.33113967778408,6.907915715001463,11.51319285833577,159.95919219072118,0.0,0.0028672660941725
0,1,0,0,0,0,-400.591339,175.038101,-126.627121,-57.222301,-0.132302,-8.1173,-1.54655,-0.011429,7,17,5.72,5.68,239.43304677800376,440.3924896449683,2323.9016060915237,1.1416747474843796,11.16441349260914,-33.83722875379402,15.08763428657692,7.639542256245459,12.732570427075764,129.1056447828624,0.0,0.001988322264173
0,1,0,0,0,0,-399.157867,300.060944,-135.953262,-60.8643,-0.140723,-9.28938,-1.73898,0.12,7,18,5.75,5.75,197.00591714564263,459.3247397581087,3796.8765486186026,1.2181928688387604,14.573267922914782,-49.69837145897674,20.42154494314972,6.567624300469371,10.946040500782283,210.9375860343668,0.0,0.0029624475462678
0,1,0,0,0,0,-396.900238,675.626709,-104.380127,-66.699303,-0.154214,-11.1673,-1.90569,0.142857,7,19,5.96,5.89,204.45227565788767,447.2075578961677,2628.803993506388,1.091220785804124,13.486404568793333,-43.97282340044055,18.21163845643406,7.741629680605087,12.902716134341812,146.04466630591045,0.0,0.0015193603795237
0,1,0,0,0,0,-394.278839,27.009718,-139.625504,-73.407303,-0.169723,-13.3261,-2.15904,0.136667,6,13,5.13,5.26,250.1983494528696,480.572795967624,3566.9488283123114,1.1579609407946096,12.798580361930798,-42.99932524340128,14.75614831356957,10.31082986032238,17.184716433870634,198.1638237951284,0.5,0.0025267561410619
0,1,0,0,0,0,-431.961029,251.733704,-134.28331,-62.0494,-0.143463,-9.67079,-1.77284,-0.062857,7,14,5.28,5.36,274.6694572569436,489.77549921765353,3564.345403595748,1.0801100646227542,11.95033566448389,-39.806932154784334,17.116730242561303,8.01386281223076,13.3564380203846,198.01918908865267,0.0,0.0023510891904744
0,1,0,0,0,0,-389.64386,933.522278,-35.121792,-55.0242,-0.12722,-7.40986,-1.61836,0.467143,7,20,6.13,6.03,201.32250183318607,448.0418744428252,2957.7949897211074,1.221518384924096,13.706631811646618,-45.001687518761294,19.246276493396397,7.103583278357414,11.839305463929024,164.32194387339484,0.0,0.0010367909914519
0,1,0,0,0,0,-467.670959,1424.600708,-135.823761,-58.409302,-0.135047,-8.49929,-2.01411,0.228571,7,18,5.6,5.71,276.2545215274631,474.5416263715915,2754.5336771404022,1.2147636724039756,11.015950269118244,-35.02587245817131,18.28195366282956,4.619455952273145,7.699093253788575,153.02964873002236,0.0,0.0023921189699778
0,1,0,0,0,0,-410.114563,123.541107,-97.004173,-63.408199,-0.146604,-10.1081,-1.86495,0.225714,7,14,5.75,5.75,253.89755120365345,474.93358799022593,2890.2249453918057,1.0772647483708817,12.27977982147625,-40.38716160220638,16.222722618389966,6.261362027390488,10.435603378984148,160.568052521767,0.0,0.001723610705798
0,1,0,0,0,0,-376.942078,144.509369,-119.314438,-68.7118,-0.158867,-11.815,-1.90866,0.028571,7,14,5.56,5.6,251.28758239872687,474.37510721169,2381.8935839365304,1.193241806357467,12.39375137849795,-40.84944787988637,17.719432011665575,8.030877382957364,13.384795638262274,132.32742132980724,0.0,0.0028872675154278
0,1,0,0,0,0,-370.030823,132.897491,-105.186783,-59.212502,-0.136904,-8.7578,-1.69179,0.047143,7,15,5.23,5.25,191.89241438417525,443.80959849935175,3186.392833630081,1.1755016772863704,13.995399117509804,-46.01362800077188,11.652234202682576,12.080345215889256,20.13390869314876,177.02182409056007,0.0,0.0019161025565918
0,1,0,0,0,0,-391.395599,128.323761,-114.655846,-62.8634,-0.145345,-9.93276,-1.96448,0.025,6,13,5.44,5.55,246.2327290914732,465.4959044258327,2049.443428477339,0.979594494811264,12.181287518575528,-39.41789792144608,18.894700461418903,10.991412689386562,18.319021148977605,113.85796824874105,0.0,0.0027758506936407
0,1,0,0,0,0,-361.306335,101.757668,-68.012383,-66.276497,-0.153236,-11.0312,-1.84101,-0.011429,7,21,6.05,6.05,209.7981392649144,459.5100642261479,3549.4076404933853,1.3017019928804772,13.87288472006853,-46.49555504311158,20.049878852202088,11.561400808727818,19.26900134787969,197.18931336074365,0.0,0.0017459220060319
0,1,0,0,0,0,-423.118561,94.265053,-141.043762,-62.766201,-0.14512,-9.90147,-2.02472,0.231429,7,17,5.65,5.68,196.72916372764803,455.00728683071736,3883.401914721672,0.7223186322685494,14.348784616837186,-48.36608381654242,18.362313898710127,5.266009639884119,8.776682733140198,215.74455081787067,0.0,0.0015792239940831
0,1,0,0,0,0,-454.049164,90.890358,-135.064819,-69.591797,-0.160901,-12.0982,-2.17474,0.178571,7,15,5.26,5.28,200.95673072363545,429.7501601651669,1945.900926435128,0.9384612588492312,12.71074608008508,-39.55651626524416,16.152407411994467,0.0,0.0,108.10560702417378,0.0,0.0016506181892074
0,1,0,0,0,0,-458.103363,104.733177,-129.782776,-47.071201,-0.108832,-4.85035,-1.30753,0.19,7,13,5.47,5.42,206.0936309757413,400.81279782391806,2775.845846354452,1.218957097957072,10.817731491565375,-30.444142155745062,3.797021145356908,9.392043041085731,15.65340506847622,154.21365813080286,0.0,0.0021838325512255
0,1,0,0,0,0,-395.392822,53.010532,-90.319557,-76.751503,-0.177455,-14.4024,-2.07436,-0.061429,7,13,5.5,5.53,212.149020087908,475.2242959301428,3764.435627942012,1.1689125133356824,14.615293102346378,-50.992066516124055,21.245237360925557,6.907915715001463,11.51319285833577,209.1353126634451,0.0,0.0022501309975915
0,1,0,0,0,0,-410.96463,61.552162,-123.964882,-66.569702,-0.153914,-11.1255,-2.01726,0.261429,7,14,5.7,5.68,172.92071343859345,444.523167760294,3813.9260291711607,0.8077993536828972,15.089025240094474,-51.0637687081629,18.78420513708312,6.405985878566626,10.676643130944376,211.88477939839785,0.0,0.0013345701201818
0,1,0,0,0,0,-352.188568,1227.924316,-98.485161,-55.701401,-0.128786,-7.62782,-1.74067,0.058571,7,15,5.54,5.52,223.24202381655988,458.08113121080726,2420.79695722179,0.9308837363831874,13.046617077458189,-42.72121827631394,17.699341952695427,9.49413046544536,15.823550775742266,134.488719845655,0.0,0.001939311369416
0,1,0,0,0,0,-406.770905,115.519737,-108.72226,-59.005699,-0.136426,-8.69125,-1.78805,0.092857,7,13,5.19,5.03,224.87009570387983,445.3309110545374,2301.7902618744874,0.908746903730831,12.247823075036532,-38.53539055938944,16.232767647875036,11.918706793986512,19.86451132331085,127.87723677080486,0.0,0.0022965424089649
0,1,0,0,0,0,-364.402283,1292.806885,-8.733733,-43.584301,-0.10077,-4.37184,-1.32074,0.147143,7,13,5.11,5.01,216.8190464858524,466.7998374517874,3552.075176543352,1.053812900667333,13.887821720329724,-47.04168388832978,20.250779441903507,8.08192109513718,13.469868491895298,197.337509807964,0.0,0.0025271261584946
0,1,0,0,0,0,-402.250397,1350.423584,-57.742027,-58.668999,-0.135647,-8.58287,-1.62969,0.278571,7,18,5.9,5.7,241.4539608148568,438.44492343866193,3009.166326493764,1.0456228903380904,10.943942367989171,-32.86306016858655,13.791825483002738,7.171641561263834,11.952735935439724,167.1759070274313,0.0,0.0027762135310158
0,1,0,0,0,0,-381.862396,1520.438721,-55.236637,-47.470699,-0.109756,-4.97895,-1.53131,0.134286,7,15,5.51,5.47,185.62311206500064,416.0865920038567,2776.1265562430626,1.457731806588626,12.803526663269778,-39.11958522068893,12.234845912816702,7.452381978252808,12.420636630421347,154.2292531246146,0.0,0.0012178267484846
0,1,0,0,0,0,-337.691956,38.72718,-55.67091,-48.7728,-0.112766,-5.39798,-1.31818,0.217143,7,18,5.66,5.61,163.58950798708594,427.1506028637809,3033.995273482423,1.2487087823115586,14.642283048705275,-47.793416369263454,21.014201682768924,8.056399239047272,13.427332065078788,168.5552929712457,0.0,0.0014821473978732
0,1,0,0,0,0,-391.832275,42.888107,-115.434982,-74.649902,-0.172596,-13.726,-2.13286,-0.131429,7,11,5.19,5.24,235.10147290785892,458.1504773209464,3728.1889245152342,0.9366255458957442,12.391611356282638,-39.89004806829167,18.8243852550234,7.843717104964715,13.07286184160786,207.12160691751305,0.0,0.00159413661851
0,1,0,0,0,0,-369.231384,198.004166,-32.467213,-58.579399,-0.13544,-8.55404,-1.77513,0.246667,6,11,4.83,4.73,192.70858516049552,443.5703163171135,2981.1530333001447,1.002434707147549,13.93676284203433,-45.73557374285026,20.903706358433134,7.894760817144528,13.15793469524088,165.61961296111917,0.0,0.0026538587596389
0,1,0,0,0,0,-380.85611,947.467712,-35.307522,-48.458199,-0.112039,-5.29674,-1.51432,0.214286,7,13,5.11,4.97,207.05127002913457,459.2221832279774,3791.28185330562,0.9315400934139766,14.00949517771349,-47.09714694500639,20.26082447138858,10.787237840667308,17.978729734445512,210.62676962809,0.0,0.0024543183627629
0,1,0,0,0,0,-418.544556,90.90406,-123.852844,-62.909801,-0.145452,-9.94769,-2.02935,0.21,7,13,5.59,5.67,179.4016939600492,425.9740788732217,2307.4406481966835,1.0783249648429238,13.698465828509583,-43.536818668769854,22.04883971973125,7.384323695346391,12.307206158910653,128.19114712203796,0.0,0.0012827399836763
0,1,0,0,0,0,-363.235535,499.202362,-45.153954,-56.310699,-0.130195,-7.82391,-1.6562,0.341667,6,17,4.97,4.93,223.1823515010764,478.43931532282704,2996.9753021190554,1.1085849794866756,14.180942434541704,-49.1681510887693,21.37582274423148,7.792673392784901,12.987788987974834,166.4986278955031,0.0,0.0026157952600601
0,1,0,0,0,0,-358.217407,21887.85742,-79.399132,-63.566799,-0.146971,-10.1591,-1.86961,0.28,7,19,5.61,5.71,235.46842838309075,466.5755503518552,3286.904285048928,1.0531724166644525,12.839284553820244,-42.33126314964884,20.34118470726915,10.3959027139554,17.326504523259004,182.60579361382932,0.0,0.0009811807083105
0,1,0,0,0,0,-367.020599,24.787556,-103.752731,-58.534401,-0.135336,-8.53957,-1.77377,0.018571,7,15,5.4,5.44,182.46769787866128,410.05738897599554,2786.0904125963198,1.1823270998609623,12.64387172762968,-38.0998199520516,19.1056460806054,10.863803408937027,18.10633901489505,154.78280069979553,0.0,0.002493483190339
0,1,0,0,0,0,-427.631714,18.396431,-73.540489,-64.644203,-0.149462,-10.5059,-1.74714,0.314286,7,19,5.82,5.69,184.04405074382404,436.8456118733837,2688.323467870629,1.0887905967918856,14.044531173864424,-45.77166107799317,19.94942855735137,12.05482335979935,20.09137226633225,149.35130377059053,0.0,0.0011344688352746
0,1,0,0,0,0,-371.192322,1224.581543,-26.454124,-52.081402,-0.120416,-6.46279,-1.62754,0.31,7,16,5.15,5.09,202.78380701883597,467.43287574611657,3187.0006436510694,0.8770019328271339,14.702726040404478,-50.865114638569366,16.925874682344947,7.886253531781226,13.143755886302044,177.0555913139483,0.0,0.0019336068469062
0,1,0,0,0,0,-376.811554,72.13282,-37.346794,-59.3064,-0.137121,-8.78803,-1.69447,0.231429,7,16,5.3,5.26,220.10350662976893,473.267265614512,3155.408776851137,1.0822524182331372,14.064653276930173,-48.28206996191405,19.5576724074336,7.520440261159227,12.534067101932044,175.30048760284097,0.0,0.001222911387164
0,1,0,0,0,0,-376.811554,72.13282,-37.346794,-59.3064,-0.137121,-8.78803,-1.69447,0.231429,7,16,5.3,5.26,220.10350662976893,473.267265614512,3155.408776851137,1.0822524182331372,14.064653276930173,-48.28206996191405,19.5576724074336,7.520440261159227,12.534067101932044,175.30048760284097,0.0,0.001222911387164
0,1,0,0,0,0,-376.742676,227.833542,-40.491604,-55.514301,-0.128353,-7.5676,-1.63277,0.188571,7,12,5.18,5.13,214.26239281897472,468.8337605829144,4308.1688382745,0.8040791588232988,14.142853764663313,-48.34828804609744,20.72289582770186,7.537454831885833,12.56242471980972,239.3427132374722,0.0,0.0017423526105193
0,0,1,0,0,0,-331.142975,1086.585938,-69.849655,-24.0667,-0.041443,6.36076,-0.617095,-0.341,10,16,5.03,4.95,329.26710576736593,608.4926474456952,3491.570731481592,1.0299442091518989,10.73944391070497,-46.60547633318322,3.3334451888488967,7.369264834788773,11.620763777936142,134.29118198006122,0.0,0.0025451145715967
0,0,1,0,0,0,-390.791656,602.363525,-125.721313,-87.122101,-0.150023,-11.9256,-1.85366,0.164,10,22,7.38,6.93,314.1552048873477,580.9701817394644,3387.311872981805,1.218742348763781,10.26211449431218,-42.53071693493161,5.205379874478758,3.662165146556616,5.77495273110851,130.2812258839156,0.0,0.0042390128867058
0,0,1,0,0,0,-334.832062,1103.569458,-119.230698,-97.256104,-0.167474,-14.8645,-2.11426,0.373333,9,19,7.18,6.67,368.3888598200252,631.9541498782714,4212.888441195171,1.2143330925095126,10.13712654070178,-44.37822462873105,3.253362421549224,8.6498992725417,13.640225775931144,162.0341708151989,0.0,0.0017982226764443
0,0,1,0,0,0,-416.723236,13746.05469,-134.156418,-48.756802,-0.083959,-0.799474,-1.03738,-0.007,10,18,7.11,6.45,347.12230410372246,561.4267959850024,4923.785608585619,1.911137981704504,8.242480456972306,-31.257142509773068,4.354500471919729,9.166646501810426,14.455096406701056,189.37636956098532,0.0,0.000519917270677
0,0,1,0,0,0,-345.335144,694.219421,-65.229988,-69.649902,-0.119936,-6.85859,-1.48191,0.11375,8,24,7.57,7.19,434.1369375704472,657.9688723496982,4339.296879288249,1.1443389728409914,8.608920568432731,-37.11070724779528,1.681738113293137,5.901403140054424,9.306058797778132,166.89603381877882,0.0,0.0027753027683105
0,0,1,0,0,0,-333.745239,694.647217,-70.443291,-92.4076,-0.159125,-13.4584,-1.96612,0.162,10,22,7.55,7.13,414.0870378471961,671.4552527187778,4273.762719010083,1.71288592959697,9.898777495060838,-44.94638632792438,1.0410759748957514,6.215944931783213,9.802067007811988,164.3754891926955,0.3333333333333333,0.0054774688870506
0,0,1,0,0,0,-345.617554,1883.63147,-83.233795,-79.832703,-0.137471,-9.81165,-1.81438,-0.188,10,23,6.62,6.44,392.3992294626321,627.3421296209274,3719.9511827438655,1.368135333465378,9.036265390703663,-38.09077966442014,9.229538931287337,9.12920105041414,14.39604781026845,143.07504549014868,0.0,0.004119925942699
0,0,1,0,0,0,-403.546265,639.378113,-127.078499,-61.610401,-0.106092,-4.52708,-1.33936,-0.001,10,18,6.99,6.61,356.2680297283053,576.6573994114799,3555.931566763882,1.2485141237230932,8.476514218583638,-33.02791352742606,13.99446358561789,10.342433675653757,16.309222334684765,136.7665987216878,0.0,0.0020709335983701
0,0,1,0,0,0,-359.734131,1787.21167,-86.802673,-62.705101,-0.107977,-4.84456,-1.36315,0.074,10,20,7.1,6.55,328.96754335425817,566.610620520243,3917.084874820552,1.3454408680808938,9.140118352537876,-35.93560194654077,11.011380503705064,8.41024838360548,13.26231475876249,150.65711057002122,0.0,0.0042991748560426
0,0,1,0,0,0,-320.123596,17365.21094,-77.144348,-80.172997,-0.138057,-9.91034,-1.67027,0.305,10,20,7.08,6.67,405.4174063316456,626.8210136376455,3931.240052773768,1.385865507378814,8.51552335792307,-35.310369096652195,0.8608897484714869,9.923044620015371,15.647878054639625,151.20154049129877,0.0,0.001656357586704
0,0,1,0,0,0,-373.09671,608.733765,-103.238976,-83.067001,-0.14304,-10.7496,-1.8058,0.296667,9,18,6.74,6.44,311.6830089320793,572.1514017606693,3407.7555269233453,1.1337769250322784,10.01801510879192,-40.776359756058014,9.019321667125691,6.448106730440175,10.168168305694122,131.06752026628251,0.0,0.0027164943239993
0,0,1,0,0,0,-377.145233,304.001251,-121.774063,-64.896797,-0.111751,-5.48015,-1.54516,0.05,10,18,6.56,6.43,309.31974733334243,542.7643344428571,4522.342832853561,1.3016959030052009,8.978637965750567,-34.06976428515773,9.700025189172914,7.459133918139855,11.762480409374389,173.93626280206004,0.0,0.0056952853620492
0,0,1,0,0,0,-314.951843,1185.262329,-66.440704,-63.697102,-0.109686,-5.13225,-1.41549,-0.282,10,21,7.08,6.83,367.288629579133,620.0735461673331,2570.535057707377,1.0959363227190344,9.72249679185385,-41.486010585304456,4.394541855569567,8.29042293913737,13.07335925017816,98.86673298874528,0.0,0.0020821816090319
0,0,1,0,0,0,-349.67749,39447.71484,-102.620491,-77.093498,-0.132754,-9.01727,-1.75213,0.285555,9,20,7.2,6.77,437.5416993265675,631.480305277406,3652.370849371588,1.4959516695135275,7.459177151955329,-30.098536194709176,2.882979622788235,5.7665995150278,9.09348385062076,140.4758018989072,0.0,0.0025201878368174
0,0,1,0,0,0,-347.553162,232.621506,-108.091675,-83.963303,-0.144584,-11.0096,-1.86585,0.1,10,20,7.17,6.69,459.0738041845296,691.7205902310117,4273.114791674136,1.5012659733843126,8.94795330948008,-40.43415365628407,0.6807035220472221,6.260879473458754,9.872925323531112,164.35056891054367,0.0,0.005525941308329
0,0,1,0,0,0,-337.96048,296.659088,-70.292938,-73.476997,-0.126527,-7.96847,-1.49953,0.143,10,18,7.13,6.54,290.6804197617008,547.5915710044436,5080.842546204682,1.669633271027687,9.881198124720877,-38.86128559081053,10.140480409321118,8.717301085055013,13.746513249509828,195.4170210078724,0.0,0.0010896801769725
0,0,1,0,0,0,-313.138062,888.307007,-62.403046,-82.654099,-0.142329,-10.6299,-1.7586,0.292222,9,21,7.15,6.79,407.2600438349641,669.8012705583385,3891.282485726239,1.3685452941740206,10.097739489360553,-46.02350402816642,7.587842201644035,9.953000981132398,15.695116931785703,149.6647109894707,0.0,0.0006865271818018
0,0,1,0,0,0,-320.420929,3228.445557,-100.767365,-89.820999,-0.154671,-12.7083,-1.91109,0.255556,9,19,6.51,6.06,360.8082245246882,619.2056996333555,4002.2558001247935,1.5360972402818849,9.938364427256433,-42.63763836140519,2.772865817751184,9.211581043485966,14.525954722420176,153.93291538941517,0.0,0.0016745346274928
0,0,1,0,0,0,-335.232605,12.417624,-19.65572,-37.877102,-0.065224,2.35568,-0.880863,-0.381,10,11,4.57,4.28,419.2774216247504,680.3107091939669,3292.9120680928645,1.179385740120093,10.03974182958525,-46.2009537294292,4.804966037980392,8.949462883711975,14.11261454739196,126.65046415741789,0.0,0.0036332625066489
0,0,1,0,0,0,-378.489136,3165.577393,-113.333809,-83.307198,-0.143454,-10.8193,-1.81103,0.241111,9,21,6.95,6.65,361.2193692783703,607.1017183602642,4464.225230297872,1.3963485254741024,9.457013426226684,-39.434375105470735,13.123563491233943,5.279808646876103,8.325852096996933,171.70097039607202,0.0,0.0013748783189277
0,0,1,0,0,0,-338.037445,279.878296,-99.391647,-75.100601,-0.129322,-8.43931,-1.6689,-0.064,10,23,6.89,6.66,448.35818562540567,678.3807929369976,5526.878893150736,1.6717836838325066,8.847023358138154,-39.28764197281883,4.935100534842361,10.207630050627133,16.0966473875274,212.57226512118217,0.3333333333333333,0.0058935488337465
0,0,1,0,0,0,-439.62088,8851.588867,-134.837158,-61.594299,-0.106065,-4.52243,-1.36876,-0.125,10,17,6.5,6.16,367.7445339160352,575.0061950285827,5657.351150807401,1.204576293140389,7.971602350482599,-30.48464557243811,7.347593899745015,2.179325271263753,3.436628312377457,217.59042887720773,0.0,0.0074179155005193
0,0,1,0,0,0,-352.934418,1259.363159,-9.563444,-32.5961,-0.05613,3.8872,-0.814902,-0.31,10,9,4.54,4.29,415.5804000606056,677.278556059108,3662.104548786763,1.215012683298069,10.065313692250092,-46.202148765942745,4.734893616593177,9.189113772648197,14.490525564560617,140.85017495333705,0.0,0.002633678486434
0,0,1,0,0,0,-310.340302,1659.066406,-65.438065,-30.24,-0.052073,4.57048,-0.755999,-0.333,10,15,5.08,4.97,330.04881907365217,609.5831832429657,3704.933618097737,0.9894732548351848,10.75132169881975,-46.73056982201205,4.134272861845629,9.091755599017857,14.33699921383585,142.49744684991296,0.0,0.0055199465870973
0,0,1,0,0,0,-371.028046,853.379089,-100.27092,-72.1007,-0.124157,-7.56933,-1.47144,0.216667,9,23,7.7,7.2,418.405606064561,665.5806711133818,4273.771884981908,1.3423029035916871,9.506733271108487,-42.41953645913067,1.201241509495098,5.077603209336167,8.00698967626088,164.3758417300734,0.3333333333333333,0.0041416813909849
0,0,1,0,0,0,-371.028046,853.379089,-100.27092,-72.1007,-0.124157,-7.56933,-1.47144,0.216667,9,23,7.7,7.2,418.405606064561,665.5806711133818,4273.771884981908,1.3423029035916871,9.506733271108487,-42.41953645913067,1.201241509495098,5.077603209336167,8.00698967626088,164.3758417300734,0.3333333333333333,0.0041416813909849
0,0,1,0,0,0,-313.103699,1323.908569,-46.625381,-44.593102,-0.076789,0.407999,-1.14341,-0.237,10,19,5.44,5.37,383.2657009854896,662.3959614526372,5491.030981122123,1.6275250060294608,10.735779248736446,-49.41354717435812,2.9730727360003675,9.863131897781315,15.55340030034746,211.1934992739278,0.0,0.0028192195378979
0,0,1,0,0,0,-323.445862,33.82164,-55.523815,-41.148899,-0.070858,1.40685,-0.979735,-0.21,10,18,5.34,5.21,344.0475641976518,631.7840171493551,4078.3513897036255,1.1388825234437463,11.06678665198859,-49.74655121955069,7.778038773980758,8.522584737794332,13.439460548060293,156.85966883475487,0.0,0.0016960776063835
0,0,1,0,0,0,-329.416077,1135.258911,-54.891319,-37.808998,-0.065107,2.37544,-1.02186,-0.289,10,15,4.86,4.77,360.0723927287635,632.3059443420079,4271.577748968855,0.9022395257834293,10.470521215894015,-46.29945450003235,5.065235031704329,9.75828463387172,15.388064230336171,164.29145188341752,0.0,0.0029284698918866
0,0,1,0,0,0,-335.333191,52842.46094,-57.245655,-59.1227,-0.101809,-3.80566,-1.47807,-0.306,10,17,5.26,5.17,350.3404301824756,620.0882708465156,4358.885191563708,1.229674667370247,10.374916948616924,-45.130972671469,6.797024874559762,9.114222869855626,14.37242837169541,167.649430444758,0.0,0.0061272029015615
0,0,1,0,0,0,-339.143127,4104.712402,-50.166409,-46.435001,-0.079961,-0.126151,-1.1056,-0.196,10,15,5.48,5.22,377.6985166007959,630.5932601216564,3903.837207846782,1.0868919795528666,9.72672090464848,-42.009464906296586,3.1933003460744684,7.886012064057497,12.435634408706052,150.1475849171839,0.0,0.0067314629329053
0,0,1,0,0,0,-314.856781,230.303055,-51.334869,-39.6241,-0.068232,1.84905,-0.900547,-0.22,10,12,4.88,4.6,381.8798439251936,635.2922272742725,3169.825844909745,1.2621618028059116,9.746630128810724,-42.344007427768254,8.769063019314215,10.372390036770785,16.35646121183085,121.9163786503748,0.0,0.0027077564250844
0,0,1,0,0,0,-340.900024,5814.707031,-62.722301,-27.9095,-0.04806,5.24633,-0.697738,-0.293,10,13,4.8,4.72,362.1761949100039,645.8819510554926,3541.811041382216,1.0110986110922715,10.911759851749563,-49.58670032322355,5.145317799004003,8.664877453100214,13.663845214504184,136.2235015916237,0.0,0.0030787850568223
0,0,1,0,0,0,-332.71579,2841.040771,-3.699081,-55.500301,-0.095571,-2.75515,-1.38751,-0.247778,9,14,5.25,4.9,369.04292564452527,650.2518621888521,5886.901124686046,1.6479851756331847,10.815728328627957,-49.24933723188053,2.562648553589542,3.467448799295937,5.467900029658978,226.4192740263864,0.0,0.002116194923451
0,0,1,0,0,0,-349.712616,1566.5625,-56.881535,-21.2703,-0.036627,7.17174,-0.531757,-0.268,10,16,4.73,4.63,372.5617267223285,653.2146200493676,4015.677869563193,1.2450889192083805,10.794342051039964,-49.27895412855563,4.624779811556127,9.316428307395563,14.691290792431468,154.44914882935356,0.0,0.0017915230997035
0,0,1,0,0,0,-343.178162,83.575157,-15.687226,-50.725899,-0.087349,-1.37054,-1.20776,-0.286,10,15,5.26,4.93,383.88215889774574,643.9723887790958,3996.1893108867607,0.9114582978788068,10.003470380051926,-44.21088832548136,0.7207449056970587,6.89745214719559,10.876751462885354,153.69958888026002,0.0,0.0065698237752651
0,0,1,0,0,0,-323.456268,69287.22656,-4.65607,-42.5728,-0.07331,0.993905,-1.01364,-0.265,10,16,5.25,5.08,359.193307257687,628.8821491558421,3580.9021092032744,0.9458548514094022,10.372647765313657,-45.56402302930542,9.66999415143554,7.4516448278606,11.750670690087867,137.72700420012595,0.0,0.0070164304671915
0,0,1,0,0,0,-313.103699,1323.908569,-46.625381,-44.593102,-0.076789,0.407999,-1.14341,-0.237,10,19,5.44,5.37,383.2657009854896,662.3959614526372,5491.030981122123,1.6275250060294608,10.735779248736446,-49.41354717435812,2.9730727360003675,9.863131897781315,15.55340030034746,211.1934992739278,0.0,0.0028192195378979
0,0,1,0,0,0,-332.076141,51.410633,-67.281166,-11.9835,-0.020636,9.86494,-0.278687,-0.305,10,10,4.63,4.33,400.6862263007424,654.8585972942358,2862.9158222256374,1.1368922924006923,9.77586042282667,-43.44238991827414,4.244386666882679,8.784702897568323,13.852800723088508,110.11214700867836,0.0,0.0025949633185014
0,1,0,0,0,0,-309.299042,15.997022,8.112772,-36.137299,-0.083739,-1.3315,-1.24611,-0.068333,6,11,4.78,4.32,275.19362854970075,500.0538660931589,3176.7839406679245,1.1634366308673316,11.834749344392534,-34.10181183681592,16.87063358414882,12.047596850484783,19.02252134287071,167.19915477199604,0.0,0.0015206638721072
0,1,0,0,0,0,-297.225891,88.78595,8.893144,-36.646599,-0.084919,-1.49541,-1.18215,-0.066667,6,12,4.82,4.45,280.98948769373794,500.3973518063719,3167.644599642092,1.2223192484576928,11.547782321717577,-33.040409280047314,16.692461876329425,12.029840628155402,18.994485202350635,166.71813682326797,0.0,0.0016251809849262
0,1,0,0,0,0,-280.229248,177.844376,1.990915,-53.876701,-0.124846,-6.39691,-1.73796,-0.041667,6,16,5.31,5.11,313.3207585471908,517.8102805146,3289.894585601417,1.3749318220995377,10.762606419337326,-30.90059166790627,6.213738310201348,10.458414952005212,16.51328676632402,173.15234661060092,0.0,0.0027972022898793
0,1,0,0,0,0,-310.185455,694.699036,11.843747,-39.355598,-0.091197,-1.72358,-1.26953,-0.126667,6,13,5.21,4.98,298.60877208749184,494.0539895131517,3656.313360487039,0.9124811636299482,10.286590390824202,-28.19272518563712,7.950912461440433,6.347849482753589,10.02292023592672,192.4375452887915,0.0,0.002167545548318
0,1,0,0,0,0,-303.865997,410.462982,1.346056,-41.924702,-0.09715,-2.55041,-1.31015,0.071667,6,16,5.18,5.07,280.74307768516303,491.4624213949616,3833.42246073594,0.9944247273486264,11.09049177419992,-30.95509858469336,15.957503581574429,7.253416821552004,11.452763402450532,201.75907688083893,0.0,0.0013603755690324
0,1,0,0,0,0,-323.037292,147.495636,5.814353,-43.182301,-0.100064,-2.95513,-1.34945,0.086667,6,14,5.12,4.87,265.37532948173714,479.1187892080998,2756.64042161776,0.9519389931696486,11.24965577507172,-30.982608072351933,13.15129918341898,8.638402163243695,13.639582363016364,145.0863379798821,0.0,0.0018070049532228
0,1,0,0,0,0,-289.122345,15.525236,6.880862,-49.347401,-0.11435,-4.93924,-1.59185,0.231667,6,17,5.08,4.89,301.4974456376809,515.2795776813105,3652.629196899803,1.3341116363197398,11.251691160191028,-32.607231966276935,13.14016345168027,11.142029511686369,17.592678176346897,192.2436419420949,0.0,0.0012964403606861
0,1,0,0,0,0,-303.70285,93.341743,0.367353,-22.621201,-0.052419,3.66205,-0.685489,0.001667,6,12,4.99,4.58,306.09307602424343,502.2062995387065,3074.291140790238,1.3370418319546689,10.321748606024371,-28.65096812311014,15.656838824629205,11.266323067992031,17.78893115998742,161.80479688369672,0.0,0.0016000340620688
0,1,0,0,0,0,-274.391266,360.252747,4.346001,-52.388599,-0.121398,-5.918,-1.68996,0.015,6,14,5.31,5.14,314.4137087985338,515.6845678140794,3145.9528324210087,1.35958905281228,10.593203106081347,-30.18917854289768,12.650191255176937,11.47051962477991,18.11134677596828,165.5764648642636,0.0,0.0009290788563882
0,1,0,0,0,0,-283.877808,67.752823,2.167992,-38.996799,-0.090365,-1.6081,-1.21865,-0.018333,6,14,4.93,4.65,304.0610307198991,517.913132029957,3265.4450767398857,1.4640969631691974,11.25537375316094,-32.73885853705667,17.026533828490788,12.18076851795514,19.232792396771277,171.86553035473082,0.0,0.0010731203208147
0,1,0,0,0,0,-322.332855,16.912233,12.614968,-35.911098,-0.083215,-0.615059,-1.15842,-0.088333,6,11,4.91,4.41,288.6792065589664,496.7425831884915,3344.041257538032,0.9083747739958272,10.9507040331329,-30.679158945599585,16.202489679826094,12.083109295143544,19.078593623910866,176.0021714493701,0.0,0.0012481737459355
0,1,0,0,0,0,-280.689423,164.57756,10.157674,-48.197399,-0.111685,-4.56915,-1.60658,-0.02,6,14,4.97,4.94,319.48741657812946,529.4017987043628,3093.902651857806,1.5773139071742932,11.048125375064911,-32.46763430330564,17.516506024994126,12.047596850484783,19.02252134287071,162.83698167672665,0.0,0.0012266351162968
0,1,0,0,0,0,-296.403931,275.222137,8.057317,-41.026299,-0.095068,-2.26126,-1.4147,0.008333,6,13,4.77,4.49,293.37175925784965,498.1924109906517,3044.444970889964,1.1177621524348162,10.780034301726424,-30.12418997822952,4.933129160249457,10.627099064134333,16.779630101264733,160.2339458363139,0.0,0.0027412476913258
0,1,0,0,0,0,-280.229248,177.844376,1.990915,-53.876701,-0.124846,-6.39691,-1.73796,-0.041667,6,16,5.31,5.11,313.3207585471908,517.8102805146,3289.894585601417,1.3749318220995377,10.762606419337326,-30.90059166790627,6.213738310201348,10.458414952005212,16.51328676632402,173.15234661060092,0.0,0.0027972022898793
0,1,0,0,0,0,-299.145721,457.837769,16.651051,-43.817699,-0.101537,-3.15964,-1.51096,-0.153333,6,13,4.96,4.84,301.4743431322679,520.5943019104502,3268.2466798449486,1.209111342945423,11.532629409378016,-33.909717233143084,17.538777488471542,7.768347269104042,12.2658114775327,172.01298314973414,0.0,0.0016252075129365
0,1,0,0,0,0,-374.869781,212.626892,-89.780899,-53.5425,-0.124071,-6.28936,-1.52979,0.411667,6,19,6.22,6.15,292.4669277220961,463.0006489838301,2684.5259788448197,1.0974524129051029,8.975459013775469,-22.602615094998885,10.823931250028156,11.159785734015747,17.620714316866973,141.2908409918326,0.0,0.0011289727000899
0,1,0,0,0,0,-326.825348,506.058289,-124.147621,-66.131599,-0.153244,-10.3409,-1.83699,0.436667,6,17,5.69,5.81,319.60583839698245,488.79944227005245,2321.9291630327034,1.1465435745189676,8.904926519635262,-23.290750569444267,2.527811104687645,12.047596850484783,19.02252134287071,122.20679805435282,0.0,0.0021012923996586
0,1,0,0,0,0,-273.56131,1253.657959,-64.25602,-72.450798,-0.167887,-12.3746,-2.07002,0.343333,6,21,6.09,6.04,333.40120989026684,507.0951634303598,2687.1666506954043,1.1749673294119654,9.141787028425943,-24.738624258616703,3.062326228145825,9.508457057383348,15.013353248500025,141.42982372081076,0.0,0.0026423392909306
0,1,0,0,0,0,-331.425568,48.565685,-58.198666,-60.229599,-0.139567,-8.44145,-1.62783,0.545,6,19,6.08,6.04,242.90454033770047,447.2578774592498,3083.8675448233826,1.0620946253407553,10.75543879587102,-27.85790953269531,9.031078440095508,3.933003245957819,6.210005125196556,162.30881814859907,0.0,0.0015512953553025
0,1,0,0,0,0,-307.891754,61.178425,-86.502594,-72.983704,-0.169122,-12.5461,-2.02733,0.003333,6,13,5.39,5.53,272.9196997850697,477.0934698127222,2556.43407734281,1.026737908476527,10.745987896192236,-29.10018117389141,14.20919369859663,12.01208440582602,18.96644906183056,134.54916196541103,0.0,0.0016833603096743
0,1,0,0,0,0,-320.399994,597.465698,-93.152618,-66.910202,-0.155048,-10.5915,-1.80838,0.331667,6,15,5.51,5.53,292.2382500129004,480.8165275103496,2531.549578642804,0.8533742680092223,9.925172499865749,-26.40901732327328,14.63235150466769,11.923303294179115,18.826268359230188,133.239451507516,0.0,0.0018031838464091
0,1,0,0,0,0,-280.468048,51.264763,-7.797458,-69.092102,-0.160104,-11.2937,-2.03212,0.365,6,19,6.02,6.06,291.7836072294803,510.41807366933983,3077.058949043818,1.3676776486498392,11.507077181045238,-33.34691739955548,8.051134047088842,5.957212591507214,9.406125144485074,161.95047100230622,0.0,0.0026985359311389
0,1,0,0,0,0,-361.075867,54.286732,-90.019409,-67.628899,-0.156713,-10.8228,-1.98909,0.49,6,18,5.77,5.67,243.6571953868674,467.9963221092849,3558.176334202842,0.9247488704554474,11.807322459074609,-32.49374988041646,17.34947004891344,11.053248400039466,17.452497473746526,187.27243864225483,0.0,0.0019404787462229
0,1,0,0,0,0,-305.539124,146.063782,3.067218,-52.895699,-0.122573,-6.08121,-1.55576,0.478333,6,22,6.04,5.94,251.0645283370379,494.5399039261682,3831.3832220028025,1.5723735399776524,12.81449345205949,-37.59227743386145,12.66132698691565,12.047596850484783,19.02252134287071,201.65174852646328,0.0,0.0010706890713891
0,1,0,0,0,0,-352.478851,63.026981,-93.609421,-57.902599,-0.134175,-7.69256,-1.70302,0.103333,6,13,5.42,5.36,260.2479948630374,463.79172561282206,2176.7232236949403,1.1256240165360782,10.712827934199192,-28.4171271081219,12.126811863457467,12.091987406308236,19.0926116941709,114.56438019447054,0.0,0.001706033835769
0,1,0,0,0,0,-332.046265,170.26445,-83.482819,-64.0998,-0.148535,-9.68702,-1.78055,0.138333,6,13,5.33,5.45,248.7367281413863,474.5480914644545,3664.892823221491,1.6048124663496297,11.884808595950958,-33.08605810488091,15.500938580287231,5.85955336869562,9.251926371624664,192.88909595902587,0.0,0.0013826863967532
0,1,0,0,0,0,-297.80545,21001.50586,-86.187004,-62.168301,-0.14406,-9.0654,-1.77624,0.255,6,14,5.78,5.74,325.7203656555532,519.7803393443653,3523.395307938494,1.435026102889448,10.21368282572695,-28.981127527552516,12.76154857256406,12.056474961649474,19.036539413130747,185.4418583125523,0.0,0.0010951355218732
0,1,0,0,0,0,-316.262634,142.508118,-74.566933,-61.8354,-0.143288,-8.95825,-1.76672,0.335,6,16,5.6,5.52,243.77212335154303,477.29558385652354,3399.673883526735,1.2056602912302097,12.290708447630552,-34.72704357621281,13.218113573851255,9.366407278748303,14.789064124339426,178.93020439614395,0.0,0.0025326119491437
0,1,0,0,0,0,-319.990051,948.34137,-85.991676,-62.708302,-0.145311,-9.2392,-1.69482,0.001667,6,12,5.41,5.32,297.64830707563647,495.2340041622148,3361.2700928143936,1.0862157367339118,10.399247215083072,-28.638744292982963,12.46088381561883,12.003206294661332,18.952430991570523,176.90895225338917,0.0,0.0017973697983451
0,1,0,0,0,0,-347.775238,157.681793,-76.740784,-64.021599,-0.148354,-9.66184,-1.82919,0.466667,6,19,6.09,5.99,263.85931117388964,445.4843771182021,2208.02581521974,1.0064042607428272,9.559213997069078,-23.82853623242877,2.7839329346780235,12.083109295143544,19.078593623910866,116.21188501156524,0.0,0.0021194605277368
0,1,0,0,0,0,-306.481659,67.573471,-74.530518,-55.818901,-0.129346,-7.02199,-1.55053,-0.035,6,15,5.68,5.77,275.011959686071,482.4575549029608,3461.443981357311,1.63935975631456,10.918189221941564,-29.94129533038223,11.71478978912512,12.083109295143544,19.078593623910866,182.18126217670056,0.0,0.0018351990108241
0,1,0,0,0,0,-307.59787,446.403717,-83.737572,-53.1063,-0.123061,-6.14898,-1.56195,0.361667,6,18,5.65,5.54,333.25139623533806,487.918001833591,2965.863569469371,1.391448372305475,8.140347663065944,-20.79242348123134,14.765980285532232,10.254218395217338,16.190871150343163,156.0980826036511,0.0,0.0009410307138151
0,1,0,0,0,0,-281.492462,2029.76709,-52.352562,-62.2743,-0.144305,-9.0995,-1.8871,0.388333,6,21,6.13,5.93,307.4097418416441,494.9965656376372,2863.737032297822,0.9267971656656894,9.8729907261049,-26.78775294738282,5.8462591628238485,6.694095818176511,10.569624976068177,150.72300169988537,0.0,0.0022472001761245
0,1,0,0,0,0,-307.988678,98.995705,-52.963406,-58.4645,-0.135477,-7.87341,-1.71954,0.26,6,19,5.91,5.84,310.58014816043726,506.6875675947638,3273.7480663375645,1.6671511324328747,10.32144312812245,-28.833736100453365,8.9308568544471,12.047596850484783,19.02252134287071,172.30252980724023,0.0,0.0017156104266328
0,1,0,0,0,0,-298.677002,154.918091,-66.407028,-57.784302,-0.133901,-7.65449,-1.75104,0.038333,6,20,5.87,5.83,329.96748058498383,533.4625899033023,4022.732869695242,1.63371388531644,10.710268911490443,-31.37435280481975,7.995455388395283,12.083109295143544,19.078593623910866,211.72278261553905,0.0,0.0027558071699536
0,1,0,0,0,0,-339.661011,114.397285,-60.152431,-61.7052,-0.142986,-8.91637,-1.76301,0.055,6,19,5.95,5.75,296.3197108266038,489.5949436774297,3454.3443744008946,1.4941584063660986,10.172380676359255,-27.611664666592272,11.480939422612169,11.95881573883788,18.882340640270336,181.80759865267865,0.0,0.0016288218611592
0,1,0,0,0,0,-313.140106,61.681919,-93.394524,-61.913399,-0.143469,-8.98337,-1.82098,0.4,6,15,5.64,5.68,310.8643890409228,513.996121546439,3054.522749725053,1.4402890174416785,10.691143816079803,-30.475623758906348,10.935288567415274,12.127499850966997,19.14868397521105,160.76435524868697,0.0,0.001949475271002
0,1,0,0,0,0,-304.542725,107.392891,-58.615658,-59.537399,-0.137963,-8.21869,-1.60912,0.295,6,18,5.89,5.75,292.33098279755325,469.4111695800989,3146.9489594925617,1.0902450361639608,9.320009830660297,-23.950298661423115,11.369582105225046,10.351877618028931,16.345069923203575,165.62889260487168,0.0,0.0026474571739917
0,1,0,0,0,0,-298.85614,27.874529,-65.963074,-76.151802,-0.176463,-13.5657,-2.11533,0.241667,6,14,5.5,5.68,258.7275559557619,471.5465184646585,2306.7874651711054,1.226909195266438,11.200998026784031,-30.47029485854537,3.040054764668401,11.98545007233195,18.924394851050447,121.40986658795292,0.0,0.001337794459099
0,1,0,0,0,0,-320.99173,705.895386,-33.487251,-56.801498,-0.131623,-7.3382,-1.6229,0.285,6,19,6.01,5.97,242.230204111775,448.2513139530645,3459.523038750798,1.6899445440122811,10.843216307436292,-28.199965554394367,17.494234561516695,11.47051962477991,18.11134677596828,182.0801599342525,0.0,0.0021502031303818
0,1,0,0,0,0,-359.477783,74.932465,-72.757004,-64.341103,-0.149094,-9.76466,-1.89238,0.433333,6,16,5.86,5.74,265.82721882389654,481.3865618768919,3243.4480069960714,0.9352662729704692,11.345228581736595,-31.429984102120024,13.340606622977086,11.896668960685046,18.784214148450072,170.7077898418985,0.0,0.001721673106542
0,1,0,0,0,0,-332.594757,46.15303,-65.340546,-69.346199,-0.160693,-11.3755,-1.98132,0.328333,6,15,5.62,5.73,261.8472176869268,464.9761158760662,2395.9268811874745,1.4186348238768305,10.690994641533656,-28.39191481300853,11.54775381304444,12.020962516990714,18.9804671320906,126.10141479934076,0.0,0.001316947587052
0,1,0,0,0,0,-286.660767,3815.277832,-59.643818,-54.573502,-0.12646,-6.62116,-1.55924,0.113333,6,16,5.35,5.39,266.95287580795883,450.239760195231,2390.501838186971,0.9802723539523756,9.646678125645902,-24.29262875406557,2.460996714255373,12.127499850966997,19.14868397521105,125.81588622036688,0.0,0.0031710375870463
0,1,0,0,0,0,-301.151733,12376.5918,-55.943737,-62.964199,-0.145904,-9.32156,-1.90801,0.353333,6,20,6.32,6.08,295.59528512607227,516.1457772144445,3473.859530611736,1.1261180935875923,11.607920636230116,-33.99184525639112,10.712573932641035,6.338971371588898,10.00890216566668,182.83471213745975,0.0,0.0027572024554705
0,1,0,0,0,0,-382.269318,247.391144,-97.709251,-67.128601,-0.155554,-10.6618,-1.86468,0.355,6,20,6.36,6.19,274.8515474578042,464.1024679659834,2505.6427851812555,1.1143725060287468,9.96057476358838,-25.86809145732786,10.189194540921566,6.7651207074940345,10.681769538148476,131.87593606217135,0.0,0.0014763020898386
0,1,0,0,0,0,-382.269318,247.391144,-97.709251,-67.128601,-0.155554,-10.6618,-1.86468,0.355,6,20,6.36,6.19,274.8515474578042,464.1024679659834,2505.6427851812555,1.1143725060287468,9.96057476358838,-25.86809145732786,10.189194540921566,6.7651207074940345,10.681769538148476,131.87593606217135,0.0,0.0014763020898386
0,1,0,0,0,0,-292.316437,540.910828,-79.016136,-49.046299,-0.113653,-4.84234,-1.48625,0.47,6,17,5.93,5.74,287.04123324672537,487.71473243098905,2341.3557476088854,0.9072413345897956,10.561763114961249,-28.900256692557424,13.485371135580346,12.056474961649474,19.036539413130747,123.22924987415186,0.0,0.002105261349779
0,1,0,0,0,0,-305.171326,525.697937,-96.347969,-53.612598,-0.124234,-6.31192,-1.53179,0.448333,6,15,5.84,5.88,343.449861446045,516.6204330246806,3065.32791557412,1.4169184101153829,9.11424060940187,-24.9902071610715,10.088972955273157,12.047596850484783,19.02252134287071,161.33304818811158,0.0,0.0015709961359119
0,1,0,0,0,0,-424.246552,177.96402,-96.690094,-76.749901,-0.177849,-13.7582,-2.19286,0.146667,6,15,6.04,5.94,289.0587431540738,459.5093759272878,2944.1704030075803,1.7057255105442342,8.971085935432319,-22.46414209248324,12.360662229970425,0.905567338798414,1.4298431665238116,154.95633700039895,0.0,0.0022857989288099
0,1,0,0,0,0,-279.890747,616.735168,-60.350349,-63.827499,-0.147904,-9.59937,-1.82364,0.388333,6,18,6.23,6.14,279.17089369870223,483.1516305569052,2429.2544382206443,1.3178245566422702,10.735828255694893,-29.32295960800652,12.071133204763909,12.20740285144921,19.274846607551385,127.85549674845495,0.0,0.0011102115605519
0,1,0,0,0,0,-283.443298,140.319855,-74.264328,-68.064499,-0.157722,-10.963,-1.9447,0.395,6,20,6.03,6.0,262.7156812316681,497.3318653410099,4393.385078818617,1.304618324521531,12.348220216281147,-35.92662857812834,12.048861741286483,12.171890406790448,19.218774326511237,231.23079362203248,0.0,0.0020837879878928
0,1,0,0,0,0,-299.839844,1095.224976,-56.036255,-56.939701,-0.131944,-7.38268,-1.72545,0.421667,6,19,6.3,6.08,335.0349993287235,523.5343213264857,2274.106895242883,1.0889818212620257,9.921016947250644,-28.079446721426613,7.683654899711345,7.031464042434744,11.102311645949596,119.6898365917307,0.0,0.0028426336494243
0,1,0,0,0,0,-375.571472,75.425842,-92.548134,-64.303802,-0.149008,-9.75266,-1.89129,0.361667,6,17,5.88,5.8,293.8911884172827,473.2726490948809,2951.507888923542,1.1852763501185228,9.44112950934727,-24.4928246089686,13.173570646896406,10.36075572919362,16.359087993463607,155.34252046966012,0.0,0.00123081388979
0,1,0,0,0,0,-315.528046,648.025879,-70.602165,-52.952499,-0.122704,-6.09949,-1.60462,0.608333,6,17,6.1,6.03,252.0673751053732,441.0494463246803,3441.6607229461247,1.4830901049729606,9.946424801016164,-24.9092768506922,1.9932959812294648,4.26149335905136,6.728673724817937,181.14003804979603,0.0,0.0021560161727024
0,1,0,0,0,0,-300.745514,1750.318848,-71.323647,-62.893101,-0.145739,-9.29866,-1.8498,-0.036667,6,20,6.13,6.12,295.52228193659766,500.6687873782101,3810.630779477423,1.7773877699844474,10.797184496926972,-30.29238212974873,12.271576376060729,12.163012295625755,19.2047562562512,200.5595147093381,0.0,0.001574627372279
0,1,0,0,0,0,-332.691895,1977.415527,-53.811745,-67.795197,-0.157099,-10.8763,-2.0544,0.446667,6,19,6.09,5.92,260.5270678481898,474.4708299174261,3674.0523052761546,0.9089038319823828,11.260198003644016,-30.812570831477483,14.78825174900966,6.338971371588898,10.00890216566668,193.37117396190288,0.0,0.0029637991005031
0,1,0,0,0,0,-312.610748,599.91571,-48.366325,-65.2798,-0.15127,-10.0668,-1.92,0.415,6,18,6.22,6.05,318.46864404910133,508.231716922838,3213.6753081937345,1.3446503757523915,9.9875301512493,-27.710357229645297,13.017670402554437,12.083109295143544,19.078593623910866,169.14080569440708,0.0,0.0016174922840878
0,1,0,0,0,0,-278.667175,530.230835,-62.645603,-52.3895,-0.1214,-5.9183,-1.58756,0.265,6,19,6.19,5.9,293.2674342912904,474.6045565530718,2822.1972454135994,1.0892930886040029,9.544059066409552,-24.88457258721089,9.053349903572933,6.294580815765446,9.938811814366494,148.53669712703154,0.0,0.0022749325355195
0,1,0,0,0,0,-314.311188,187.726379,-78.104233,-58.601101,-0.135793,-7.91737,-1.62781,0.216667,6,18,5.84,5.81,252.5070530424731,467.3293605140017,2681.807004515017,0.9236105945036336,11.306437235343608,-30.657628828410285,12.449748083880118,12.083109295143544,19.078593623910866,141.14773707973774,0.0,0.0011403323273946
0,1,0,0,0,0,-300.567261,138.613419,-61.547043,-61.7644,-0.143124,-8.9354,-1.7647,0.245,6,19,5.89,5.89,297.087318922682,516.5664998925837,4032.508156162112,1.0596083714900564,11.55153584052114,-33.79685891946366,14.287143820767614,4.803058140097472,7.583776010680218,212.2372713769533,0.0,0.002286995175113
0,1,0,0,0,0,-310.72168,2187.638184,-89.181046,-65.088402,-0.150826,-10.0052,-1.85967,0.683333,6,16,5.77,5.86,291.4490612893529,498.9270962773328,3445.3688283811343,1.5038728947580509,10.919896578314727,-30.662263449988657,8.864042464014826,12.020962516990714,18.9804671320906,181.3352014937439,0.0,0.0032040602087589
0,1,0,0,0,0,-263.580292,1679.279419,-72.020241,-60.660801,-0.140566,-8.58023,-1.68502,0.465,6,19,6.31,6.13,331.42229191671106,515.7412541416161,2762.614702189373,1.6203154393985026,9.700998011837106,-26.995020012962595,8.173627096214675,12.163012295625755,19.2047562562512,145.40077379944069,0.0,0.0016915581837094
0,1,0,0,0,0,-289.603363,384.993256,-46.753319,-46.154598,-0.106952,-3.91173,-1.39863,0.623333,6,23,6.25,6.0,269.93822117884764,472.4934210391208,2925.928686807757,1.154498732245613,10.660799992645956,-28.605970753607824,2.193739152526282,0.5504428922108008,0.869120356122317,153.9962466740925,0.0,0.0012459994775943
0,1,0,0,0,0,-283.886536,517.404053,-63.128666,-67.028603,-0.155322,-10.6296,-1.86191,0.418333,6,19,6.03,5.93,298.00041840266965,501.25482469324606,3848.295221857816,1.4126023686408675,10.69760033108297,-29.95745368654729,15.200273823342007,12.065353072814164,19.050557483390783,202.5418537819903,0.0,0.0015572443920187
0,1,0,0,0,0,-286.176422,1887.829468,-73.667351,-67.8526,-0.157231,-10.8948,-1.88479,0.351667,6,17,5.8,5.82,324.1278389962869,493.0632078863682,2954.90518643268,1.2318287185716108,8.89133520474112,-23.39676858867091,3.285040862920068,12.109743628637618,19.12064783469097,155.52132560172,0.0,0.0035022571777419
0,1,0,0,0,0,-289.493744,1411.002319,-93.753799,-70.9543,-0.164419,-11.893,-2.02727,0.243333,6,14,5.77,5.91,357.7150335385717,521.4175319290424,2349.619101096022,1.410326911094009,8.61592096791951,-23.463900685309337,9.175842952698764,12.083109295143544,19.078593623910866,123.6641632155801,0.0,0.0020475470691886
0,1,0,0,0,0,-340.626251,408.103027,-65.751053,-68.879501,-0.159611,-11.2253,-1.91332,0.141667,6,15,5.56,5.54,219.53305854644768,452.8551975345998,3713.1188963036566,1.3477482250243893,12.280112578323797,-33.49427319889323,15.178002359864584,11.96769385000257,18.89635871053037,195.4273103317714,0.5,0.0027959038570769
0,0,1,0,0,0,-452.420288,1576.550537,-82.850838,-86.621803,-0.120685,-11.4191,-1.73244,0.762,10,16,7.19,6.29,92.23853961114752,498.4012605304396,5989.053950052721,1.2213229436371416,18.46194185996782,-118.18950479497242,28.88595843191966,6.845079545903352,16.179278926680652,272.22972500239644,0.3333333333333333,0.0041226016488795
0,0,1,0,0,0,-409.099701,268.364929,-75.150612,-111.625999,-0.155522,-18.118099,-1.99332,0.812,10,16,7.12,6.25,41.44113536996974,479.9355049696246,5788.255143912691,1.101869594560123,19.93156225452977,-129.5536298814417,10.098442828978277,6.131399258392881,14.492398247110447,263.102506541486,0.0,0.0034634895462858
0,0,1,0,0,0,-482.737427,452.275696,-59.137787,-68.716103,-0.095739,-6.62185,-1.24938,0.331111,9,15,7.54,6.74,130.82270791791143,512.5444500866182,8789.105447090875,1.3806424654661735,17.350988280395764,-109.81287762973282,25.12355315461829,5.646930158112051,13.347289464628483,399.5047930495852,0.0,0.0046951850158027
0,0,1,0,0,0,-349.075073,63.862694,-12.191634,-66.530098,-0.092693,-6.03619,-1.27943,0.66625,8,16,7.05,6.23,39.47561562536493,474.5680029671886,8673.173001672805,1.4213635360860288,19.77692669735562,-127.32108520677497,22.206769910326017,1.2658708749273324,2.992058431646422,394.23513643967294,0.0,0.0013492981020227
0,0,1,0,0,0,-484.24408,2175.358154,-66.066711,-91.390503,-0.12733,-12.6967,-1.63197,0.59,9,16,7.59,6.76,50.0394374913804,512.0441305617471,8542.497871393702,1.538362795292273,21.000213321380304,-144.76603372625613,28.5673182455684,5.115576951352429,12.09136370319665,388.2953577906228,0.3333333333333333,0.0065878986101037
0,0,1,0,0,0,-480.500824,767.484009,-50.830235,-80.215897,-0.111761,-9.70282,-1.45847,0.827,10,17,7.18,6.64,29.06329005916956,482.2439364353575,6121.947867792257,1.2201586309927654,20.59912028982672,-136.37026860646966,22.206769910326017,2.995373469478256,7.079973655130423,278.2703576269208,0.0,0.0025992402457557
0,0,1,0,0,0,-546.218933,836.090759,-120.379288,-68.026299,-0.094777,-6.43703,-1.28351,-0.095,10,14,5.89,5.6,98.10242480643892,527.786631683204,9024.316042525368,1.7985897352285558,19.53110031258023,-132.34712440814226,28.84919225657144,3.959102324875608,9.357878222433255,410.1961837511531,0.0,0.0021620902429258
0,0,1,0,0,0,-457.899261,191.098282,-42.845741,-80.050102,-0.11153,-9.65841,-1.38017,0.773,10,18,7.34,6.77,27.306810857286223,506.5856993634925,8455.630476520691,1.4592442967126542,21.785404023009377,-152.00053935792437,23.775460058516817,3.4277491181159863,8.101952461001423,384.3468398418496,0.0,0.0031235357328392
0,0,1,0,0,0,-484.24408,2175.358154,-66.066711,-91.390503,-0.12733,-12.6967,-1.63197,0.59,9,16,7.59,6.76,50.0394374913804,512.0441305617471,8542.497871393702,1.538362795292273,21.000213321380304,-144.76603372625613,28.5673182455684,5.115576951352429,12.09136370319665,388.2953577906228,0.3333333333333333,0.0065878986101037
0,0,1,0,0,0,-481.645386,462.409424,-55.029804,-55.2225,-0.076939,-3.00669,-1.02264,0.204444,9,14,6.93,6.51,112.39791965941912,528.7798469380994,8838.990309055243,1.1309256563819423,18.92645123994001,-126.60113009760776,25.6995565684071,6.074096461585473,14.35695527283839,401.7722867752384,0.0,0.0085450516808663
0,0,1,0,0,0,-464.405304,-42.544247,-27.592514,-109.071999,-0.151964,-17.4338,-2.13866,0.788,10,15,6.6,6.1,18.700282089573196,516.8023159984201,7236.096383859576,1.3462408749087245,22.641001541311223,-162.62338307236664,28.86144764835418,4.80301624149383,11.35258384353087,328.9134719936171,0.0,0.0028138615710722
0,0,1,0,0,0,-439.618713,20.411577,-75.053436,-102.407997,-0.142679,-15.6484,-1.93223,0.694,10,14,7.28,6.59,12.448113495590746,485.2234838716353,5988.052806382002,1.2589546929743909,21.48978956254748,-145.69994763813722,17.66001955892924,6.766939368438703,15.994583961764205,272.1842184719092,0.0,0.0032735471386517
0,0,1,0,0,0,-439.618713,20.411577,-75.053436,-102.407997,-0.142679,-15.6484,-1.93223,0.694,10,14,7.28,6.59,12.448113495590746,485.2234838716353,5988.052806382002,1.2589546929743909,21.48978956254748,-145.69994763813722,17.66001955892924,6.766939368438703,15.994583961764205,272.1842184719092,0.0,0.0032735471386517
0,0,1,0,0,0,-464.29837,40.999916,-63.205051,-99.905098,-0.139192,-14.9779,-1.95892,0.694,10,14,7.13,6.45,54.32611092285987,515.0285206721467,6651.217066781104,1.3413776080016042,20.941018624967583,-144.60726711371765,7.831195349171261,6.996150555668343,16.536355858852446,302.3280484900502,0.0,0.0046573154499822
0,0,1,0,0,0,-397.399963,787.849426,-49.851677,-84.550697,-0.1178,-10.8642,-1.48335,0.508889,9,17,7.26,6.46,27.94102442191865,511.4428769254862,7009.947137146872,1.609971611323418,21.977356931980346,-154.75213901274384,9.96363351936813,3.896590182903888,9.210122250500095,318.63396077940325,0.0,0.0013616050367809
0,0,1,0,0,0,-454.845367,52.265865,-34.638771,-108.628998,-0.151347,-17.3151,-2.17258,0.721,10,16,7.15,6.52,-9.18738737129081,500.9564471374615,6790.729321842215,1.380045602608189,23.188356114034196,-165.93058184995456,28.97174617439884,4.125801370133527,9.751894147588338,308.66951462919155,0.0,0.0031764883193177
0,0,1,0,0,0,-424.337585,438.543396,-46.639877,-88.246803,-0.122949,-11.8544,-1.69705,0.493333,9,16,7.21,6.41,-41.1589630733792,445.1754046763948,5793.660473493121,1.3237157041847096,22.10610762498973,-145.73435353587314,24.91521149431169,7.027406626654202,16.610233844819025,263.3482033405964,0.0,0.0017091830166809
0,0,1,0,0,0,-401.918213,194.241089,-32.459221,-87.161797,-0.121438,-11.5637,-1.52915,0.48,9,16,7.22,6.53,63.49466324166974,488.3636015990968,5342.499669194058,1.2046703239786156,19.31222447079213,-124.81762702558513,25.429937949186805,2.4952763337044948,5.897925879665169,242.84089405427537,0.0,0.0021814745069032
0,0,1,0,0,0,-383.797211,101.622154,-55.589729,-73.843201,-0.102882,-7.99546,-1.31863,0.371,10,15,7.19,6.46,117.56462816858078,551.5750760742524,5896.301290200023,1.2226885477656375,19.72774763207598,-137.6049519263506,24.21665416269548,3.974730360368537,9.394817215416545,268.0136950090919,0.0,0.0014165988009546
0,0,1,0,0,0,-517.502747,1691.235107,-48.818157,-74.9207,-0.104383,-8.28414,-1.36219,0.382,10,17,7.22,6.73,69.02093563377048,501.4926811135601,8654.20226755428,1.4243100411516236,19.65780661271771,-129.93544450962668,13.50544174458017,6.371029135951142,15.05879613952088,393.37283034337634,0.3333333333333333,0.0038624907479419
1,0,0,0,0,0,-270.750458,-17.881536,-6.167593,-50.536201,-0.103653,-9.8537,-1.6302,0.5475,4,10,5.17,5.34,267.9442437178785,517.6127387417969,3132.200077250415,1.293821944496294,27.74094389154649,-73.65250388014388,18.326635148375413,7.848521694835191,31.394086779340764,348.0222308056016,0.0,0.0022325012402929
1,0,0,0,0,0,-308.510712,7.889949,-27.698368,-40.575901,-0.083224,-6.8372,-1.268,0.3625,4,8,5.02,4.91,247.6896358015869,447.5300504941523,2884.378043828335,1.452317297195244,22.20449052139616,-49.7399563708645,20.724100260081023,5.761750373222167,23.04700149288867,320.48644931425946,0.0,0.0002774661254819
1,0,0,0,0,0,-282.909576,72.040131,-2.884421,-48.938202,-0.100375,-9.36975,-1.68753,0.3625,4,9,5.28,5.46,249.4271474534584,499.9177549936056,3271.972715346936,1.348522468907274,27.832289726683012,-72.27004201397182,23.386316120318543,7.977017465870475,31.9080698634819,363.5525239274373,0.0,0.0006740531587968
1,0,0,0,0,0,-288.131256,41.352085,8.893217,-50.4151,-0.103405,-9.81703,-1.6805,0.5325,4,9,5.42,5.34,269.47444589866114,474.56025960501415,3592.0224745152,1.3140490963740787,22.787312634039225,-53.59047768594148,17.01758978063431,7.838242033152369,31.35296813260948,399.1136082794667,0.0,0.0004531319467873
1,0,0,0,0,0,-290.016418,-3.843618,-3.134186,-51.871201,-0.106391,-10.258,-1.92115,0.52,4,8,5.18,5.14,256.83294426806606,449.8934475402719,2916.222330276836,1.4101805404971668,21.451167030245088,-47.7246222141911,13.428746300535114,7.005589436843724,28.02235774737489,324.0247033640929,0.0,0.002775393593011
1,0,0,0,0,0,-296.39743,31.6017,-13.110921,-46.603699,-0.095587,-8.66273,-1.45637,0.45,4,9,5.25,5.1,256.743193292403,457.8938647566989,3815.488286423881,1.3519554073972146,22.350074607143988,-50.96892178396384,21.28301850698172,7.910199664932127,31.640798659728507,423.9431429359868,0.0,0.0004524798808065
1,0,0,0,0,0,-286.511658,98.270538,-40.792591,-82.303001,-0.168809,-19.4744,-2.11033,0.8275,4,15,6.91,6.68,222.5151072116184,464.7392427398378,3583.8769237624483,1.0957875496858387,26.913792836468826,-65.8390457705307,26.475074853190804,7.905059834090717,31.620239336362868,398.2085470847165,0.0,0.0016547649165239
1,0,0,0,0,0,-298.821777,156.357971,-10.892262,-37.6833,-0.077291,-5.96115,-1.04676,0.475,4,9,5.17,5.2,263.37918289607506,498.5097905113911,2451.165756335442,1.1679859276247693,26.125623068368448,-66.32260866300966,23.386316120318543,7.894780172407893,31.579120689631573,272.351750703938,0.0,0.0005949120532252
1,0,0,0,0,0,-287.17926,-21.431067,7.74544,-61.106998,-0.125334,-13.0551,-1.90959,0.28,4,9,5.54,5.58,253.30778232551268,513.5884519645365,2283.9352121879383,1.0862008002795391,28.920074404335978,-77.44236893465596,24.813028487407163,7.946178480822007,31.784713923288027,253.77057913199317,1.0,0.0117543635446448
1,0,0,0,0,0,-306.218353,2.30279,-8.146912,-45.998299,-0.094345,-8.47938,-1.39389,0.61,4,8,5.14,4.94,247.96826975039505,458.706081993532,3988.230927510018,1.3167264358134525,23.415312471459654,-54.24077022707434,30.313960706903465,3.3203307235517574,13.28132289420703,443.1367697233353,0.0,0.0002660641989362
1,0,0,0,0,0,-308.10437,9.154495,-5.007828,-52.096298,-0.106853,-10.3262,-1.57868,0.365,4,9,5.61,5.42,267.8889792191296,505.2351095076745,2753.749098608261,1.2555616741011717,26.37179225428276,-67.76342123445755,29.181415838183643,7.915339495773539,31.66135798309416,305.97212206758456,1.0,0.0089660939850063
1,0,0,0,0,0,-287.336487,-9.374825,-9.242276,-52.294899,-0.10726,-10.3863,-1.45264,0.4625,4,10,5.13,5.18,256.06867614220573,505.8829953916964,3024.1268215663977,1.2292150763090297,27.757146583276743,-72.58291455244685,33.123260316325386,7.956458142504829,31.825832570019315,336.0140912851553,1.0,0.0116117144547474
1,0,0,0,0,0,-283.348724,67.656242,-5.325943,-54.580799,-0.111949,-11.0786,-1.70565,0.46,4,9,5.36,5.31,251.81027360311413,488.09688579086935,4124.922617365743,1.5186522376253992,26.25406802086169,-65.80772232563075,20.679975135325705,7.884500510725071,31.538002042900285,458.32473526286026,0.0,0.0030857149175311
1,0,0,0,0,0,-276.650665,586.729309,-5.269443,-50.772202,-0.104137,-9.92519,-1.81329,0.8,3,10,5.14,5.28,245.0545888276982,491.2029573068657,3567.745134799514,1.49703713562434,27.3498187199075,-69.78155178085221,21.680144629779576,7.848521694835191,31.394086779340764,396.41612608883486,0.0,0.0034200912417896
1,0,0,0,0,0,-298.020233,67.119576,3.328575,-53.908001,-0.110569,-10.8749,-1.68463,0.4425,4,8,5.21,4.87,254.455313938986,450.0817710247723,2951.1944924931654,1.1926354782511932,21.73627300953181,-48.56608617783535,35.03534905572249,5.417381706847603,21.669526827390413,327.91049916590725,1.0,0.0035828926697824
1,0,0,0,0,0,-279.7771,20.934855,-1.262075,-42.389801,-0.086944,-7.38654,-1.51392,0.3725,4,8,5.12,5.09,264.9410023308102,463.7037216871581,3416.8469730461807,1.3489496928128597,22.084746595149767,-50.6253464943098,21.94489537831149,7.905059834090717,31.620239336362868,379.6496636717978,0.0,0.0023087198051615
1,0,0,0,0,0,-301.904907,-10.084793,2.565747,-26.203501,-0.053745,-2.48447,-1.09181,0.3,3,7,4.32,4.31,288.961656879132,526.6326986445121,3221.45356762152,1.4176060364569525,26.40789352948668,-69.8411610768432,23.88640086754548,7.925619157456361,31.702476629825444,357.93928529128,0.0,0.0002988055968427
1,0,0,0,0,0,-298.860016,1125.318115,-5.842501,-48.099201,-0.098654,-9.11563,-1.5031,0.45,4,8,5.41,5.2,248.9594311706567,450.88762149715086,3767.623488906029,1.374351558969772,22.43646559183269,-50.68235820290729,22.459688500456867,7.910199664932127,31.640798659728507,418.6248321006699,0.0,0.0018591940024862
1,0,0,0,0,0,-294.833862,26.642273,3.847799,-52.591801,-0.107869,-10.4763,-1.87828,0.4325,4,8,5.11,4.88,255.09295818179308,503.1475236475743,3001.6418973078617,1.0694195947871286,27.5616183850868,-71.64290833311856,35.064765805559375,7.884500510725071,31.538002042900285,333.5157663675402,1.0,0.0038391895992499
1,0,0,0,0,0,-258.954041,-6.329434,-3.517783,-51.219398,-0.105054,-10.0606,-1.89701,0.4625,4,7,4.83,4.82,293.4569989261278,500.88272541314126,3114.5826751099485,1.104449801298221,23.04730294300149,-56.48774524087981,14.1347482966202,7.858801356518013,31.43520542607205,346.06474167888314,0.0,0.0027107946623492
1,0,0,0,0,0,-282.615326,20.966656,2.065855,-47.1614,-0.096731,-8.83162,-1.68433,0.4725,4,10,5.0,5.0,288.43961292149413,518.31460692212,2834.135129018521,1.3223716912205492,25.541666000069544,-66.12605203133056,20.091640138588133,7.869081018200835,31.47632407280334,314.90390322428016,0.0,0.0004747961376856
1,0,0,0,0,0,-268.180298,15.872052,3.27765,-48.396702,-0.099265,-9.20575,-1.93587,0.4725,4,10,4.99,4.99,314.0878976167603,512.1416723430418,3543.0070986929395,1.3700100105298318,22.00597496958683,-54.07919320093799,8.883858450737357,7.884500510725071,31.538002042900285,393.6674554103266,0.0,0.0004805430846545
1,0,0,0,0,0,-306.348358,5.184289,-3.903596,-36.9487,-0.075784,-5.73867,-1.4211,0.616667,3,8,4.84,4.72,246.26283872510132,452.3636538201931,3347.38054510489,1.3593677991487,22.900090566121307,-52.17725775689079,22.562647124885935,1.7167035010314036,6.866814004125614,371.9311716783211,0.0,0.0002445269898508
1,0,0,0,0,0,-288.807281,89.104568,-9.560641,-57.858501,-0.118671,-12.0713,-1.70172,0.595,4,9,5.3,5.38,208.816604687493,463.7980677951743,3765.675540081993,1.1048151992987298,28.331273678631256,-70.46500802291534,22.18022937700652,7.879360679883659,31.517442719534635,418.4083933424436,0.0,0.000218349121453
1,0,0,0,0,0,-303.633118,133.266846,-14.243341,-41.423599,-0.084962,-7.09392,-1.53421,0.385,4,10,4.84,4.83,299.55788139726326,506.3064958473775,2751.5616451533906,1.2139270539701033,22.972068272234917,-56.680660235046126,23.43044124507385,7.894780172407893,31.579120689631573,305.72907168371006,0.0,0.0002601732607423
1,0,0,0,0,0,-291.445374,-1.387607,-2.093871,-42.203701,-0.086562,-7.33018,-1.62322,0.5,3,7,4.79,4.68,251.20181741092597,491.5915020133027,3827.562172698232,1.5675143808591825,26.709964955819643,-67.65267020093104,28.69603946587513,7.874220849042247,31.49688339616899,425.2846858553591,0.0,0.0002110778717222
1,0,0,0,0,0,-300.191376,90.99498,-11.368766,-41.0975,-0.084294,-6.99516,-1.2843,0.375,4,7,4.92,4.8,240.71414352271185,434.719161709799,3579.432458406249,1.2763371567431512,21.55611313189857,-46.89670421638692,31.755381448910523,2.5750552515471057,10.300221006188425,397.7147176006944,1.0,0.002862683906514
1,0,0,0,0,0,-275.239868,-11.001538,-1.708247,-49.893501,-0.102335,-9.65906,-1.60947,0.385,4,8,5.01,4.98,227.9065890546929,432.5996682811201,3191.6976362086007,1.4511574515372023,22.74367546960302,-50.15466469373023,31.343546951194224,0.0102796616828227,0.0411186467312911,354.63307068984454,0.0,0.002489780582128
1,0,0,0,0,0,-294.993805,288.511566,-9.903332,-44.2346,-0.090728,-7.94523,-1.57981,0.225,4,7,4.73,4.7,297.1840300747453,527.8176051319012,2494.5388853052227,1.2755341504751212,25.62595278412844,-67.25419185474605,27.666453221584398,7.910199664932127,31.640798659728507,277.17098725613585,0.0,0.0004004507876812
1,0,0,0,0,0,-281.889954,34.450359,8.539147,-53.076,-0.108862,-10.6229,-1.7692,0.385,4,9,5.07,5.06,280.5496062168323,513.6939091827203,3705.677066958062,1.3629674913922902,25.90492255176533,-66.94536815108512,17.782425276393155,7.766284401372608,31.06513760549043,411.74189632867353,0.0,0.0004531319467873
1,0,0,0,0,0,-272.270844,-3.808676,-4.458799,-47.188801,-0.096787,-8.83993,-1.81495,0.32,3,8,4.8,4.81,272.833189959574,512.8813232143552,3386.272591660814,1.4443007015464406,26.67201480608681,-69.48992086325647,20.54759976105975,7.910199664932127,31.640798659728507,376.2525101845349,0.0,0.0036477975853364
1,0,0,0,0,0,-259.782623,-4.03549,-4.390177,-38.748402,-0.079475,-6.28374,-1.43513,0.32,3,8,4.81,4.82,266.80399455216434,476.5913312122928,3539.176965244612,1.1604861951586924,23.3097040733476,-55.36206015458286,16.885214406368355,7.766284401372608,31.06513760549043,393.2418850271791,0.0,0.0036477975853364
1,0,0,0,0,0,-300.769592,33.817158,2.673027,-39.886799,-0.08181,-6.6285,-1.47729,0.5275,4,8,5.07,5.05,241.33391288994724,480.2867340450118,3723.920019128318,1.4082380217994492,26.55031346167384,-66.0777006330336,26.81336747631491,7.946178480822007,31.784713923288027,413.7688910142576,0.0,0.0002171930294305
1,0,0,0,0,0,-296.137421,213.93013,-18.531351,-33.546001,-0.068805,-4.70815,-1.19807,0.215,4,7,4.85,4.83,285.9508786195473,515.6643613261198,3418.240445784889,1.522568094183148,25.523720300730275,-65.8312591072123,26.87220097598866,7.899920003249305,31.59968001299722,379.80449397609874,0.0,0.0003270718312438
1,0,0,0,0,0,-279.090271,84.519577,-12.730194,-48.3773,-0.099225,-9.19986,-1.93509,0.285,4,8,4.79,4.82,252.1469136925229,510.0945486230653,2688.3997634933567,1.358955062093708,28.660848325615817,-76.17032697039885,32.049548947279305,7.910199664932127,31.640798659728507,298.7110848325952,0.0,0.0004204455395199
1,0,0,0,0,0,-271.772552,-20.248331,-3.0491,-47.986599,-0.098424,-9.08156,-1.49958,0.475,4,10,5.19,5.2,276.43728749031146,504.1033249430114,2188.915968970924,1.1045220372126705,25.29622638363333,-64.05332327964761,20.62114163565195,7.915339495773539,31.66135798309416,243.21288544121373,0.0,0.0003849338390036
1,0,0,0,0,0,-278.5,12.606367,-17.719925,-50.571499,-0.103725,-9.86438,-1.80612,0.2175,4,6,4.85,4.74,248.67050617060823,457.2688648097699,4175.497711762243,1.6535742649983016,23.177595404351298,-53.40325400258653,12.634494054939388,7.874220849042247,31.49688339616899,463.9441901958048,0.0,0.0015011254288879
1,0,0,0,0,0,-304.550171,15.678086,12.638697,-52.056599,-0.106771,-10.3142,-1.73522,0.62,4,10,5.34,5.22,258.5238733280229,480.4499592032265,3238.209228473378,1.0195704795852945,24.658453986133736,-59.93040888854057,25.268988109878777,7.905059834090717,31.620239336362868,359.80102538593087,0.0,0.0002157175415046
1,0,0,0,0,0,-282.193359,15.761065,6.424858,-40.475498,-0.083018,-6.80678,-1.30566,0.4475,4,8,5.25,5.04,270.99849714584616,465.87928689082,3200.1653025281107,1.2199300203569103,21.653421082774877,-49.50875687964415,19.53272189168744,7.915339495773539,31.66135798309416,355.5739225031234,0.0,0.0002105661297586
1,0,0,0,0,0,-256.72699,112.90976,-10.742785,-55.8587,-0.11457,-11.4656,-1.6429,0.375,4,10,5.3,5.46,278.5875102674136,500.790296709092,3781.684509549656,1.358008243598963,24.689198493519825,-61.76647815036871,11.193073312932334,7.9204793266149505,31.6819173064598,420.1871677277395,0.0,0.0028004394511493
1,0,0,0,0,0,-281.823212,8.13228,0.080664,-51.907902,-0.106466,-10.2691,-1.85385,0.28,4,9,5.25,5.16,283.49741668432034,512.3035209035365,2325.444488563149,0.9728378878763192,25.422900468801803,-65.19574557312292,24.327652115098655,7.894780172407893,31.579120689631573,258.382720951461,1.0,0.0082567861087848
1,0,0,0,0,0,-269.430145,102.23838,-5.446006,-49.716599,-0.101972,-9.60548,-1.98866,0.716667,3,9,5.01,5.08,319.9298548394788,514.701480385266,3506.492638029844,1.3580939238635614,21.641291727309685,-53.12889973563034,8.545565827613252,7.853661525676602,31.414646102706406,389.6102931144271,0.0,0.0003738158626361
1,0,0,0,0,0,-306.010406,307.791016,-13.791266,-49.159401,-0.100829,-9.43674,-1.63865,0.4725,4,10,5.04,5.04,271.39329381832056,460.6647101458017,3476.0151726152844,1.2721417303901297,21.03015736972012,-47.29605372064912,14.723083293357774,7.889640341566483,31.55856136626593,386.22390806836495,0.0,0.000233143596434
1,0,0,0,0,0,-282.211853,-4.066298,-6.43935,-48.336399,-0.099141,-9.18748,-1.38104,0.32,3,8,4.82,4.83,285.0065116889208,515.3234075694273,2582.0292682536965,1.162325774720206,25.59076620894517,-66.02742629922358,17.238215404410898,7.858801356518013,31.43520542607205,286.89214091707737,0.0,0.0036477975853364
1,0,0,0,0,0,-291.981781,58.020573,-12.789843,-47.597198,-0.097625,-8.96362,-1.48741,0.3875,4,10,5.15,5.22,251.1863889461593,500.8374205988959,3241.028612674074,1.219372498575645,27.73900351697073,-72.03550003084973,34.1381381856977,7.925619157456361,31.702476629825444,360.11429029711934,1.0,0.0115702038643394
1,0,0,0,0,0,-286.029358,-15.777225,-4.696964,-45.0979,-0.092499,-8.2067,-1.32641,0.3875,4,9,5.01,5.01,276.9026107054698,498.4099134303932,3430.5367365546185,1.2842110720975697,24.61192252499148,-61.31119827616804,29.68150058541058,6.985030113478079,27.940120453912314,381.1707485060687,1.0,0.009174510067626
1,0,0,0,0,0,-303.847198,4.798537,-8.615678,-45.451698,-0.093224,-8.31383,-1.51506,0.4625,4,8,4.87,4.75,281.6626766729564,513.2461953564305,2715.667719638573,1.086387096673788,25.73150207594156,-66.31836920597986,28.37245521766948,7.899920003249305,31.59968001299722,301.7408577376193,0.0,0.0002445642986358
1,0,0,0,0,0,-291.405304,48.295902,-13.011908,-49.786701,-0.102116,-9.62671,-1.91487,0.4625,4,9,5.01,5.06,247.2133703553027,493.4035470905071,3597.42997436642,1.42380033293564,27.354464081689372,-70.00565657046472,22.72443924898877,7.884500510725071,31.538002042900285,399.7144415962689,0.0,0.0002171035259401
1,0,0,0,0,0,-300.12793,77.372192,-22.212494,-53.452801,-0.109635,-10.737,-1.57214,0.1425,4,8,5.31,5.32,257.30377166171473,487.7549733321935,3128.695481333252,1.3304118319667668,25.60568907449764,-63.63518452533135,23.66577524376889,7.889640341566483,31.55856136626593,347.6328312592502,0.0,0.000258623319598
1,0,0,0,0,0,-260.860992,-6.133942,-5.124063,-51.636398,-0.105909,-10.1869,-1.47533,0.3725,4,8,5.47,5.55,276.70392955223235,512.9429751265242,2908.064752378448,1.1844692225241915,26.248782841587985,-68.04688069252857,21.07710125812356,7.869081018200835,31.47632407280334,323.1183058198276,0.0,0.0022467394544527
1,0,0,0,0,0,-302.284485,14.255647,-28.166643,-36.5709,-0.075009,-5.62426,-1.17971,0.3625,4,9,5.32,5.32,282.49207409515475,527.9054124007481,3785.4214898311866,1.2813947180787593,27.268148700621484,-72.96690068355653,28.47541384209855,7.863941187359425,31.4557647494377,420.6023877590208,0.0,0.0002774661254819
1,0,0,0,0,0,-261.41452,14.245276,-42.767212,-49.995399,-0.102544,-9.68993,-1.35123,0.5025,4,15,6.76,6.47,256.3731412097645,509.19000101059146,1785.4845561428228,1.266492665902206,28.09076220009188,-74.06859561262053,21.3124352568186,7.879360679883659,31.517442719534635,198.3871729047581,0.0,0.0031731431546588
1,0,0,0,0,0,-290.488464,52.411232,-46.584591,-52.723801,-0.10814,-10.5162,-1.38747,0.6,4,14,7.36,6.47,277.24323752020376,501.36192891227336,2998.4969489010164,1.3013379168118684,24.902076821341065,-62.513395609041225,28.387163592587918,7.96159797334624,31.84639189338496,333.1663276556685,0.0,0.0005772618504571
1,0,0,0,0,0,-317.936707,156.119064,-18.854067,-95.275299,-0.195416,-23.403099,-2.57501,0.6875,4,15,7.6,6.77,309.5282111799478,501.3809800414325,2726.6261631349157,1.3832683903636918,21.316974317942737,-51.13484746551391,33.961637686676426,7.853661525676602,31.414646102706406,302.95846257054615,0.0,0.0017073817065397
1,0,0,0,0,0,-297.342316,746.816833,-31.343695,-75.6502,-0.155163,-17.4596,-1.9908,0.5975,4,15,7.06,6.64,290.9736731782941,524.9966860007378,2504.441648559583,1.283223077301292,26.00255698027152,-68.2937262495696,28.37245521766948,7.869081018200835,31.47632407280334,278.2712942843981,1.0,0.0046858001744029
1,0,0,0,0,0,-293.640961,5707.550781,-74.567749,-69.521599,-0.142593,-15.6035,-1.93116,0.7775,4,10,6.1,5.86,217.58174184881767,435.99964341031136,2104.569677305605,1.1559296484752508,24.268655729054856,-54.95565146741198,27.798828595850345,7.833102202310957,31.33240880924383,233.8410752561784,0.0,0.000451203126676
1,0,0,0,0,0,-280.89444,34.669453,-61.801289,-54.998299,-0.112805,-11.2051,-1.44732,0.685,4,14,6.37,6.17,216.01006794097648,435.960262882682,2589.863623996681,1.018414205546604,24.438910549078383,-55.467437476891554,24.78361173757028,7.853661525676602,31.414646102706406,287.7626248885201,0.0,0.0026056590372835
1,0,0,0,0,0,-280.305969,89.471558,-31.681095,-82.735802,-0.169696,-19.605499,-2.17726,0.415,4,13,6.84,6.35,216.3734560615456,458.0276651386511,3776.935882467501,1.2835661828744058,26.85046767523395,-65.00760756356145,18.267801648701653,0.1130762785110505,0.4523051140442022,419.65954249638895,0.0,0.0002997644281288
1,0,0,0,0,0,-274.616638,765.771484,-50.934155,-71.686996,-0.147035,-16.2593,-1.8865,0.2625,4,12,6.77,6.48,302.5638890082855,522.9784954149809,2827.135160811942,1.1639924495482186,24.490511822966155,-62.99819315341452,23.195107246378832,7.858801356518013,31.43520542607205,314.1261289791047,0.0,0.0034639951510937
1,0,0,0,0,0,-290.039734,427.098755,-73.425682,-74.927902,-0.153682,-17.240801,-1.92123,0.785,4,10,5.95,5.75,263.9328121509326,494.5487289008367,2839.699653562,1.2060760978136331,25.623990749989343,-64.29764948373784,25.50432210857381,7.858801356518013,31.43520542607205,315.52218372911113,0.0,0.0004529719588832
1,0,0,0,0,0,-279.024017,293.98288,-46.866123,-53.741199,-0.110227,-10.8244,-1.37798,0.7875,4,14,6.88,6.46,215.39451268351092,435.260877494675,2352.281005020659,1.0441402753440776,24.42959609012934,-55.380089225028186,30.313960706903465,7.905059834090717,31.620239336362868,261.36455611340654,0.0,0.0012069674706059
1,0,0,0,0,0,-310.171356,222.600388,-18.115402,-56.695099,-0.116285,-11.7189,-1.5323,0.8075,4,17,7.41,6.9,303.2506244465308,523.7503488400988,3144.030668546002,1.0713367128542055,24.499969377063117,-63.09517263440336,25.180737860368144,7.858801356518013,31.43520542607205,349.33674094955575,0.0,0.0013421194584163
1,0,0,0,0,0,-291.005585,-0.381809,-4.22472,-51.913799,-0.106479,-10.2709,-1.48325,0.61,4,10,5.37,5.36,257.65385103218483,490.0283261381714,3357.024487081655,1.1101901015575792,25.819386122887398,-64.54120047562762,28.37245521766948,7.9307589882977725,31.72303595319109,373.00272078685055,0.0,0.0002445642986358
1,0,0,0,0,0,-297.024231,18380.54688,-44.862377,-74.978302,-0.153785,-17.2561,-1.97311,0.495,4,14,7.49,6.86,302.4253791872052,536.5405394944496,2974.2584211425674,1.2194952897589355,26.012795589693827,-69.36799284732334,31.814214948584283,7.894780172407893,31.579120689631573,330.4731579047297,0.0,0.0006121719860013
1,0,0,0,0,0,-308.958893,199.779099,-41.082157,-86.065201,-0.176525,-20.6138,-2.32609,0.44,4,14,7.42,6.82,264.9252869929116,509.6561022492825,3876.242299488187,1.3450703244054294,27.19231280626344,-70.98261605713468,27.313452223541844,7.9204793266149505,31.6819173064598,430.6935888320208,0.0,0.0025765945969918
1,0,0,0,0,0,-281.004944,283.069885,-24.425316,-65.735199,-0.134827,-14.4568,-1.68552,0.48,4,14,7.32,6.94,308.8769860631711,542.1564190569161,2967.692770440932,1.0560952824515286,25.919936999305,-69.54910147671012,29.47558333655243,7.848521694835191,31.394086779340764,329.74364116010355,0.0,0.0010188880804152
1,0,0,0,0,0,-280.79718,832.17865,-58.600769,-77.669403,-0.159305,-18.0711,-2.09917,0.6175,4,13,7.26,6.46,224.5627995156174,462.06225181670845,2948.1186895514747,1.2632898159624917,26.38882803345456,-63.87895978183282,22.121395877332763,7.915339495773539,31.66135798309416,327.5687432834972,0.0,0.0007505827900518
1,0,0,0,0,0,-259.433624,319.627502,-39.994797,-49.098999,-0.100705,-9.41844,-1.29208,0.5525,4,12,7.23,6.7,322.9976316192973,526.2216367325142,2742.65630330987,1.3076520725677148,22.58044501257966,-56.995049602801686,23.621650119013573,7.941038649980594,31.764154599922374,304.7395892566522,0.0,0.0031413338415164
1,0,0,0,0,0,-296.966248,32.179192,-29.131639,-80.021202,-0.164128,-18.7833,-2.10582,0.85,4,16,7.17,6.85,305.2572720145853,537.897324040007,1576.9956490932636,0.9711116234474528,25.848894669491298,-68.92033692889082,23.97465111705612,7.9204793266149505,31.6819173064598,175.2217387881404,1.0,0.0078402629152391
1,0,0,0,0,0,-280.183472,109.131889,-46.086468,-80.373901,-0.164852,-18.8901,-2.00935,0.535,4,11,6.48,6.27,250.68697650085733,494.6755725478831,3049.727092841895,1.2993505565554062,27.10984400522509,-69.29242438276783,29.019623714080808,7.879360679883659,31.517442719534635,338.8585658713216,0.0,0.0031220631568582
1,0,0,0,0,0,-293.410614,63.44125,-43.457249,-59.171902,-0.121365,-12.469,-1.59924,0.665,4,15,7.52,6.83,240.02808532138047,488.1452387857802,2638.5055472891454,1.1901616745601025,27.568572607155524,-70.23581133714207,22.70973087407033,7.915339495773539,31.66135798309416,293.1672830321273,1.0,0.0118189684994772
1,0,0,0,0,0,-300.612427,852.056274,-24.735363,-80.843498,-0.165815,-19.0324,-2.12746,0.5625,4,16,6.94,6.54,297.48321072780686,520.4503245382118,2419.62527861743,1.2955810381107589,24.77412375671166,-63.72982886230683,27.16636847435745,7.622369137813091,30.489476551252363,268.84725317971447,1.0,0.0112717959230056
1,0,0,0,0,0,-278.223297,246.783432,-36.407421,-59.461899,-0.12196,-12.5569,-1.52467,1.075,4,14,7.0,6.72,263.9021420453756,506.8701388673632,1993.5789855302685,0.9940507706209346,26.996444091331952,-70.04639571613052,30.15216858280064,7.848521694835191,31.394086779340764,221.50877617002985,0.0,0.0002677171738278
1,0,0,0,0,0,-291.559021,2409.46875,-17.162567,-86.644501,-0.177713,-20.7892,-2.22165,0.6225,4,14,6.99,6.61,286.7021959107158,510.278398164976,3088.930022393268,1.2565365826935655,24.841800250473355,-63.081903807751296,17.223507029492463,5.592135955455591,22.368543821822364,343.2144469325853,0.0,0.0012787399450159
1,0,0,0,0,0,-300.76062,-10.365709,-46.440357,-57.829102,-0.118611,-12.0624,-1.4828,0.515,4,15,6.89,6.5,250.75619994630677,501.3958767953298,2374.4368441982024,1.3069081400894145,27.848852983224784,-72.46985475371595,27.578202972073758,7.889640341566483,31.55856136626593,263.82631602202247,0.0,0.0037324308890417
1,0,0,0,0,0,-292.458832,16.706661,-24.223278,-90.523102,-0.185669,-21.9639,-2.38219,0.6275,4,15,7.52,6.85,294.5064686010253,525.5494637315771,3217.389621976785,1.1909640981462162,25.67144390339465,-67.20847020186474,33.13796869124383,7.863941187359425,31.4557647494377,357.4877357751983,1.0,0.0067048542182169
1,0,0,0,0,0,-296.98703,45.289906,-80.398087,-49.004299,-0.100511,-9.38975,-1.32444,0.885,4,13,6.68,6.27,254.92353784219688,507.4485803128375,2113.148721896221,0.9553808677161668,28.058338052293404,-73.78569422687782,28.43128871734324,7.879360679883659,31.517442719534635,234.79430243291347,1.0,0.0066649099453136
1,0,0,0,0,0,-285.773071,586.445679,-72.924675,-43.8353,-0.089909,-7.82432,-1.21765,0.6875,4,13,6.72,6.44,257.1972689667268,485.0008929367507,2363.422148597096,1.1243636757465458,25.311513774447096,-62.430996596660016,29.372624712123358,7.915339495773539,31.66135798309416,262.60246095523286,0.0,0.0008657279327683
1,0,0,0,0,0,-296.492035,78.283997,-32.735165,-62.864201,-0.128938,-13.5873,-1.65432,0.5475,4,15,6.62,6.31,326.52650373852686,533.7486518259144,2857.100104261961,1.2027445221996855,23.02468312082084,-59.03457771001811,29.799167584758088,7.899920003249305,31.59968001299722,317.4555671402179,0.0,0.0005858811646415
1,0,0,0,0,0,-290.591858,529.877258,-64.916069,-61.8293,-0.126816,-13.2739,-1.67106,0.5725,4,15,6.98,6.44,223.21506462514216,449.7610483381417,3275.608543826763,1.5622560792782283,25.171775968111064,-58.907347323443446,34.21168006028989,7.879360679883659,31.517442719534635,363.9565048696403,0.0,0.0034798446444301
1,0,0,0,0,0,-274.670044,84.597458,-51.070469,-79.981102,-0.164046,-18.7712,-2.16165,0.6675,4,12,7.45,6.66,242.1170898145953,465.3241738602773,3090.52811946541,1.3445987242293882,24.800787116186893,-59.08820961708586,22.98918999752068,7.817682709786721,31.27073083914689,343.3920132739344,0.0,0.0013740901891125
1,0,0,0,0,0,-303.393494,36.170975,-66.496727,-66.3489,-0.136086,-14.6426,-1.70125,0.4575,4,11,6.7,6.33,295.86884950795616,517.9904427411898,2922.5698098312005,1.144323287350667,24.680177025914848,-63.2058742507454,24.989528986428425,7.899920003249305,31.59968001299722,324.7299788701334,0.0,0.0035993502778533
1,0,0,0,0,0,-299.682556,127.938629,-20.053572,-43.817902,-0.089873,-7.81903,-1.12353,0.5675,4,14,7.22,6.84,253.4046621107965,470.19728062445824,2864.628350242737,1.142939587482496,24.088068723740196,-57.261673795337934,30.9611292033148,6.029021576975558,24.116086307902236,318.2920389158596,0.0,0.0016035012350286
1,0,0,0,0,0,-297.465485,79.82666,-34.50246,-65.440399,-0.134222,-14.3675,-1.76866,0.48,4,14,7.37,7.0,299.9005770417135,530.8829932688548,2751.2382780144435,1.1313651710273431,25.66471291412681,-67.65912422204275,18.488427272478244,7.879360679883659,31.517442719534635,305.6931420016048,0.0,0.0017732075805827
1,0,0,0,0,0,-296.833038,1415.664551,-19.265715,-66.121201,-0.135619,-14.5737,-1.74003,0.8425,4,16,7.67,7.25,275.6940058425119,516.975177340674,3823.19635651134,0.9975861919170947,26.809019055351342,-70.34102363708155,30.24041883231127,7.869081018200835,31.47632407280334,424.79959516792667,0.0,0.000800107394226
1,0,0,0,0,0,-309.702515,210.448746,-34.473709,-76.937302,-0.157803,-17.8494,-1.92343,0.22,4,13,6.97,6.48,284.20791441159986,525.1594686811138,3999.061998087696,1.110296794900368,26.772394918834884,-70.972587533335,20.988851008612933,7.869081018200835,31.47632407280334,444.3402220097439,0.0,0.0009157027569275
1,0,0,0,0,0,-293.677856,185.861252,-29.88566,-75.7565,-0.155381,-17.4918,-1.94247,0.43,4,12,6.97,6.6,305.89406989561576,536.476871849905,2809.4845021527726,1.0406196741924942,25.620311328254367,-68.00255957976573,28.710747840793584,7.899920003249305,31.59968001299722,312.1649446836414,0.0,0.0008046638772462
1,0,0,0,0,0,-300.14389,132.385925,-12.300159,-98.466202,-0.20196,-24.369499,-2.59122,0.615,4,15,7.05,6.72,266.55579767058487,527.9591242939257,2674.4365958455164,1.284025720462522,29.04481406926009,-79.33352831191188,32.72613419352752,7.848521694835191,31.394086779340764,297.15962176061294,0.0,0.0050186864429025
1,0,0,0,0,0,-270.738251,160.778107,-56.572552,-76.244904,-0.156383,-17.6397,-2.06067,0.605,4,15,7.06,6.38,303.4461490120323,516.7276601542186,2062.713194203974,1.0728230625374024,23.697945682465143,-59.86193091437289,18.12071789951726,7.894780172407893,31.579120689631573,229.19035491155267,0.0,0.0032085326697675
1,0,0,0,0,0,-296.488617,28.949968,-80.480904,-49.798199,-0.102139,-9.63018,-1.31048,0.6225,4,12,6.46,6.13,244.86449223617043,491.818763547594,2525.0034872219603,1.10265805890878,27.439363479047064,-70.14500869497874,27.151660099439013,7.894780172407893,31.579120689631573,280.55594302466227,1.0,0.0106165118716198
1,0,0,0,0,0,-268.883789,89.06015,-28.882587,-93.783203,-0.192355,-22.9512,-2.4047,0.51,4,13,7.52,7.09,262.6899100932468,513.9689583235734,4251.950415805288,1.133425461094346,27.91989424781406,-73.93118738214201,29.578541960981504,7.827962371469545,31.31184948587818,472.4389350894765,0.0,0.0018507427115191
1,0,0,0,0,0,-261.394165,3082.550293,-57.416363,-61.897301,-0.126955,-13.2944,-1.58711,0.8125,4,16,6.77,6.52,257.40153246953935,510.865172943076,2092.212353086052,0.9303259640155078,28.162626719281853,-74.48436095103845,25.401363484144728,7.879360679883659,31.517442719534635,232.46803923178356,0.0,0.0028495479787015
1,0,0,0,0,0,-296.228271,27.558619,-59.019855,-49.396999,-0.101316,-9.5087,-1.29992,0.5175,4,14,7.57,6.92,275.34769662904705,512.7271934339326,3276.321184072891,1.1503688354527035,26.375499644987283,-68.45977064159608,31.09350457758076,7.858801356518013,31.43520542607205,364.0356871192101,0.0,0.0035590834829225
1,0,0,0,0,0,-276.11731,1089.648682,-49.057117,-97.5896,-0.200162,-24.104,-2.5023,0.6825,4,15,7.36,6.46,284.4371309604745,511.4468838081351,2680.4461461379906,1.1990061632935896,25.223305871962285,-64.45234301333342,27.13695172452057,7.946178480822007,31.784713923288027,297.82734957088786,0.0,0.0003821378387167
1,0,0,0,0,0,-330.377319,58.451733,-57.159946,-88.6819,-0.181892,-21.4063,-2.2739,0.4425,4,13,7.16,6.55,268.2877638460343,518.7249313710536,3747.615048404932,1.4017110530151038,27.82635194722436,-74.06036618067746,29.946251333942485,7.848521694835191,31.394086779340764,416.4016720449925,0.0,0.0002142580265342
1,0,0,0,0,0,-278.30249,145.010818,-65.207291,-48.8685,-0.100232,-9.34865,-1.28601,0.7175,4,14,6.78,6.63,292.4362118938293,524.4166467186243,1902.8122773844789,0.9775737175745656,25.77560386942167,-67.46373767014833,20.459349511549117,7.884500510725071,31.538002042900285,211.4235863760532,0.0,0.0037471850954608
1,0,0,0,0,0,-291.941925,101.80497,-48.391151,-85.981796,-0.176354,-20.588499,-2.32383,0.7925,4,14,7.76,6.92,310.1018190466782,506.9270218517169,3009.9548908908573,1.5676180978212348,21.86946697833763,-53.25613983381185,25.901448231371667,6.938771635905374,27.75508654362149,334.4394323212064,1.0,0.0071762363227893
1,0,0,0,0,0,-277.332794,124.640747,-48.507618,-75.669601,-0.155203,-17.465401,-1.94025,0.395,4,13,7.22,6.49,277.6601792252127,512.2649761673798,3389.5635050580377,1.3218651459257549,26.067199660240792,-67.36758314785703,21.724269754534895,7.889640341566483,31.55856136626593,376.61816722867087,0.0,0.0017817352030416
1,0,0,0,0,0,-279.700867,42.189178,-48.468117,-55.7579,-0.114363,-11.4351,-1.46731,0.87,4,16,6.92,6.57,275.6814618416105,523.3159093489651,1595.0165369004517,0.7672920430696255,27.51493861192829,-73.40179278626755,30.387502581495667,7.879360679883659,31.517442719534635,177.22405965560574,0.0,0.0002739257333903
1,0,0,0,0,0,-305.414886,50.480938,-54.777706,-82.155197,-0.168506,-19.4296,-2.22041,0.5225,4,14,7.42,6.68,247.7929853503332,478.4181255507816,3129.8883018222978,0.9965322648980082,25.6250155778276,-62.870741150511726,35.03534905572249,7.838242033152369,31.35296813260948,347.7653668691442,0.0,0.0002094090177064
1,0,0,0,0,0,-297.931854,1241.547241,-30.086723,-100.280998,-0.205682,-24.919001,-2.71029,0.7375,4,15,7.67,6.88,233.60904948493013,481.3418716151999,3606.649297830343,1.3392762181404096,27.52586912558553,-69.44240768002322,32.91734306746723,7.951318311663417,31.80527324665367,400.73881087003815,0.0,0.0028797660298422
1,0,0,0,0,0,-312.914764,679.365784,-63.768803,-51.6786,-0.105996,-10.1997,-1.32509,0.48,4,14,7.41,6.81,325.96996887919624,525.5242179126785,2924.4262823132717,1.2320863466475165,22.17269433705359,-55.63078435875872,20.44464113663068,7.96159797334624,31.84639189338496,324.9362535903635,0.0,0.002632203519017
1,0,0,0,0,0,-287.048096,39.672192,-77.784927,-53.7309,-0.110205,-10.8212,-1.41397,0.97,4,18,6.92,6.69,297.4243773994693,527.3178264132773,1832.7041805539136,0.8373436474518453,25.54371655708978,-66.9287731458724,21.85664512880085,7.925619157456361,31.702476629825444,203.63379783932376,0.0,0.0007234954030151
1,0,0,0,0,0,-294.428955,4614.982422,-49.683357,-40.4557,-0.082977,-6.80079,-1.06462,0.9175,4,16,7.0,6.8,301.29647146595585,532.7343697094843,1367.855312968044,0.9817336137016576,25.71532202705872,-67.99781312367314,25.710239357431952,7.884500510725071,31.538002042900285,151.983923663116,0.0,0.0002331545419934
1,0,0,0,0,0,-275.720367,77.579727,-56.285595,-48.325802,-0.099119,-9.18427,-1.34238,0.785,4,14,6.67,6.24,268.72404601154454,505.9927053135507,1869.3432941132269,1.102194624149825,26.36318436688957,-67.80334668077876,27.416410847970923,7.894780172407893,31.579120689631573,207.7048104570252,0.0,0.0002651309650946
1,0,0,0,0,0,-262.934143,181.972321,-59.711308,-63.2957,-0.129823,-13.718,-1.66568,0.7525,4,17,7.65,7.04,287.06150487725563,514.8516524472439,3201.3291688303025,1.072324775597487,25.31001639666536,-65.04044769285036,26.73982560172271,7.935898819139183,31.74359527655673,355.70324098114475,0.0,0.0037467313291254
1,0,0,0,0,0,-303.179657,994.966614,-29.697628,-78.247498,-0.160491,-18.246201,-1.95619,0.6675,4,15,6.92,6.69,304.18992008948555,528.8968577442894,3139.7137967399976,1.38072500063129,24.967437517200423,-65.10716036738158,26.97515960041774,7.874220849042247,31.49688339616899,348.8570885266664,0.0,0.0021178118961669
1,0,0,0,0,0,-296.733643,9563.0,-47.623569,-60.5742,-0.124241,-12.8937,-1.55318,0.6,4,16,7.45,6.9,281.91687134163743,533.2206528540329,3169.9064433557705,1.2093156595458117,27.92264239026616,-75.80095793881506,24.651236363304324,7.884500510725071,31.538002042900285,352.2118270395301,1.0,0.011660471064337
1,0,0,0,0,0,-289.433746,188.772461,-29.911385,-79.182098,-0.162408,-18.5292,-2.08374,0.5475,4,15,7.28,6.79,240.3937224584745,471.35713794976607,4290.748537415836,0.9188764202474452,25.66260172125461,-62.36598234874845,28.563664091609198,1.4751314514850684,5.900525805940274,476.7498374906484,0.0,0.0007496030114309
1,0,0,0,0,0,-274.500153,112.03846,-50.986198,-55.319302,-0.113463,-11.3023,-1.45577,0.4325,4,11,6.7,6.51,242.7058722129772,486.2906666718724,2386.980874139056,1.2535128466633612,27.064977162099463,-68.35466087255742,20.091640138588133,7.889640341566483,31.55856136626593,265.22009712656177,0.0,0.0020955941380928
1,0,0,0,0,0,-283.056396,21.680788,-54.450558,-54.829201,-0.112458,-11.1539,-1.56655,0.925,4,17,6.93,6.64,269.6113020817305,520.3146313343948,2029.6220919054813,0.6827428591926228,27.85592547251825,-74.3179620852696,25.004237361346878,7.925619157456361,31.702476629825444,225.5135657672757,1.0,0.0106170614461601
1,0,0,0,0,0,-295.381927,85.04438,-61.650578,-78.682899,-0.161384,-18.378,-2.12656,0.7175,4,14,7.1,6.3,301.5966619517732,520.2028319338585,3177.8653100496504,1.4754492069805376,24.28957444245392,-62.09602349734353,29.46087496163399,7.946178480822007,31.784713923288027,353.09614556107226,0.0,0.0012399453100198
1,0,0,0,0,0,-299.628693,-11.643795,-1.238876,-58.831299,-0.120667,-12.3659,-1.73033,0.4275,4,11,5.63,5.49,254.2766364713656,514.5097154064658,2494.0183910103424,1.2122786575258808,28.914786548344477,-77.51562297512636,27.3722857232156,7.884500510725071,31.538002042900285,277.1131545567047,0.0,0.0006177853911248
1,0,0,0,0,0,-287.999634,-3.147135,-17.315575,-64.8265,-0.132963,-14.1816,-1.80074,0.5125,4,8,5.42,5.19,235.31586030361711,479.556793104044,4114.024711902639,1.4245954990236926,27.13788142226965,-67.96805781463478,23.754025493279528,7.863941187359425,31.4557647494377,457.113856878071,0.0,0.0004432975421663
1,0,0,0,0,0,-289.51947,148.994125,-58.916233,-69.321404,-0.142183,-15.5429,-1.82425,0.5475,4,14,7.08,6.59,234.39085694066796,455.3013871007295,3004.1935266938654,1.4270784505691947,24.545614462229068,-57.433916727084856,25.82790635677948,7.735445416324138,30.941781665296556,333.79928074376284,0.0,0.0021778593202264
1,0,0,0,0,0,-260.860992,-6.133942,-5.124063,-51.636398,-0.105909,-10.1869,-1.47533,0.3725,4,8,5.47,5.55,276.70392955223235,512.9429751265242,2908.064752378448,1.1844692225241915,26.248782841587985,-68.04688069252857,21.07710125812356,7.869081018200835,31.47632407280334,323.1183058198276,0.0,0.0022467394544527
1,0,0,0,0,0,-295.207977,256.255981,1.346241,-61.0219,-0.12516,-13.0293,-1.60584,0.695,4,10,5.52,5.54,254.55151378332468,494.4236305830424,3227.152485462725,1.380374470968207,26.652457422190857,-67.72047203616893,22.312604751272477,7.915339495773539,31.66135798309416,358.5724983847473,0.0,0.0023061249824849
1,0,0,0,0,0,-264.060303,3014.862061,-42.943459,-68.136299,-0.139752,-15.1839,-1.79306,0.6825,4,15,7.46,6.78,284.8227825993106,518.5655164386708,2504.578907075729,1.2571895385404706,25.971414871040015,-67.6087863159052,27.01928472517306,7.925619157456361,31.702476629825444,278.2865452306366,0.0,0.0002908542752932
1,0,0,0,0,0,-287.388367,61.173115,-32.7826,-84.761803,-0.173852,-20.219101,-2.11905,0.5625,4,14,7.44,6.65,270.66667490263615,519.8972272400447,2834.993979021321,1.1989215006961509,27.692283593045392,-73.70025211472924,28.857831589977977,7.879360679883659,31.517442719534635,314.999331002369,0.0,0.0005851848064045
1,0,0,0,0,0,-309.522797,33.453171,-64.919609,-66.891098,-0.137198,-14.8068,-1.71516,0.5375,4,14,7.01,6.68,268.570902956702,506.30020282922953,3476.2497033624622,1.4031257201073657,26.414366652503062,-68.00519089862271,25.47490535873693,7.817682709786721,31.27073083914689,386.2499670402736,0.0,0.0020312923898705
1,0,0,0,0,0,-303.432922,3968.683838,-57.297302,-93.220398,-0.191201,-22.7808,-2.51947,0.7925,4,16,7.63,6.65,260.98579765191187,484.50482611555,3557.201104484993,1.3015398841552928,24.835447607070908,-60.84593751632399,34.59409780816932,7.925619157456361,31.702476629825444,395.2445671649992,0.0,0.0018607898165704
1,0,0,0,0,0,-305.529999,47.071171,-50.488838,-77.265701,-0.158477,-17.948799,-2.08826,0.815,4,17,7.31,6.63,283.06460551163235,514.5276849231308,2282.2647135171846,1.1245516255821186,25.718119934610936,-66.38720329449524,31.064087827743872,7.848521694835191,31.394086779340764,253.58496816857607,0.0,0.0005462244881705
1,0,0,0,0,0,-320.166077,23.828735,-55.514175,-64.547401,-0.132391,-14.097,-1.61369,0.585,4,15,7.17,6.51,292.1885737634313,524.0869515647123,2562.3381451789974,1.1702017446694883,25.76648642236455,-67.40316257634021,20.988851008612933,7.905059834090717,31.620239336362868,284.7042383532219,1.0,0.0094560287828063
1,0,0,0,0,0,-264.060303,3014.862061,-42.943459,-68.136299,-0.139752,-15.1839,-1.79306,0.6825,4,15,7.46,6.78,284.8227825993106,518.5655164386708,2504.578907075729,1.2571895385404706,25.971414871040015,-67.6087863159052,27.01928472517306,7.925619157456361,31.702476629825444,278.2865452306366,0.0,0.0002908542752932
1,0,0,0,0,0,-294.124512,2136.681885,-34.307133,-89.2677,-0.183094,-21.5837,-2.34915,0.4275,4,15,6.85,6.5,277.6616339940173,509.60143165412137,2814.848301752455,1.447268824706326,25.77108862890045,-66.12714496590075,30.975837578233243,7.499013197619216,29.996052790476863,312.7609224169394,0.0,0.0058062407889727
0,1,0,0,0,0,-173.321869,220.651291,-10.541122,-38.010101,-0.081634,-2.49727,-1.11794,-0.161429,7,19,5.42,5.67,316.6850842202157,530.3944485709092,3484.6279477074186,1.0717524472490172,10.17663639765207,-24.84102805775281,2.329775775879778,2.817343318687358,4.427253786508706,165.93466417654375,0.0,0.0009726711976981
0,1,0,0,0,0,-187.0056,98.332031,-13.787958,-74.501801,-0.160006,-13.8742,-2.25763,-0.21375,8,20,6.04,6.26,328.9790925174857,509.8978180596326,3270.4860467073318,1.3307582142240797,8.615177406768899,-19.523547439990075,2.3490301211349824,4.315171412166713,6.780983647690548,155.73743079558722,0.0,0.002196409590428
0,1,0,0,0,0,-189.875153,60.331059,-10.2706,-69.919197,-0.150164,-12.4454,-1.9422,-0.18,8,21,6.09,6.35,336.5466125238674,530.679600955742,3724.4299187786137,1.195059033965015,9.244428020565456,-21.980499171813307,2.2912670853693684,4.243846264858171,6.668901273348555,177.35380565612445,0.0,0.0023373068412741
0,1,0,0,0,0,-167.966721,112.871597,-16.200985,-58.252102,-0.125107,-8.80806,-1.66435,-0.36125,8,21,6.0,6.58,406.8294865952214,553.1624899020944,3021.093202837126,1.26647310560598,6.9682382527082405,-15.989676954418565,1.963943216030887,1.519225637671917,2.387354573484441,143.8615810874822,0.0,0.0021728383245661
0,1,0,0,0,0,-169.053726,43.296894,-22.880058,-70.412003,-0.151223,-12.5991,-1.95589,-0.205,8,17,5.77,6.11,326.530065439306,529.1584850573736,3141.6999437877475,1.4631308985008027,9.648972362765123,-23.16314221221689,0.9242085722498292,2.0185016688317017,3.1719311938783883,149.60475922798798,0.0,0.0007988980449243
0,1,0,0,0,0,-179.012573,629.796814,-11.714563,-18.6682,-0.040093,3.53288,-0.565702,-0.193333,6,17,5.05,5.02,353.52965410045715,546.6654157241879,3872.99076482892,1.1304027397319034,9.196941029701463,-22.319794799795115,2.060214942306911,9.300799209033707,14.615541614195823,184.42813165852,0.0,0.001233017085865
0,1,0,0,0,0,-173.321869,220.651291,-10.541122,-38.010101,-0.081634,-2.49727,-1.11794,-0.161429,7,19,5.42,5.67,316.6850842202157,530.3944485709092,3484.6279477074186,1.0717524472490172,10.17663639765207,-24.84102805775281,2.329775775879778,2.817343318687358,4.427253786508706,165.93466417654375,0.0,0.0009726711976981
0,1,0,0,0,0,-159.869156,450.57019,-8.020811,-54.703098,-0.117485,-7.70158,-1.47846,-0.2275,8,22,6.08,6.41,342.7396395299513,537.2381303890002,3136.621015211066,1.3315724663178194,9.261832898049946,-22.23225471445345,2.37791163901779,8.252319543598158,12.967930711368536,149.36290548624123,0.0,0.0062846683209591
0,1,0,0,0,0,-172.404739,46.824215,-2.685772,-39.027401,-0.083819,-2.81444,-1.11507,-0.323333,6,16,5.1,5.45,314.2037331526468,532.857968519048,3821.6507914631657,1.270966498786637,10.412106446019104,-25.66885014082244,1.93506169814808,2.767415715571379,4.34879612446931,181.9833710220555,0.0,0.0017518297381931
0,1,0,0,0,0,-186.296402,1367.436646,-8.202281,-28.2927,-0.060764,0.532286,-0.785908,-0.246667,6,16,5.26,5.5,319.9196876820333,505.0020465972778,3319.8449075360472,1.292089291014597,8.813445662630688,-19.951691558413977,2.194995359093344,9.229474061725169,14.503459239853834,158.08785273981178,0.0,0.0021160318363478
0,1,0,0,0,0,-169.582764,1596.300171,-18.184368,-51.975498,-0.111627,-6.8512,-1.44376,-0.42875,8,20,5.8,6.3,354.440564052607,551.3518705868141,3865.427005839959,1.493437130917606,9.376728882581292,-23.016406028655748,2.474183365293813,9.122486340762356,14.335335678340847,184.0679526590457,0.0,0.0015180212905959
0,1,0,0,0,0,-164.848831,340.108459,-17.758852,-54.811199,-0.117717,-7.73528,-1.56603,-0.2525,8,25,6.21,6.75,350.7382020267719,564.1758616316085,2489.6573180657924,1.2805431182417624,10.163698076420795,-25.926705615345515,2.146859495955332,5.734541843606673,9.0114228970962,118.55511038408537,0.0,0.0052956503951785
0,1,0,0,0,0,-165.548523,298.031097,-19.727547,-63.8092,-0.137042,-10.5406,-1.67919,-0.2825,8,22,6.17,6.52,357.3518096264446,552.580041573971,2603.284087925047,1.4014132152051997,9.296582473691732,-22.80580306693566,2.3682844663901874,9.735882607615808,15.29924409768198,123.96590894881176,0.0,0.0063149405550314
0,1,0,0,0,0,-184.021408,7396.379883,-13.799131,-54.9473,-0.11801,-7.77773,-1.56992,-0.15375,8,22,6.41,6.72,343.75963305199286,534.2093695842366,3427.803456058775,1.5353631252744169,9.069035072963985,-21.558900741005363,2.146859495955332,4.550544398284897,7.150855483019124,163.2287360027988,0.5,0.0036085001276862
0,1,0,0,0,0,-184.021408,7396.379883,-13.799131,-54.9473,-0.11801,-7.77773,-1.56992,-0.15375,8,22,6.41,6.72,343.75963305199286,534.2093695842366,3427.803456058775,1.5353631252744169,9.069035072963985,-21.558900741005363,2.146859495955332,4.550544398284897,7.150855483019124,163.2287360027988,0.5,0.0036085001276862
0,1,0,0,0,0,-181.784424,44.815639,-16.582506,-42.514999,-0.091309,-3.90176,-1.21472,-0.286667,6,16,5.13,5.23,344.27331589922966,542.4037395865543,3730.744086676475,1.1139432469355286,9.434782080348793,-22.9196905569579,1.6943823824580202,9.00836610506869,14.156003879393657,177.65448031792738,0.5,0.0022279239513572
0,1,0,0,0,0,-183.08522,606.231323,-10.075076,-42.742599,-0.091798,-3.97272,-1.29523,-0.141667,6,18,5.47,5.49,318.6939586809032,513.9483585219793,3328.997279694091,1.124188417556098,9.297828563860772,-21.631355158692223,2.185368186465742,9.115353826031503,14.324127440906649,158.52367998543292,0.0,0.0011690347261238
0,1,0,0,0,0,-187.231476,985.173828,-21.526892,-68.694099,-0.147533,-12.0635,-1.96269,-0.40875,8,20,5.75,6.2,349.038772721716,543.5382773466571,3704.3106005021496,1.7118905030974298,9.261881172616246,-22.423818904701484,2.435674674783404,3.466402159195078,5.447203393020837,176.39574288105473,0.0,0.0008011309133488
0,1,0,0,0,0,-181.474197,265.759003,-17.284687,-62.268002,-0.133732,-10.0601,-1.77908,-0.27375,8,19,5.81,6.01,336.56262874669613,521.1372713825355,3404.112245675962,1.6276751107888825,8.78926869694473,-20.347542696310363,2.031333424424104,2.510645185260633,3.945299576838137,162.10058312742677,0.0,0.0019998130631416
0,1,0,0,0,0,-186.328979,13.585167,-7.494247,-55.5061,-0.11921,-7.95193,-1.58589,-0.22,8,20,5.91,6.12,289.6288751115616,483.06810057383086,3712.94035073627,1.444240199128488,9.211391688679493,-20.44228936188516,2.089096460189718,5.770204417260944,9.067464084267195,176.8066833683938,0.0,0.001020715782433
0,1,0,0,0,0,-180.038315,350.985596,-13.663312,-42.969501,-0.092285,-4.04346,-1.26381,-0.34375,8,18,5.62,6.12,382.9192241220881,532.7855496461412,2695.032027034153,1.2167828015958064,7.136491691621578,-15.98143709242517,2.2238768769761514,9.293666694302852,14.604333376761623,128.33485843019776,0.0,0.0016892229639183
0,1,0,0,0,0,-168.917618,333.957916,-13.927214,-56.7248,-0.121827,-8.33189,-1.57569,-0.29375,8,22,5.67,5.97,293.6165271820015,481.70740747403306,3209.8887702977418,1.3493765624299927,8.956708585334836,-19.67996197021053,1.0686161616638652,6.412130743037809,10.076205453345128,152.85184620465438,0.0,0.0018649202240593
0,1,0,0,0,0,-176.434509,76.493935,-9.323503,-56.354099,-0.121031,-8.21632,-1.61012,-0.20625,8,23,5.81,6.4,377.0293477785614,573.5779011478977,3972.221135151905,1.1159286812080431,9.359454922349348,-23.645275394853755,1.3285498226091297,4.529146854092335,7.117230770716526,189.153387388186,0.0,0.0050622030250279
0,1,0,0,0,0,-173.764496,41.940205,-10.051643,-53.557098,-0.115024,-7.34431,-1.4877,-0.01375,8,21,6.15,6.39,387.2034472096264,582.6265729459133,3736.0851475584855,0.949295639980416,9.305863130299375,-23.751758952702374,2.079469287562116,2.2966697433350105,3.60905245381216,177.90881655040408,0.0,0.0059640975481534
0,1,0,0,0,0,-176.116241,124.934334,-12.552029,-54.504501,-0.117058,-7.63966,-1.51401,-0.30375,8,17,5.83,6.2,368.2873229554906,542.9186117158927,3157.946117986898,1.2461157644025538,8.31577565525724,-19.5743184939797,2.3682844663901874,9.443449503650788,14.839706362879811,150.37838657080468,0.0,0.0007350838964382
0,1,0,0,0,0,-168.0513,2716.741455,-7.389351,-55.095501,-0.118328,-7.82393,-1.57416,-0.15125,8,20,6.09,6.25,394.9733332263565,584.3106681814753,3279.1622938065166,1.269357198542128,9.016063569291369,-22.881903600017196,2.185368186465742,4.172521117549631,6.556818899006562,156.15058541935792,0.0,0.0064893102585694
0,1,0,0,0,0,-166.717422,67.355919,-23.117632,-51.4403,-0.110477,-6.68435,-1.4289,-0.1425,8,21,5.7,5.95,358.6371782488628,533.435647919356,2381.5609011239503,1.3414147292512677,8.323736650975867,-19.338685608629863,2.2046225317209465,9.001233590337836,14.144795641959458,113.40766195828334,0.0,0.0030881365344421
0,1,0,0,0,0,-175.36467,174.289185,-21.605629,-50.171501,-0.107753,-6.2888,-1.39365,-0.40375,8,23,5.65,6.29,350.5176354279987,526.3489720216035,3744.652856131267,1.189675001713517,8.372920790171657,-19.28667696873088,0.3658325598488907,0.0,0.0,178.31680267291748,0.0,0.0042691426178259
0,1,0,0,0,0,-165.278061,152.312149,-12.650212,-59.5868,-0.127973,-9.22414,-1.70248,-0.325,8,19,5.74,6.11,350.4524404974479,546.2487245107999,2651.149435510837,1.0324326602062506,9.32363257206438,-22.695887814002425,2.079469287562116,6.162492727457916,9.683917143148156,126.24521121480176,0.0,0.001471186323657
0,1,0,0,0,0,-189.112091,2394.474854,-2.059207,-60.9119,-0.13082,-9.63728,-1.79153,-0.315,8,19,5.72,6.04,377.72854413020286,555.4486745653899,3622.551103291655,1.7097048945162254,8.462863354056523,-20.35415532768912,2.1372323233277304,5.798734476184358,9.112297034003992,172.5024334900788,0.0,0.0021031908694567
0,1,0,0,0,0,-183.567459,636.119507,-19.904902,-63.547798,-0.136481,-10.4591,-1.76522,0.0,8,20,5.66,5.91,359.6575574640869,532.7923343063322,3581.6805274454136,1.4432276839776987,8.244513182964063,-19.092229916040274,2.185368186465742,9.058293708184667,14.234461541433053,170.55621559263875,0.5,0.0036868153907938
0,1,0,0,0,0,-169.991577,27846.94531,-13.516579,-50.985901,-0.109502,-6.5427,-1.49959,-0.1275,8,21,5.89,6.15,331.52402666716773,531.9364838381993,3778.8562981550986,1.5041270377462757,9.54345034147769,-22.92742352461924,2.108350805444923,5.934252256070587,9.325253545253778,179.94553800738564,0.0,0.001114350798422
0,1,0,0,0,0,-179.505798,95.326126,-20.380058,-45.070999,-0.096798,-4.69862,-1.28774,-0.26125,8,19,5.85,6.23,363.98256987952834,540.9666944775072,3527.051048233904,1.5923887154537346,8.427815457046613,-19.849130645251886,2.397165984272994,3.6803776011207,5.783450516046814,167.9548118206621,0.0,0.0019623907200721
0,1,0,0,0,0,-169.845383,323.288177,-12.103365,-69.319901,-0.148877,-12.2586,-1.92555,-0.171429,7,19,5.97,6.24,374.9877597021661,561.1321794908455,3201.518738567038,1.0147592545201838,8.864019989937116,-21.72920749427188,1.9061801802652727,2.710355597724547,4.259130224995717,152.45327326509704,0.0,0.0058052385633209
0,1,0,0,0,0,-155.847778,371.461945,-16.179888,-46.743099,-0.100389,-5.21992,-1.33552,-0.11,8,24,5.77,6.43,357.85723264154115,539.9511095096636,3301.493568070189,0.946417402302324,8.671136993720118,-20.53865888188609,0.3658325598488907,0.0,0.0,157.21397943191377,0.0,0.0009191504846952
0,1,0,0,0,0,-184.45929,3881.450684,-6.681077,-55.3717,-0.118921,-7.91003,-1.58205,-0.48875,8,21,5.88,6.25,319.4236742039944,511.465738280477,3162.8638768126234,1.4989688547072963,9.144860194118223,-21.104631154321343,1.838789971872056,1.825923771098642,2.869308783155009,150.61256556250586,0.0,0.0020170221184367
0,1,0,0,0,0,-162.716339,93.199997,-21.369152,-51.554001,-0.110722,-6.71979,-1.51629,-0.3,8,22,5.73,6.44,362.0745951152878,548.5626623674123,3070.1133527147167,0.9051992605573826,8.880384154863068,-21.413164031273016,0.077017381020819,0.0,0.0,146.19587393879604,0.0,0.0041165673955388
0,1,0,0,0,0,-194.199966,1296.704102,-14.801209,-56.2733,-0.120857,-8.19112,-1.6551,-0.26,8,19,5.61,6.03,407.6932969938482,565.173477082787,2982.8154140708457,1.4247068880963054,7.499056194711374,-17.777414168392504,2.2238768769761514,5.748806873068381,9.0338393719646,142.03882924146885,0.0,0.0008063923199129
0,1,0,0,0,0,-193.001083,360.867615,-16.753658,-41.814499,-0.089804,-3.68337,-1.1947,-0.42625,8,20,5.94,6.41,384.6179103101965,553.6251496464857,3781.943927093578,1.566814791834528,8.047963777918532,-19.07810408025441,2.37791163901779,4.472086736245502,7.027564871242932,180.09256795683706,0.0,0.0007500569259581
0,1,0,0,0,0,-175.160217,613.248535,-24.948256,-51.381401,-0.110351,-6.666,-1.38869,-0.2375,8,21,5.64,5.92,361.4800774666554,574.2946169179139,2974.468451790613,1.4505520424072622,10.134025688155166,-26.1666872071185,2.320148603252175,5.834397049838629,9.168338221174988,141.64135484717207,0.5,0.0053843443566802
0,1,0,0,0,0,-169.739288,96.045357,-3.656178,-58.931702,-0.126567,-9.01992,-1.68376,-0.08875,8,23,6.07,6.33,335.9843780583345,526.6457271586468,3705.128452407088,1.4368266181238891,9.079111861919632,-21.363886388354995,2.281639912741766,5.862927108762046,9.213171170911789,176.43468820986135,0.0,0.0059950874024332
0,1,0,0,0,0,-174.944565,29.231417,-12.7492,-55.664101,-0.119549,-8.0012,-1.5904,-0.16625,8,20,5.84,6.13,303.9559928723777,522.1806587079002,2847.9420319012934,1.1376508997231525,10.3916507540725,-25.23979674653405,2.454929020038609,9.001233590337836,14.144795641959458,135.61628723339493,0.0,0.0008422776261287
0,1,0,0,0,0,-169.022675,12361.24902,-12.634304,-60.4062,-0.129733,-9.47963,-1.67795,-0.07375,8,15,5.75,5.82,339.20905133417136,529.1976443460837,2080.535402526068,1.209671023314351,9.047075857710112,-21.34427350664796,2.3490301211349824,8.737330545296235,13.730090856894083,99.0731144060032,0.0,0.0008210769731383
0,1,0,0,0,0,-157.821396,5549.116211,-3.441257,-45.1455,-0.096958,-4.72185,-1.32781,-0.3,8,22,5.81,6.02,337.47949297562644,523.7344442200136,3791.721544509222,1.2207292887668304,8.869283392589868,-20.657234108527152,2.320148603252175,8.651740368525989,13.595592007683695,180.55816878615343,0.0,0.0036950012268443
0,1,0,0,0,0,-173.736923,34.507885,-13.699327,-65.881104,-0.141492,-11.1865,-1.83003,-0.28125,8,21,5.76,5.87,328.5012135020172,517.3885991344774,3042.972173548862,1.426148839794993,8.994637411069537,-20.83962394782042,2.3586572937625845,5.434976224910802,8.54067692485983,144.9034368356601,0.0,0.0008740646019465
0,1,0,0,0,0,-182.988205,91.221893,-14.573976,-54.9986,-0.11812,-7.79371,-1.57139,-0.285,8,18,5.82,6.32,403.7266473798354,582.0874628638643,2405.0507726563173,0.9942459706851612,8.493372165906138,-21.18759257717351,2.387538811645392,5.919987226608878,9.30283707038538,114.52622726934844,0.0,0.0038616749513942
0,1,0,0,0,0,-172.96315,601.271301,-24.393675,-58.348701,-0.125315,-8.83816,-1.71614,-0.50375,8,21,5.77,6.17,350.94439620788665,522.0995869350401,3369.0680900609013,1.5168237386310797,8.150247177483497,-18.535121144348256,2.37791163901779,7.874296262862894,12.373894127355976,160.43181381242388,0.0,0.0007089283832013
0,1,0,0,0,0,-176.221909,31615.37695,-26.744831,-56.1978,-0.120695,-8.16757,-1.56105,-0.12125,8,15,5.53,5.79,358.83918167320456,538.4889169101267,2737.510228848012,0.8633975721559258,8.554749296996292,-20.15335553640273,2.1276051507001275,6.048372491764253,9.504585344200969,130.35762994514343,0.5,0.0070760618581732
0,1,0,0,0,0,-154.714142,37.186249,-3.582773,-50.732899,-0.108958,-6.46381,-1.40925,-0.21,8,17,5.49,5.81,359.18048080843187,552.9268212888708,3073.5138407302197,1.6726745260943183,9.226016213354232,-22.59833968945873,2.416420329528199,9.065426222915525,14.24566977886725,146.35780193953426,0.0,0.0017145557602645
0,1,0,0,0,0,-160.043335,837.749817,-11.025359,-66.360497,-0.142521,-11.336,-1.95178,-0.35,8,19,5.73,6.25,378.6608633725701,550.7730849919099,2795.426470543708,1.502462526305283,8.195820077111415,-19.43540480749165,2.1372323233277304,6.133962668534501,9.639084193411358,133.11554621636705,0.0,0.0007752546744802
0,1,0,0,0,0,-157.745972,10479.77148,-5.188182,-71.645897,-0.153873,-12.9838,-1.93637,-0.287143,7,22,5.98,6.44,298.3031624772575,507.0196963767877,4094.7793252470096,1.2512443770258528,9.938882566644294,-23.33578089093807,0.423595595614505,0.0,0.0,194.98949167842903,0.0,0.0028405520121837
0,1,0,0,0,0,-171.873001,12655.53613,-18.108772,-52.6325,-0.113038,-7.05605,-1.50379,-0.27,8,25,6.13,6.61,405.36279940412896,563.5738705322834,2806.479240597384,1.1587716820256333,7.533860529912117,-17.838452281651957,2.387538811645392,4.835844987519059,7.599184980387093,133.64186859987544,0.0,0.006251663966865
0,1,0,0,0,0,-162.721497,-0.423453,-10.058671,-51.147202,-0.109848,-6.59297,-1.42076,-0.21625,8,22,5.89,6.15,286.9262676714334,495.979358081225,3694.3668741424776,1.188957419767643,9.954909067132936,-23.023862362955867,2.310521430624573,8.951305987221858,14.066337979920062,175.92223210202275,0.0,0.0022261167269631
0,1,0,0,0,0,-155.400604,99.993034,-6.972887,-52.213799,-0.112139,-6.92551,-1.49182,-0.245,8,21,5.96,6.4,307.093549144796,516.6944497342264,3367.22821985578,1.1837390504720295,9.980995266163353,-23.780385523589104,1.886925835010068,4.707459722363686,7.397436706571507,160.3442009455133,0.0,0.0061796139902434
0,1,0,0,0,0,-187.66481,56.774426,-16.387566,-56.690399,-0.121753,-8.32115,-1.61972,-0.32125,8,20,5.89,6.3,342.86202963755306,545.932107035227,2789.256177613618,0.963963961654658,9.67000368560352,-23.75973002066089,2.3490301211349824,5.121145576753222,8.047514477755064,132.82172274350563,0.0,0.0012473831124717
0,1,0,0,0,0,-190.209793,1022.5979,-15.78592,-52.730598,-0.113249,-7.08662,-1.46474,-0.2525,8,21,5.92,6.28,344.5487091895127,518.9460473798098,2667.647732365016,0.9458457189879316,8.30463515191891,-18.88864096766253,2.2912670853693684,4.472086736245502,7.027564871242932,127.03084439833408,0.0,0.00101669493624
0,1,0,0,0,0,-201.902344,82.538681,-20.019487,-60.9865,-0.13098,-9.66053,-1.79372,-0.4525,8,21,5.68,6.24,336.1806481989938,520.9693510428118,3287.245894357436,1.6467707224204624,8.79946204018181,-20.37247261057688,2.397165984272994,6.105432609611084,9.59425124367456,156.5355187789255,0.0,0.000725489169663
0,1,0,0,0,0,-168.291656,924.454285,-14.703953,-66.5877,-0.143009,-11.4068,-1.84966,-0.18375,8,22,5.87,6.21,311.56040766422035,509.7231376418204,3471.9860967046225,1.4854591588895467,9.43632047512381,-21.91279125414956,2.272012740114163,6.376468169383538,10.020164266174133,165.33267127164868,0.0,0.000792759120274
0,1,0,0,0,0,-171.228867,233.841019,-39.088066,-60.980099,-0.130966,-9.65855,-1.69389,-0.26375,8,21,5.87,6.32,288.5915317876501,494.0169688673277,3104.9752843775623,1.134783071541705,9.782163670460838,-22.44495100956736,2.3008942579969704,6.71169636173368,10.546951425581495,147.85596592274106,0.0,0.0037242025460554
0,1,0,0,0,0,-187.801788,23.167715,-21.977152,-57.977901,-0.124518,-8.72256,-1.65651,-0.3975,8,19,5.58,6.21,379.16161578826,569.4912495775063,3631.687926104172,1.7477868214717425,9.063315894726015,-22.590722489802136,2.474183365293813,5.748806873068381,9.0338393719646,172.93752029067485,0.0,0.0008025052766691
0,1,0,0,0,0,-178.601181,3450.483154,-9.141902,-61.678299,-0.132465,-9.8762,-1.76224,-0.48875,8,24,5.97,6.32,335.7836025099947,533.3981847956935,2570.2068335484214,1.3423397062313511,9.410218204080897,-22.566096109922075,2.3394029485073804,4.771652354941373,7.498310843479301,122.39080159754388,0.0,0.0010696469670502
0,1,0,0,0,0,-186.275848,211.506973,-12.420451,-64.409798,-0.138332,-10.7278,-1.84028,-0.4425,8,23,6.07,6.4,327.93009973536994,540.189875467757,3296.133090349776,1.5504396765209278,10.10760836820891,-24.949257713700582,1.472957412023165,3.7731002926218022,5.929157602691404,156.95871858808454,0.0,0.0019656709595928
0,1,0,0,0,0,-177.214294,1423.075439,-16.637102,-49.446701,-0.106196,-6.06281,-1.41276,-0.3225,8,22,5.83,6.28,320.803461697451,521.8100835181282,3596.8592620424,1.1799508583575935,9.571743896222724,-22.696089154142072,2.416420329528199,3.266691746731164,5.133372744863259,171.27901247820952,0.0,0.0015984335932232
0,1,0,0,0,0,-189.418274,198.475708,-19.802471,-52.525501,-0.112808,-7.02268,-1.59168,-0.3875,8,18,5.71,6.25,390.67608875349305,557.0959949761489,3573.518999239672,1.5101062210054754,7.924757439174086,-18.80900561699541,2.262385567486561,3.8515579546611978,6.052448214467597,170.16757139236532,0.0,0.0007114030283602
0,1,0,0,0,0,-175.311188,2972.047607,-21.499741,-53.580101,-0.115073,-7.35148,-1.53086,-0.325,8,20,5.75,6.21,390.47185278263504,551.5776817770793,3619.281000785727,1.1908224588709635,7.671706142592584,-17.935787405403943,2.426047502155801,9.564702254075309,15.030246399261197,172.34671432312985,0.0,0.0007659895536877
0,1,0,0,0,0,-173.047729,117.696991,-37.56797,-54.053398,-0.11609,-7.49902,-1.54438,-0.2525,8,24,6.05,6.34,378.4644828582722,562.2235756616913,2890.249330298162,1.1744097354549332,8.750432990639002,-21.41361837269099,2.493437710549018,8.616077794871716,13.539550820512696,137.63092049038866,0.0,0.0007034442608356
0,1,0,0,0,0,-173.502548,712.780151,-16.998936,-58.438099,-0.125507,-8.86603,-1.77085,-0.24375,8,18,5.56,5.92,432.4453760130024,592.3353479327152,3747.2471437556615,1.895867668026622,7.6138081866529905,-18.78804781367408,2.4453018474110064,9.136751370224063,14.357752153209246,178.440340178841,0.0,0.0011032312947261
0,1,0,0,0,0,-182.743744,36.621933,-15.507112,-65.191803,-0.140011,-10.9716,-1.86262,-0.25125,8,24,6.01,6.35,331.73588063147935,537.4099347008621,3924.9364690301886,1.283374155596642,9.794002574732511,-23.87425867557323,2.1564866685829345,5.163940665138347,8.11476390236026,186.9017366204852,0.0,0.000838702115462
0,1,0,0,0,0,-172.206207,5543.907715,-4.504866,-60.791698,-0.130561,-9.5998,-1.73691,-0.415714,7,19,5.82,6.24,294.5326898377368,499.9177795757077,3268.3409546764324,1.0017670541694677,9.780242368474806,-22.628566653303707,0.250306488317662,0.6775888994311368,1.0647825562489293,155.6352835560206,0.0,0.0013822931771003
0,1,0,0,0,0,-168.792236,3459.81665,-19.635027,-45.725498,-0.098204,-4.90269,-1.27015,-0.48875,8,19,5.63,6.06,378.4702591606333,538.4369749283034,4395.828673706285,1.7737185216037814,7.617462655603338,-17.452137945531067,2.4453018474110064,9.07969125237723,14.26808625373565,209.32517493839453,0.0,0.0007981692645133
0,1,0,0,0,0,-156.971909,173.993668,-12.248795,-29.653299,-0.063686,0.10808,-0.872157,-0.14875,8,22,5.99,6.26,357.3983600158057,557.2244364598345,3851.382319775536,1.129500125413786,9.515527449715655,-23.631402755007795,2.194995359093344,5.919987226608878,9.30283707038538,183.39915808454936,0.0,0.0030294417432777
0,1,0,0,0,0,-170.1604,753.381348,-22.276997,-64.537804,-0.138607,-10.7677,-1.84394,-0.2,8,22,5.96,6.38,396.1755693582917,572.8709198903293,2528.9358452498345,1.4588751641979023,8.41406431104941,-20.689387811503387,2.262385567486561,8.23805451413645,12.945514236500138,120.42551644046831,0.5,0.0061242768802044
0,1,0,0,0,0,-169.791107,76.273491,-11.854228,-63.7934,-0.137008,-10.5356,-1.82267,-0.27875,8,22,5.84,6.41,364.7245014782784,563.4071055513604,2572.643903315935,1.0026877162228522,9.461076384432474,-23.65257475877457,2.069842114934513,6.355070625190977,9.986539553871536,122.50685253885403,0.0,0.0010552775646951
0,1,0,0,0,0,-165.362961,11758.33594,-9.83398,-55.041199,-0.118211,-7.80699,-1.52892,-0.435,8,18,5.92,6.15,330.1441752602456,513.8379603012652,2691.73458332834,1.2305815756082827,8.74732309719141,-20.01570646481794,2.474183365293813,6.569046067116599,10.322786676897511,128.1778373013495,0.0,0.0011988822884286
0,1,0,0,0,0,-180.328613,368.685577,-19.28134,-63.231899,-0.135802,-10.3606,-2.03974,-0.4525,8,22,5.77,6.27,303.56260303360887,494.5362657750513,3250.225852323283,1.553182395656148,9.093983940068693,-20.45030124118656,1.8002812813616462,0.8772993118950507,1.3786132044065085,154.77265963444205,0.0,0.0018604427929759
0,1,0,0,0,0,-182.141876,130.282562,-18.340858,-58.102699,-0.124786,-8.76147,-1.61396,-0.35,8,18,5.68,6.22,323.08756573162134,498.1985565161869,3587.1210617516417,1.4893849949295856,8.338618608788835,-18.41792333170326,1.8099084539892485,2.303802258065865,3.620260691246359,170.8152886548401,0.5,0.0022010711933828
0,1,0,0,0,0,-158.363464,46.314602,-7.169446,-70.408897,-0.151216,-12.5981,-2.01168,-0.07375,8,20,6.07,6.4,380.6457653672501,582.9127577790363,2650.281216947018,1.2728325465000374,9.631761543418392,-24.808847543658835,2.0987236328173204,6.390733198845247,10.042580741042531,126.20386747366751,0.0,0.007267919084456
0,0,1,0,0,0,-296.332581,37.613102,-30.626102,-41.349098,-0.068379,-0.385075,-0.984502,-0.377,10,21,6.18,6.14,171.71471796577777,507.90349669505457,6086.547648937851,1.688692105242756,14.007865780386531,-65.67373321299549,19.426597169302305,6.385422740175645,11.44054907614803,253.6061520390771,0.0,0.005233768879642
0,0,1,0,0,0,-326.55191,439.996826,-30.723867,-61.961201,-0.102466,-6.26856,-1.44096,-0.148,10,21,5.94,6.26,176.14669816957962,525.5371480984046,5240.2010404265775,1.616510228660224,14.55793541370104,-70.74597084389744,14.73528999995649,7.928518587215386,14.2052624687609,218.3417100177741,0.0,0.004477051484456
0,0,1,0,0,0,-287.173248,27.093084,-16.146858,-57.7612,-0.09552,-5.06971,-1.37527,-0.313,10,24,6.17,6.28,193.56645209846715,530.2804859453845,5829.947673809012,1.798917372744481,14.029751410288222,-67.56101024066909,21.066791029261555,5.688726480877851,10.192301611572818,242.91448640870885,0.0,0.0047937828665901
0,0,1,0,0,0,-313.453186,100.80291,-5.067203,-52.249298,-0.086405,-3.49641,-1.33973,-0.459,10,30,6.88,6.99,151.69523072765287,524.2073547009977,5950.077018725459,1.1826246294876923,15.521338498889367,-77.30642335136713,20.414240783901423,6.650282475115303,11.915089434581583,247.91987578022747,0.0,0.0012838250703303
0,0,1,0,0,0,-308.080505,59.914261,-36.926529,-63.516201,-0.105037,-6.71241,-1.51229,-0.16375,8,23,6.1,6.42,243.1706401184482,567.4798190698382,6252.028470578505,1.6443536287585787,13.512882456307915,-66.9329421942161,3.668390568511012,8.032159353061338,14.3909521742349,260.5011862741044,0.0,0.002020178173645
0,0,1,0,0,0,-279.515472,447.167755,2.130539,-63.155399,-0.104441,-6.60941,-1.46873,-0.627,10,26,6.34,6.45,156.11990390159335,481.1924370162861,5997.251515555156,1.7165221758075495,13.544688879778866,-60.656400108636895,15.996299257882152,3.230137202198861,5.787329153939626,249.88547981479812,0.0,0.0038884072510557
0,0,1,0,0,0,-118.676971,320.159271,-6.204198,-68.199501,-0.112782,-8.0492,-1.4826,-0.375,10,23,6.57,6.79,190.00618568495145,498.3709262163978,5701.587171046902,1.364420265364245,12.848530855476932,-57.57242683340203,5.8994069479179485,0.0,0.0,237.56613212695424,0.0,0.0024985541023813
0,0,1,0,0,0,-308.885223,423.005859,-27.953554,-58.650799,-0.096991,-5.32365,-1.33297,-0.185,10,23,6.5,6.73,211.12231442287677,561.4557291192222,6204.338321411628,1.766239541710272,14.597225612347726,-73.9255465609772,18.359589335672897,4.767475228913827,8.54172645180394,258.5140967254845,0.0,0.0048600411102929
0,0,1,0,0,0,-289.975952,1685.436157,-4.358015,-29.9254,-0.049488,2.87566,-0.729888,-0.405,10,18,5.54,5.29,180.8835487998046,533.6785190885068,6428.875918294283,1.5161159401610722,14.699790428695929,-72.37802064507439,8.112786834207045,7.847909102668535,14.060837142281123,267.8698299289285,0.0,0.0066242158561689
0,0,1,0,0,0,-315.158966,4812.060547,-11.815305,-71.859299,-0.118834,-9.09382,-1.63317,-0.208889,9,23,6.48,6.74,191.2772236792846,524.0858945343202,4285.625050978724,1.453969725635418,13.867027952293151,-65.9994909859376,7.054597247136562,0.6679071576739177,1.196666990832436,178.56771045744685,0.0,0.0017874705838494
0,0,1,0,0,0,-351.636566,1417.723511,-0.697432,-67.5672,-0.111736,-7.86871,-1.53562,-0.384,10,27,6.61,6.84,149.14635188804044,526.2519464644538,4900.100427744503,1.200703387446072,15.712733107350555,-78.83901955425873,19.532416128009352,7.859424743318084,14.081469331778235,204.17085115602092,0.0,0.0048900580679506
0,0,1,0,0,0,-303.671265,950.822693,-17.653568,-65.239197,-0.107887,-7.20421,-1.44976,-0.114,10,21,6.2,6.49,266.98095569741326,590.526326454074,5874.525714345705,1.8831606313248015,13.481057114860866,-68.44378481997906,1.8341952842555056,5.504476230485046,9.86218657961904,244.77190476440435,0.0,0.002130814866138
0,0,1,0,0,0,-331.440704,568.468506,-31.548449,-64.554199,-0.106754,-7.00867,-1.46714,-0.106667,9,21,6.17,6.48,194.91805375360912,515.525398702718,5588.521391713517,1.7223823194132315,13.358639372879535,-62.03935352737537,2.7689294195011,2.176456082765008,3.899483814953972,232.8550579880632,0.0,0.0028064676034667
0,0,1,0,0,0,-296.994232,2370.880127,-27.474566,-47.047699,-0.077803,-2.01168,-1.14751,-0.178889,9,22,6.02,6.4,209.15013784501215,514.2446220169799,6345.127932836972,1.838778729424683,12.712270173831987,-57.85176385707513,15.414294984993385,4.341396524880466,7.778335440410834,264.38033053487385,0.0,0.0076855701703941
0,0,1,0,0,0,-280.439941,1038.681885,-11.138457,-68.150101,-0.1127,-8.03509,-1.79342,-0.14,9,21,6.28,6.59,232.1626270413797,568.64385535251,6478.976935165892,1.7868552400482187,14.020051179630428,-70.48358838735129,11.57835773186288,3.35105142901914,6.003967143659292,269.95737229857883,0.0,0.0035173532916977
0,0,1,0,0,0,-304.642395,13120.18164,-19.447741,-61.363098,-0.101477,-6.09783,-1.36362,-0.404,10,24,6.43,6.39,244.30229661035884,525.643219869142,6174.860716408865,2.0608874828603136,11.722538469115962,-52.5431946318567,11.948724087337547,7.450619500259048,13.349026604630794,257.2858631837027,0.0,0.0006972233694012
0,0,1,0,0,0,-139.481735,44944.98047,-8.377347,-57.255299,-0.094683,-4.9253,-1.36322,-0.289,10,21,6.34,6.33,199.7666243841805,498.0450167062157,5141.925950710878,1.570025833522604,12.428266346751466,-54.97051948891339,9.232704147189974,2.8040584981655,5.023938142546521,214.24691461295325,0.0,0.0016869791736591
0,0,1,0,0,0,-321.65155,178.113998,-28.544575,-72.6968,-0.120219,-9.33289,-1.61548,-0.2425,8,22,6.11,6.38,165.3436570515073,511.9507677378165,5694.66651324016,1.6075905218687865,14.441962945262883,-68.86929081666398,13.712373399121688,2.7579959355672985,4.941409384558077,237.27777138500664,0.0,0.0025314939879071
0,0,1,0,0,0,-315.274261,138.512054,-6.821422,-43.301102,-0.071607,-0.942244,-0.941327,-0.321,10,27,6.5,6.64,178.6142124634954,505.9516532029757,4794.923345156524,1.5105040317045413,13.639060030811676,-63.12624338094725,17.548310652252194,6.448758763748173,11.554026118382142,199.7884727148552,0.0,0.0019548565306556
0,0,1,0,0,0,-322.835876,704.933289,-15.794296,-79.644798,-0.131709,-11.3161,-1.76988,-0.133,10,25,6.49,6.76,250.9018157156529,562.9337034283336,5612.718446898274,1.573557143904814,13.00132865469503,-63.18420387917755,20.423059030460347,8.07822191565954,14.473480932223344,233.86326862076143,0.0,0.0007340029847385
0,0,1,0,0,0,-323.094177,722.597473,-14.722434,-60.297001,-0.099714,-5.79352,-1.28292,-0.21,9,26,6.52,6.83,164.13266747882074,540.0128351681392,5359.769886968737,1.4535011502759931,15.661673653721602,-79.6732839308234,21.066791029261555,7.341220914088321,13.153020804408245,223.3237452903641,0.0,0.0018676622060104
0,0,1,0,0,0,-287.203369,39580.34766,-13.86342,-57.024899,-0.094302,-4.85954,-1.39085,-0.371,10,19,6.26,5.9,178.05299790938028,528.9464644264095,6163.0500781319015,1.572897021102725,14.620561104876218,-71.44922380139116,21.128518755174,8.112768837608192,14.535377500714675,256.7937532554959,0.0,0.0043809602762958
0,0,1,0,0,0,-287.203369,39580.34766,-13.86342,-57.024899,-0.094302,-4.85954,-1.39085,-0.371,10,19,6.26,5.9,178.05299790938028,528.9464644264095,6163.0500781319015,1.572897021102725,14.620561104876218,-71.44922380139116,21.128518755174,8.112768837608192,14.535377500714675,256.7937532554959,0.0,0.0043809602762958
0,0,1,0,0,0,-295.186005,21160.44141,-7.287245,-55.7057,-0.092121,-4.483,-1.26604,-0.319,10,19,6.2,6.03,138.6334552881038,512.5731373998165,4956.186394249888,1.1637715868736005,15.580820087988029,-76.71938974117039,6.604866672631605,7.957307688839261,14.256842942503676,206.50776642707865,0.3333333333333333,0.0058006743006204
0,0,1,0,0,0,-299.973083,22022.92773,-9.067382,-49.569302,-0.081973,-2.73144,-1.12658,-0.294,10,19,5.95,5.74,189.18219534194031,551.6985519733055,6225.09445687367,1.1200266835056618,15.104848192973549,-76.69984227037605,2.918839611002753,5.095670987426011,9.129743852471604,259.3789357030696,0.3333333333333333,0.0049428946020926
0,0,1,0,0,0,-314.996918,335.323608,-16.564507,-69.258202,-0.114533,-8.35139,-1.64901,-0.194,10,23,6.52,6.82,240.9334866702617,572.4291795148598,4994.10529849114,1.527264639614492,13.812320535191589,-69.34717781194315,6.578411932954843,5.872976731270656,10.522416643526592,208.0877207704642,0.0,0.0052979021232461
0,0,1,0,0,0,-321.936951,75.512726,-24.141779,-67.230301,-0.111179,-7.77253,-1.52796,-0.18,8,21,5.97,6.23,211.8856973472391,517.8599117788223,5761.647793509153,1.7986122181201991,12.748925601315966,-58.33687639814269,10.502531651674555,7.9170029465658365,14.184630279263793,240.06865806288135,0.0,0.0015768236761136
0,0,1,0,0,0,-299.213745,899.812317,-25.694389,-69.955101,-0.115685,-8.55029,-1.52076,-0.241111,9,21,6.26,6.31,190.40295408783868,505.9002766095015,6093.285162173891,1.8278797222458996,13.14572177173595,-59.97464307199104,12.768821017317174,7.963065509164035,14.267159037252233,253.88688175724545,0.0,0.0012796021815858
0,0,1,0,0,0,-317.892151,686.911926,-26.945721,-59.471199,-0.098348,-5.55781,-1.32158,-0.221,10,23,6.3,6.74,232.791453438328,573.9051135094937,5813.872101670007,2.050463308393341,14.213069169631906,-72.23500062992856,20.98742681023127,4.358669985854792,7.809283724656502,242.2446709029169,0.0,0.004844764285336
0,0,1,0,0,0,-298.04184,137.535568,-32.249371,-55.989201,-0.09259,-4.56392,-1.19126,-0.258,10,20,6.04,5.91,139.1142885806077,499.0181729657642,6347.678303105035,1.465207017768538,14.995995182714855,-71.54163390993008,21.057972782702635,4.473826392350294,8.01560561962761,264.4865959627098,0.0,0.0051403290452613
0,0,1,0,0,0,-309.131317,42.94022,-21.999632,-41.238499,-0.068196,-0.353528,-1.00582,-0.235556,9,25,6.45,6.69,132.61276750042418,478.8394381993722,5933.330676163196,1.6606694353139535,14.426111279122836,-66.11010282027198,18.941593608561668,0.5872976731270656,1.052241664352659,247.22211150679985,0.0,0.0035977717846587
0,0,1,0,0,0,-313.755066,545.616699,-30.215702,-52.3988,-0.086652,-3.53908,-1.16442,-0.151,10,22,6.26,6.68,183.18506040378475,540.8082136650057,5700.748547887781,1.7349903071013724,14.90096471921754,-74.35823954449377,16.684122489477968,5.786609426399029,10.367675222298262,237.53118949532416,0.0,0.0055450341956687
0,0,1,0,0,0,-369.098083,581.851929,-15.572686,-62.7658,-0.103796,-6.49819,-1.45967,-0.252,10,22,6.43,6.64,194.14935396637495,553.3765508475362,4011.0083493518578,1.448875744982715,14.967799870048388,-75.86998921269068,18.006859473316073,7.824877821369434,14.019572763286902,167.12534788966073,0.0,0.0054480190902284
0,0,1,0,0,0,-355.513123,159.937881,-22.436541,-55.166698,-0.09123,-4.32915,-1.19928,-0.461,10,25,6.62,6.64,162.38275096074597,543.1088771864622,5037.291461333625,1.1397644484783866,15.863588592738177,-81.40023493032497,20.431877277019264,7.116665921422089,12.750693109214575,209.8871442222344,0.0,0.0017685877509246
0,0,1,0,0,0,-280.883667,177.966019,-12.918757,-29.4126,-0.04864,3.02203,-0.653614,-0.212,10,21,6.16,6.39,162.02594174817278,495.5907642105838,4083.601894453532,1.134097597520332,13.898534269267126,-64.00808589337773,21.01388154990803,3.1149807957033584,5.5810072589685165,170.1500789355638,0.0,0.0041409683280684
0,0,1,0,0,0,-160.339233,461.019684,-13.803802,-79.526901,-0.131514,-11.2824,-1.69206,-0.245,10,24,6.3,6.51,129.5881146107492,495.9470080348077,6639.475282222878,1.4266164852743048,15.264953892669103,-73.11166289718479,4.506123991608479,0.6679071576739177,1.196666990832436,276.6448034259533,0.0,0.0048217312741662
0,0,1,0,0,0,-319.585663,147.792374,-24.444319,-58.590302,-0.096891,-5.30636,-1.3316,-0.158889,9,22,6.17,6.47,156.74041048607216,527.4335589501561,5296.082456537544,1.814515938559946,15.445547852670163,-77.04966150201143,16.26084665464977,8.337323830274421,14.937705195908338,220.67010235573105,0.0,0.0077953838227141
0,0,1,0,0,0,-321.518341,329.325592,-11.917426,-52.506401,-0.08683,-3.5698,-1.28065,-0.201,10,20,6.31,6.54,236.43294722941027,578.8702556640897,5264.767013598133,1.5208824718177896,14.268221184778309,-73.01368647483578,10.31734847393722,4.537162415922822,8.129082661861721,219.3652922332556,0.0,0.0053846817351016
0,0,1,0,0,0,-255.527451,1904.303345,-11.692602,-45.862099,-0.075842,-1.67326,-1.06656,-0.123,10,23,6.22,6.41,194.45027503226805,501.79248443126886,6180.720552109048,1.873186994924897,12.805925391625031,-57.552155918797325,6.754776864133256,7.001509514926586,12.544371214243467,257.5300230045437,0.0,0.0014815034351324
0,0,1,0,0,0,-134.605225,95.8265,-3.371943,-50.259602,-0.083115,-2.92847,-1.32262,-0.32,9,28,6.47,6.88,166.03845541925483,502.1600114403755,5817.101088855809,1.2910130894813356,14.005064834213362,-65.20859563523902,5.423221633736231,0.149703328444154,0.2682184634624425,242.37921203565872,0.0,0.0015762010359133
0,0,1,0,0,0,-313.036682,96.882782,-15.521786,-44.654701,-0.073846,-1.32861,-0.992326,-0.352,10,23,6.69,6.96,184.86969644559343,514.3579209257466,5725.560120824622,1.397817642068796,13.728676020006382,-64.34602656488316,17.8922222680501,7.680932313250055,13.761670394573017,238.56500503435925,0.0,0.0008128842348678
0,0,1,0,0,0,-252.277222,280.099304,-4.49382,-58.176998,-0.096208,-5.1884,-1.29282,-0.138889,9,27,6.77,7.01,147.90039329177432,497.1859705648044,5389.079601740519,1.524097771381281,14.553565719709589,-68.42449218310098,21.049154536143718,4.099568071239909,7.345059460971503,224.54498340585496,0.0,0.0020968837591694
0,0,1,0,0,0,-325.996674,678.932312,-28.312006,-74.280602,-0.122838,-9.78496,-1.76859,-0.167143,7,23,6.45,6.79,192.7269204588403,505.3066680070062,6146.206618169823,1.7989742650488214,13.024156147840245,-59.16602545275023,7.901148916792948,0.5815398528022905,1.041925569604104,256.09194242374264,0.0,0.0017921193467564
0,0,1,0,0,0,-343.551178,597.778564,-0.689558,-58.900398,-0.097404,-5.39487,-1.3089,-0.302,10,26,6.7,6.89,128.44004071610266,513.427709598638,5453.52434021192,0.9760949202913386,16.041152870105638,-80.04653948847616,18.09504193890528,8.032159353061338,14.3909521742349,227.2301808421633,0.0,0.0022248104066304
0,0,1,0,0,0,-296.832764,219.03804,-17.139238,-60.070499,-0.099339,-5.72887,-1.36524,-0.33,10,25,6.55,6.95,200.3632541270288,546.9868021275764,4667.793390877683,1.0909506885564129,14.442647833356151,-71.68442708029893,17.10739832430616,4.686865744366975,8.397301125324164,194.4913912865701,0.0,0.0072704439874732
0,0,1,0,0,0,-340.003357,940.537231,-26.731298,-79.246498,-0.13105,-11.2024,-1.84294,-0.131,10,26,6.61,7.06,241.15044535390376,552.4650465001566,6220.995627893084,1.4685025944048635,12.971441714427202,-62.23304086228948,16.049208737235677,4.255029220008839,7.6235940191825025,259.20815116221183,0.0,0.0015952094392124
0,0,1,0,0,0,-289.513519,1925.509399,-4.801981,-49.225399,-0.081404,-2.63328,-1.20062,-0.405,10,18,5.52,5.28,180.4709989331641,533.3382044664701,6430.210464365332,1.5159930250838445,14.702800230554416,-72.37094774744033,8.095150341089203,7.847909102668535,14.060837142281123,267.92543601522215,0.0,0.0066264145360939
0,0,1,0,0,0,-363.082123,566.254456,-7.056224,-30.1863,-0.049919,2.80119,-0.670807,-0.293,10,27,6.71,6.94,174.01217204797854,539.984860735903,5385.760665783122,1.127235664064595,15.24886202866352,-76.73174767493114,18.738773937706487,7.646385391301405,13.699773826081683,224.40669440763008,0.0,0.0016564263278455
0,0,1,0,0,0,-347.42395,518.658936,-25.584675,-60.879799,-0.100677,-5.95986,-1.44952,-0.087,10,22,6.19,6.5,189.8271707050689,548.2549681949164,5350.96408293417,1.807403017467164,14.934491562076978,-75.2100035554425,16.137391202824883,5.775093785749479,10.34704303280115,222.9568367889237,0.0,0.0054590846582412
0,0,1,0,0,0,-343.281616,381.212097,-22.266172,-68.153702,-0.112706,-8.0361,-1.58497,-0.137778,9,23,6.44,6.84,192.62900355466712,551.3203809139718,6407.190052324655,1.8205463942642104,14.945474056637694,-75.54165678486945,16.013935750999995,4.007442946043507,7.180001944994616,266.966252180194,0.0,0.0026818720584894
0,0,1,0,0,0,-323.842041,393.19989,-18.043859,-73.486801,-0.121526,-9.55837,-1.74969,-0.295,10,24,6.58,6.88,90.61457170578012,503.7226465092596,4661.549285590838,1.641149623388331,17.21283645014498,-87.65393274231212,17.795221555901975,0.0230312812991006,0.0412643789942219,194.2312202329516,0.3333333333333333,0.0031440283923954
0,0,1,0,0,0,-327.369843,1151.805908,-17.584658,-65.274002,-0.107944,-7.21414,-1.38881,-0.33,10,23,6.72,6.83,164.65513719846763,484.9568909739187,5871.458555634022,1.6894097045499263,13.34590640731046,-59.69160787908893,19.832236511012656,3.138012077002459,5.622271637962739,244.6441064847509,0.0,0.0050323327216547
0,0,1,0,0,0,-296.832764,219.03804,-17.139238,-60.070499,-0.099339,-5.72887,-1.36524,-0.33,10,25,6.55,6.95,200.3632541270288,546.9868021275764,4667.793390877683,1.0909506885564129,14.442647833356151,-71.68442708029893,17.10739832430616,4.686865744366975,8.397301125324164,194.4913912865701,0.0,0.0072704439874732
0,0,1,0,0,0,-305.815948,49.024311,-16.533564,-44.060001,-0.072862,-1.15889,-0.979112,-0.366,10,25,6.78,6.92,158.56930438190477,509.5715644000204,5258.407470887332,1.3061460331182713,14.625094167421484,-69.90634726172844,20.4054225373425,6.6733137564144025,11.956353813575804,219.1003112869722,0.0,0.0030651605896109
0,0,1,0,0,0,-294.534424,1257.131348,-32.504932,-50.2486,-0.083096,-2.92533,-1.16857,-0.205,10,20,6.12,6.39,192.2844114010369,501.4352819050614,5062.49185167826,1.8089983592993293,12.881286271001022,-57.99468834151534,3.4214796648612325,4.69262356469175,8.407617220072718,210.93716048659417,0.0,0.0017459614604869
0,0,1,0,0,0,-285.838776,1174.071167,-27.78389,-66.950996,-0.110717,-7.69281,-1.42449,-0.441111,9,26,6.61,6.96,149.28800698908964,512.4428276763682,5609.356373904481,1.3485128945420206,15.13145086196994,-73.58934968044078,20.176148126810563,7.10515028077254,12.730060919717468,233.7231822460201,0.0,0.0014369908223466
0,0,1,0,0,0,-289.618835,620.985596,-23.061846,-62.493599,-0.103346,-6.42051,-1.42031,-0.169,10,21,6.32,6.51,221.8670824387193,561.0766976863138,5794.0448556147485,1.8270081853771103,14.13373396864977,-70.67525219103686,3.800664266894822,6.18965684913329,11.089801854697145,241.41853565061453,0.0,0.0033685541916551
0,0,1,0,0,0,-340.767365,2190.438232,-25.735813,-62.909901,-0.104035,-6.53934,-1.42977,-0.196667,9,20,6.11,6.41,126.87179846972016,485.607431724972,5239.928834905553,1.7166776765842977,14.947318052302158,-70.09903234504851,21.10206401549724,7.928518587215386,14.2052624687609,218.3303681210647,0.0,0.0046877997035062
0,0,1,0,0,0,-328.039307,169.291702,-1.555429,-65.851196,-0.108899,-7.37888,-1.46336,-0.453,10,24,6.57,6.8,152.118259452794,537.8260851080032,5295.362249312549,1.1357056918745088,16.071159402300385,-82.4384584352647,17.539492405693277,5.458413667886846,9.779657821630598,220.64009372135615,0.0,0.0045362562391435
0,0,1,0,0,0,-338.270996,1609.692627,-20.143187,-64.226196,-0.106211,-6.91506,-1.42725,-0.044444,9,26,6.59,6.74,147.02746219579006,497.49511508132673,5004.632919502976,1.6376934783569972,14.602818870230694,-68.77700959162102,19.88514599036618,6.494821326346374,11.636554876370589,208.5263716459573,0.0,0.0020947432066253
0,0,1,0,0,0,-172.681488,109.248215,-12.021452,-36.296001,-0.060023,1.05726,-0.864191,-0.408,10,23,6.49,6.59,132.60522521984524,453.1431031148725,5056.403559395567,1.4785939158279529,13.3557449122928,-57.393121167010605,11.543084745627198,3.598637702984471,6.447559217847178,210.683481641482,0.0,0.00245345469843
0,0,1,0,0,0,-290.96817,293.232239,-33.335079,-49.535198,-0.081917,-2.72171,-1.1258,-0.259,10,19,6.23,6.41,216.0536414377679,535.2140892629338,5924.604813007862,1.4514309300670742,13.298351992715247,-63.10676638755533,19.27668697780065,7.001509514926586,12.544371214243467,246.8585338753276,0.0,0.001680795859377
0,0,1,0,0,0,-281.110748,620.375427,-26.457973,-69.576797,-0.11506,-8.44232,-1.58129,-0.302,10,27,6.43,6.84,159.1902908090172,505.8955568458904,6251.727522714925,0.9701292151621675,14.446052751536383,-68.41081282733846,21.07560927582048,6.137836466210314,10.996957001960146,260.4886467797885,0.0,0.0025915203926986
0,0,1,0,0,0,-261.928192,562.337952,-4.495872,-76.3657,-0.126287,-10.3801,-1.69702,-0.283,10,26,6.5,6.81,211.37142428372988,537.5430959481586,4909.555869602802,1.4828759191813288,13.590486319351196,-65.19813149723821,12.627729072374445,0.299406656888308,0.5364369269248851,204.56482790011677,0.0,0.0016451529396505
0,0,1,0,0,0,-296.950958,443.980347,-24.062864,-60.8153,-0.100571,-5.94146,-1.4833,-0.087,10,21,6.09,6.4,228.2295868148766,578.7367256852609,5628.016846571885,1.898603009042629,14.604464119599347,-75.37809110157207,12.31909044281222,5.297194698793141,9.490807168671044,234.5007019404952,0.0,0.00707376362118
0,0,1,0,0,0,-300.43042,132.851471,-10.543143,-69.178497,-0.114401,-8.32862,-1.50388,-0.124,10,25,6.26,6.48,170.5881797133536,522.6896557148269,4976.083828096242,1.7401124717281264,14.67089483339472,-71.2837900270927,20.652333440992283,6.299055435304018,11.2858076549197,207.33682617067677,0.0,0.0060370710970479
0,0,1,0,0,0,-338.02829,202.03804,-35.833168,-61.0499,-0.100959,-6.00844,-1.41977,-0.035556,9,19,5.96,5.94,138.00711192929276,518.4847888152404,5015.347825677825,1.4383056448934743,15.853236536914489,-79.15699615357046,17.19558078989537,7.859424743318084,14.081469331778235,208.9728260699094,0.0,0.0039204968864933
0,0,1,0,0,0,-310.049133,394.733612,-18.166014,-27.6807,-0.045776,3.51639,-0.643737,-0.242,10,22,6.62,6.69,121.6201492106423,474.56193118795983,5641.818308947609,1.3655160844794785,14.70590758238823,-67.59142308299283,9.647161735459248,4.813537791512028,8.624255209792382,235.07576287281705,0.0,0.0024439707379423
0,0,1,0,0,0,-301.836823,3104.4104,-20.65661,-59.1814,-0.097869,-5.47507,-1.51747,-0.1,8,21,6.15,6.44,215.79093275801085,537.57962495194,5835.499145290592,1.627778356058732,13.407862174747049,-63.99833596288042,5.934679934153632,3.8462239769498017,6.891151292035062,243.1457977204413,0.0,0.0025102193785941
0,0,1,0,0,0,-329.669098,348.756866,-12.150172,-48.842999,-0.080772,-2.52412,-1.11007,-0.273,10,25,6.61,6.74,175.39812153697886,512.1935159964567,5208.539484343759,1.4449275732022369,14.033141435811574,-66.17389934780054,19.74405404542345,7.214548866943267,12.92606671994002,217.0224785143233,0.0,0.000722116237405
0,0,1,0,0,0,-283.547821,55.490433,-23.484606,-25.190599,-0.041658,4.22715,-0.572514,-0.22,10,21,6.18,6.46,193.16211314558385,515.2798726665361,5193.533465441422,1.6507953773734607,13.421573313373012,-62.42592168998442,6.551957193278081,1.9979636526969784,3.5796848777487527,216.3972277267259,0.0,0.0025216294139169
0,0,1,0,0,0,-342.194336,102.533745,-33.262341,-64.554001,-0.106753,-7.00861,-1.537,0.017,10,19,5.92,5.97,193.5270455138094,541.7054849752458,5385.865774144108,1.470198915665594,14.507434977559848,-71.70571998022338,15.872843806057263,7.882456024617186,14.122733710772458,224.41107392267116,0.0,0.003136344748905
0,0,1,0,0,0,-364.709229,1820.406982,-17.332573,-76.361397,-0.126279,-10.3789,-1.69692,-0.134,10,18,6.17,6.43,192.94403179733703,546.1443980693147,5016.490062164989,1.7314101145417635,14.716681927999067,-73.51330039605011,18.897502375767065,3.880770898898453,6.953047860526396,209.02041925687453,0.0,0.0016948676044615
0,1,0,0,0,0,-400.030609,52.404671,-154.8311,-91.231003,-0.213903,-22.2806,-2.53419,-0.115,8,15,5.91,5.75,248.52025544590347,467.4919711196628,2894.072994166985,1.023415701023091,21.89717156737593,-64.24618203071269,36.85422530931411,12.72731367114886,38.181941013446576,289.4072994166985,0.0,0.0006652415103165
0,1,0,0,0,0,-391.147736,-19.900402,-92.56382,-91.455902,-0.214431,-22.996599,-2.68988,-0.275,8,14,5.59,5.4,258.1081634321523,465.01338234291165,2552.405656892452,0.8587432386457737,20.69052189107594,-59.41961639855708,35.52982768284808,12.664578914913992,37.99373674474198,255.2405656892452,0.0,0.0006709362667406
0,1,0,0,0,0,-392.389221,-1.435848,-148.927048,-90.093498,-0.211236,-22.558201,-2.5741,-0.09375,8,16,5.79,5.61,255.9544082069726,464.15664691910166,2506.0820172302947,0.9865614251111708,20.820223871212907,-59.8312777903018,36.363707669882245,12.68026260397271,38.04078781191813,250.60820172302948,0.0,0.0006802159589967
0,1,0,0,0,0,-387.141235,121.755409,-154.439316,-63.808701,-0.149608,-13.4553,-1.82311,-0.07375,8,15,5.84,5.78,227.96714263853815,437.3122293362197,2793.063336602271,1.2042234476877207,20.93450866976815,-57.86003635153092,28.13936191540798,12.782206582854368,38.3466197485631,279.3063336602271,0.0,0.0009709250071109
0,1,0,0,0,0,-450.282013,142.481628,-157.046112,-58.611198,-0.137422,-11.7826,-1.62809,-0.0075,8,14,5.34,5.22,230.5417100207088,443.325896475528,2892.011067954704,1.069922690007928,21.278418645481917,-59.67024148575988,37.099484129030046,10.217923421754136,30.65377026526241,289.2011067954703,0.0,0.0006284508468562
0,1,0,0,0,0,-342.553558,87.291328,-124.496994,-63.636101,-0.149203,-13.3997,-2.1212,-0.16,8,13,5.87,5.63,290.32284186679345,457.8520506009574,2480.232382652842,1.2009109819540924,16.752920873416393,-44.77928287581365,36.13479943814738,12.648895225855275,37.94668567756583,248.0232382652842,0.0,0.0006506560252572
0,1,0,0,0,0,-466.606293,-7.284071,-157.706985,-82.295898,-0.192954,-19.405001,-2.35131,-0.08125,8,14,5.71,5.6,196.0256991856119,400.5715244914063,2358.4501937779896,0.931974338059142,20.45458253057944,-52.9019839655601,26.324446649510083,12.021547663506595,36.064642990519786,235.84501937779896,0.0,0.000674078900476
0,1,0,0,0,0,-379.117493,133.729538,-102.277298,-62.449299,-0.146421,-13.0178,-1.7347,-0.31375,8,17,6.19,6.07,226.85842936001845,423.8010947902845,2529.139972066707,0.8966085138583245,19.694266543026608,-52.25091599482408,36.69071942950349,12.6253696922672,37.8761090768016,252.91399720667067,0.0,0.0010946722867582
0,1,0,0,0,0,-420.109131,94.966606,-133.973328,-82.472198,-0.193367,-19.4618,-2.29089,-0.027143,7,16,5.79,5.83,237.09090587560533,436.01444183580014,3369.1201342877634,1.6511317306665838,19.892353596019483,-53.98327261789937,25.89933136200246,12.742997360207577,38.22899208062272,336.91201342877633,0.0,0.0007196701155172
0,1,0,0,0,0,-462.432526,177.786407,-143.537476,-66.958397,-0.156993,-14.4689,-1.96936,-0.26625,8,18,6.1,5.98,220.29223301492348,426.3920975201255,2688.9261849287795,0.9614693117143176,20.609986450520204,-55.715297164419816,37.18123706893536,11.896078151036855,35.688234453110574,268.89261849287794,0.0,0.0026593783192661
0,1,0,0,0,0,-435.207611,21.99246,-177.665787,-74.099899,-0.173737,-16.7673,-2.05833,-0.17,8,16,5.84,5.78,221.7041055597362,426.344875301913,2177.8430697493213,1.0095589876182125,20.464076974217683,-55.18910791431184,20.013119688820087,12.742997360207577,38.22899208062272,217.7843069749321,0.0,0.0012496204995392
0,1,0,0,0,0,-481.221222,105.736549,-157.218658,-71.912201,-0.168608,-16.0632,-2.11506,0.02875,8,15,5.6,5.65,200.30245324723575,404.79954773120943,2686.411599365513,1.3201573470500043,20.449709448397364,-53.25466547109206,36.23290296603375,11.323623500393689,33.97087050118106,268.64115993655133,0.0,0.0020729074641394
0,1,0,0,0,0,-398.213531,55.664787,-155.359344,-89.033997,-0.208752,-21.5735,-2.40632,-0.1025,8,15,5.91,5.75,249.0800700493017,467.482212025113,2850.307337363535,1.0256693737641078,21.84021419758113,-64.02499065633887,25.26165843074104,12.758681049266292,38.27604314779888,285.0307337363535,0.0,0.0006680724883963
0,1,0,0,0,0,-398.213531,55.664787,-155.359344,-89.033997,-0.208752,-21.5735,-2.40632,-0.1025,8,15,5.91,5.75,249.0800700493017,467.482212025113,2850.307337363535,1.0256693737641078,21.84021419758113,-64.02499065633887,25.26165843074104,12.758681049266292,38.27604314779888,285.0307337363535,0.0,0.0006680724883963
0,1,0,0,0,0,-445.411499,800.04248,-154.491699,-76.364899,-0.179048,-17.496201,-2.18185,-0.225,8,18,5.9,5.83,201.38076534839607,417.0158937931863,2047.8059680199483,0.8343582055218369,21.563512844479018,-58.3076395298724,28.53177602695347,11.92744552915429,35.78233658746287,204.78059680199485,0.0,0.000688260025813
0,1,0,0,0,0,-327.426483,39.757896,-75.845497,-73.630096,-0.177175,-13.5501,-2.23122,-0.145,6,15,5.45,5.69,358.39609690256896,546.3472741582823,2698.4820040750947,1.049319945654266,8.950056059795873,-21.428280101334924,2.4988202487118336,6.743490056104213,9.312438648905818,128.49914305119498,0.0,0.0064162720783737
0,1,0,0,0,0,-333.171631,326.679474,-64.895874,-55.266102,-0.132986,-7.57281,-1.78278,0.166667,6,19,6.17,6.18,372.0918309903512,538.5507408970108,3025.9951121554086,1.2324869758064148,7.926614757459977,-18.22098121134581,2.5731346055508477,7.915919382405305,10.931507718559708,144.09500534073374,0.0,0.0068210866374647
0,1,0,0,0,0,-308.351593,248.16687,-81.124451,-60.821301,-0.146354,-9.38097,-1.84307,-0.323333,6,16,5.67,5.96,330.45659386695206,518.9020945811822,1742.0253082181407,1.0949952205031814,8.973595272106197,-20.69609009235838,2.461663070292327,8.675977014628083,11.981111115438782,82.95358610562575,0.0,0.0020412515567241
0,1,0,0,0,0,-317.690338,1563.548462,-66.90876,-50.561298,-0.121665,-6.04147,-1.53216,-0.418333,6,19,6.01,6.09,319.4960166265636,509.1400010148372,1565.3383406871671,1.1309358716257003,9.030665923251126,-20.57556011537701,2.554556016341093,7.358004737475821,10.161054161276134,74.5399209851032,0.0,0.0014090493586501
0,1,0,0,0,0,-414.962646,412.824982,-115.18985,-51.582001,-0.124121,-6.37369,-1.56309,-0.155,6,18,5.98,5.94,326.1081495459288,477.37046093964426,2815.65764631001,1.029129261985208,7.2029672092245445,-14.76377448174352,1.8299910371607109,8.975148635822153,12.394252878040117,134.0789355385719,0.0,0.0019894655953547
0,1,0,0,0,0,-312.323456,437.027496,-64.260895,-45.620899,-0.109777,-4.43342,-1.38245,-0.393333,6,17,6.09,6.08,303.82948845834085,468.4518530440554,2781.2034285088907,1.22642538974204,7.839160218367358,-16.18128899740548,2.285166472799669,8.166576686648988,11.277653519658124,132.43825850042336,0.5,0.0074983745645291
0,1,0,0,0,0,-396.86084,174.071411,-108.40239,-48.206299,-0.115998,-5.27494,-1.50645,-0.008333,6,18,5.89,5.71,300.0180807190514,467.6359976561056,2766.773780689666,0.9717557714244944,7.981805568431151,-16.532458498477713,2.36877012424356,9.314748854474884,12.863224608560554,131.75113241379364,0.0,0.0026800572651575
0,1,0,0,0,0,-324.56546,330.166199,-70.989311,-63.026901,-0.151661,-10.0989,-1.90991,-0.021667,6,22,6.15,6.16,302.30913583424405,514.3303643892469,1986.9766072606035,1.153137546287023,10.096248978809662,-23.910898286279576,2.526688132526464,10.883378435870828,15.02942736382162,94.61793367907636,0.0,0.0027447159165377
0,1,0,0,0,0,-295.89917,89.056023,-36.936104,-71.349998,-0.171689,-12.8079,-2.16212,0.051667,6,20,6.26,6.18,350.26441617713067,545.3236754251408,1939.3610823366123,1.1489442315364031,9.288536154667147,-22.422943501310897,2.4988202487118336,10.188006559581904,14.069151915613109,92.35052773031488,0.0,0.0038020590135378
0,1,0,0,0,0,-429.298706,419.688965,-107.312729,-58.4459,-0.140638,-8.6078,-1.719,-0.06,6,17,6.1,5.94,244.5790996841997,429.5392457287991,1950.9025744513688,1.2471908137239764,8.80762600212378,-17.646934309757974,1.356237012311999,3.5496308568702037,4.901871183296947,92.90012259292234,0.0,0.0010262764429051
0,1,0,0,0,0,-309.260986,57.431339,-60.152229,-63.441799,-0.152659,-10.2339,-1.98256,-0.295,6,20,6.27,6.25,330.8485923587396,531.1701859681651,1553.5091177652794,1.130272385563806,9.53912350521074,-22.75133412034081,2.554556016341093,6.290689764567239,8.687143008211901,73.97662465548949,0.0,0.0017005277690188
0,1,0,0,0,0,-306.288177,529.361145,-34.071995,-45.4212,-0.109296,-4.36841,-1.41941,-0.348333,6,18,5.98,5.83,341.05376602512086,537.973454810337,1712.9973628688958,1.1045450318359713,9.377128037391245,-22.468960888883668,2.4337951864776968,9.63009191465242,13.298698358329531,81.57130299375694,0.0,0.0027870748206461
0,1,0,0,0,0,-316.101593,263.31955,-63.446877,-62.418098,-0.150196,-9.90072,-2.0806,-0.021667,6,22,6.26,6.21,398.5516011132696,568.6445190692675,1982.8872584773733,0.9927446111725554,8.099662759809426,-19.509493383794727,2.6010024893654773,8.643634136661156,11.9364471411035,94.42320278463684,0.0,0.0071721372759712
0,1,0,0,0,0,-348.685211,152.81311,-63.515339,-66.558701,-0.160159,-11.2484,-2.07996,0.061667,6,19,6.06,6.09,316.6139849145519,496.1711722242295,2418.2557088243584,1.3318703633831388,8.550342252841787,-18.838425061933854,2.4988202487118336,11.12595002062278,15.36440717133622,115.15503375354088,0.0,0.0023668635715918
0,1,0,0,0,0,-339.478485,126.081734,-98.067528,-36.440102,-0.087685,-1.44521,-1.07177,0.101667,6,17,6.03,5.8,274.6747119270973,457.3403495627953,1621.534904737072,1.138564963168833,8.698363696938001,-18.151417497296684,0.5759362655023557,7.269061823066771,10.038228231854111,77.21594784462248,0.0,0.0020793369669456
0,1,0,0,0,0,-367.371979,16.515783,-94.07563,-67.843697,-0.163252,-11.6667,-1.93839,-0.243333,6,17,5.84,5.92,288.76378054391864,469.7075314035079,2797.3725999486937,0.8495545145861608,8.616369088551869,-18.279382926380496,1.7463873857168204,7.422690493409672,10.25038210994669,133.2082190451759,0.0,0.0068365090227486
0,1,0,0,0,0,-292.468048,208.015045,-44.747223,-69.145203,-0.166383,-12.0903,-2.16079,-0.193333,6,20,6.39,6.36,348.7120463482796,545.1333607903671,1791.4665098788646,1.149215081460643,9.353395925813691,-22.61525256831166,2.4337951864776968,5.765117997604682,7.961353425263607,85.3079290418507,0.0,0.0017427826847288
0,1,0,0,0,0,-301.987701,301.958618,-64.654655,-55.953098,-0.134639,-7.79642,-1.74853,-0.078333,6,21,6.4,6.22,312.3674707716975,495.74983499353664,2183.15644589758,0.980925770228985,8.732493534373292,-19.3366635773558,2.526688132526464,8.336376795975353,11.512139384918344,103.95983075702762,0.0,0.0019847805550077
0,1,0,0,0,0,-315.079468,667.608398,-69.372643,-65.073601,-0.156586,-10.765,-1.97193,-0.02,6,19,6.16,6.24,369.9094538403649,537.5808048928425,1614.3560561785343,1.0522936368082607,7.98435005011798,-18.36001105087096,2.443084481082573,7.075004555265212,9.770244385842435,76.87409791326354,0.0,0.0043962489277561
0,1,0,0,0,0,-429.298706,419.688965,-107.312729,-58.4459,-0.140638,-8.6078,-1.719,-0.06,6,17,6.1,5.94,244.5790996841997,429.5392457287991,1950.9025744513688,1.2471908137239764,8.80762600212378,-17.646934309757974,1.356237012311999,3.5496308568702037,4.901871183296947,92.90012259292234,0.0,0.0010262764429051
0,1,0,0,0,0,-311.953247,3119.170654,-59.682007,-58.838699,-0.141583,-8.73564,-1.73055,0.033333,6,17,6.12,6.06,302.68154829033006,493.9193041755225,1565.3957375885557,1.042778700055255,9.10655980405678,-20.34386325334358,2.42450589187282,6.986061640856163,9.647418456420416,74.54265417088361,0.0,0.0013596404718071
0,1,0,0,0,0,-303.286011,1520.696777,-45.303204,-52.190498,-0.125585,-6.57176,-1.58153,-0.021667,6,20,6.12,6.17,337.8119042060039,539.0992659241797,1587.3603986764556,1.0787441392539094,9.585112462770278,-23.13900744562461,2.470952364897203,7.527804846802185,10.395540026536352,75.58859041316455,0.0,0.0064538987358945
0,1,0,0,0,0,-335.005676,667.173401,-77.506645,-49.431599,-0.118947,-5.67376,-1.54474,-0.023333,6,18,6.18,6.04,285.770179765668,466.7556879963427,1848.1997329619016,1.1273019827447293,8.618357534794036,-18.20182659790284,2.229430705170409,6.670718580678628,9.21194470665144,88.00951109342388,0.0,0.0010178788055313
0,1,0,0,0,0,-304.882324,474.539856,-38.346809,-54.410099,-0.130926,-7.29419,-1.70031,-0.166667,6,19,5.86,5.71,351.95206696794594,544.8018465608966,1670.9507815167726,1.0609706166862325,9.183322837759556,-22.08717148349689,2.517398837921587,9.921177816354758,13.700674127347048,79.56908483413203,0.0,0.0034381477638933
0,1,0,0,0,0,-351.471466,1657.745361,-62.844257,-40.1478,-0.096607,-2.65202,-1.18082,0.135,6,17,5.9,6.08,333.73009629301833,504.2489984802977,2430.105698984547,1.1531180832013197,8.11994772320378,-17.86473566689056,2.0808019914923817,8.789177087512325,12.13743502561226,115.71931899926416,0.5,0.0022529941158671
0,1,0,0,0,0,-310.699677,146.317947,-59.763954,-60.158401,-0.144758,-9.16521,-1.82298,-0.088333,6,19,6.0,5.81,327.0571573316185,484.7355537262433,1876.4785744859337,1.3067754142878505,7.508495066410703,-15.727395551732757,2.5359774271313404,6.986061640856163,9.647418456420416,89.35612259456828,0.0,0.0008380281281037
0,1,0,0,0,0,-360.616119,3143.631348,-104.348625,-64.636398,-0.155534,-10.6227,-1.84676,-0.196667,6,17,5.57,5.64,271.2762176237389,463.1849655856816,2083.357805638901,0.8580874503152804,9.138511807711556,-19.51946256420135,1.8392803317655877,7.131604591707333,9.848406340929174,99.20751455423338,0.0,0.0010460339975566
0,1,0,0,0,0,-315.183044,133.42337,-45.755573,-69.661903,-0.167627,-12.2585,-2.11097,-0.291667,6,17,6.04,5.88,360.536685708021,534.0237255488696,1624.2871430511186,1.3234502336832736,8.26128761146898,-19.05766731393206,1.7092302072973138,6.670718580678628,9.21194470665144,77.34700681195802,0.0,0.0012431386617204
0,1,0,0,0,0,-272.787628,216.702148,-61.441311,-69.205704,-0.166529,-12.11,-2.23244,-0.033333,6,18,6.03,6.16,335.1843092963794,516.3057575351767,1687.217546332544,1.008507960001675,8.624830868514154,-19.61274667197793,1.9135946886046007,10.713578326544464,14.794941498561403,80.3436926825021,0.0,0.0072640231312622
0,1,0,0,0,0,-417.922058,239.97876,-116.046844,-53.7174,-0.12926,-7.06875,-1.67867,-0.035,6,16,5.62,5.61,307.5979512651906,463.5843018349583,2497.9106718947755,1.177833505871578,7.427921455703223,-15.005383093171966,1.9786197508387384,6.808175812038066,9.401766597576378,118.94812723308456,0.0,0.0047384842338836
0,1,0,0,0,0,-305.764954,287.065521,-58.480541,-68.147102,-0.163982,-11.7654,-2.06506,-0.276667,6,17,5.95,5.82,333.0663419246014,527.5614104633902,1691.4819336414712,0.9321313653467516,9.261669930418517,-21.804664837476004,2.6010024893654773,10.479092461284244,14.471127684630622,80.54675874483196,0.0,0.002111807595036
0,1,0,0,0,0,-349.284668,47.478745,-103.748962,-55.483299,-0.133509,-7.64353,-1.68131,-0.113333,6,17,5.65,5.68,318.1037308549154,485.1834642093502,2311.4312935152784,1.005907221305898,7.956177778782608,-16.920621106454476,2.210852115960656,9.743291987536663,13.455022268503011,110.06815683406089,0.0,0.0008412121858545
0,1,0,0,0,0,-322.209839,1832.092041,-52.755749,-69.155098,-0.166407,-12.0935,-2.09561,-0.26,6,16,6.09,6.05,384.0869516532174,558.7740675966862,1686.7718663434352,1.1745508559876912,8.318434092546134,-19.89333800337607,2.517398837921587,8.118062369698597,11.210657558155203,80.32246982587787,0.0,0.0005750541220885
0,1,0,0,0,0,-302.698303,3334.010986,-42.647144,-81.278603,-0.19558,-16.0396,-2.46299,-0.033333,6,19,6.4,6.22,348.9020827136569,525.1103044768323,2243.4787106513977,1.2853196664890274,8.39086770300835,-19.1871792124622,2.5359774271313404,6.581775666269579,9.08911877722942,106.83231955482846,0.0,0.0020046038643697
0,1,0,0,0,0,-312.341339,6890.870117,-70.466217,-34.997002,-0.084213,-0.975478,-0.999914,-0.19,6,18,5.75,5.82,332.4268550074178,522.5444492374814,1289.8199347288637,1.0448010784354602,9.053218772860172,-21.036602020898,2.443084481082573,6.614118544236506,9.1337827515647,61.41999689185065,0.0,0.0010102366433931
0,1,0,0,0,0,-303.50589,1189.820801,-58.931377,-60.351501,-0.145223,-9.22805,-1.77504,0.035,6,18,5.94,5.82,364.35768095878745,489.5235818349151,2726.7331134214764,1.169559039776185,5.960280994101318,-11.945696153454335,1.2726333608681086,10.689321168069268,14.761443517809942,129.84443397245127,0.0,0.0010117041457343
0,1,0,0,0,0,-300.996216,61.644356,-62.828228,-58.786701,-0.141458,-8.71874,-1.89635,0.195,6,20,6.18,6.11,334.0706434617413,497.3068407610306,2195.261913473721,0.9382242683432878,7.77315225234711,-16.741225282371538,0.947508049697424,10.810606960445243,14.92893342156724,104.53628159398674,0.0,0.002474533518703
0,1,0,0,0,0,-295.755371,918.924744,-53.755856,-67.990997,-0.163606,-11.7146,-2.19326,0.19,6,20,6.37,6.27,326.87020872409096,497.33508559639046,2144.271015604254,1.3490355781609913,8.117375089157118,-17.674655248501363,2.0343555184679984,10.568035375693295,14.593953614052644,102.10814360020257,0.0,0.0019957750386673
0,1,0,0,0,0,-311.062744,688.662781,-53.120506,-62.9608,-0.151502,-10.0774,-1.96753,-0.073333,6,19,5.76,5.67,335.6438203193076,524.8416712646381,1354.8897265459073,1.185224587148291,9.00942147358717,-20.97529617115636,2.517398837921587,9.743291987536663,13.455022268503011,64.51855840694796,0.0,0.0020826128754562
0,1,0,0,0,0,-311.642395,998.685425,-66.22261,-65.202499,-0.156896,-10.807,-1.91772,-0.248333,6,18,5.81,5.84,342.01020252207746,521.2915732376731,1431.8516939883048,0.9819911979207392,8.537208129314077,-19.50105813151377,2.4802416595020804,7.511633407818722,10.373208039368713,68.18341399944309,0.0,0.0008527348873594
0,1,0,0,0,0,-297.519287,597.149658,-51.677746,-61.105598,-0.147038,-9.47351,-1.97115,0.068333,6,18,6.09,6.05,360.30463730097966,495.0700169588338,2926.76876277635,1.1973972790791538,6.417399031326386,-13.178775364512209,2.0436448130728757,11.028921386722,15.23041524833038,139.36994108458808,0.0,0.0008055705806409
0,1,0,0,0,0,-301.268463,323.080078,-51.842415,-66.354599,-0.159668,-11.182,-2.07358,-0.153333,6,19,6.14,6.07,341.14911606618864,550.3107448148464,2266.080949825433,0.9268740065890332,9.960077559459895,-24.66400772390097,2.6567382569947378,7.083090274756943,9.781410379426251,107.90861665835396,0.0,0.0014707709835803
0,1,0,0,0,0,-325.750671,464.749146,-58.215553,-47.317001,-0.113858,-4.9855,-1.47866,0.016667,6,16,5.45,5.45,344.5089380522802,526.65012735493,1780.03422933173,1.005855981149158,8.673389966792845,-20.04454527585558,2.6102917839703537,6.662632861186896,9.20077871306762,84.76353473008237,0.0,0.0017500277664866
0,1,0,0,0,0,-328.437042,3174.148926,-41.463017,-59.710701,-0.143681,-9.01947,-1.86596,-0.05,6,17,5.39,5.42,342.1644153900053,524.9044293714035,1739.851380111997,0.9958931197737204,8.70190542768563,-20.07790553728596,2.5359774271313404,6.735404336612482,9.301272655321998,82.85006571961891,0.0,0.0018027968472988
0,1,0,0,0,0,-366.421936,129.951752,-97.224556,-34.4977,-0.083011,-0.812976,-1.04539,0.048333,6,16,5.77,5.75,266.96696159830657,450.9382114633566,2254.5785440905997,0.9189469015012688,8.760535707859525,-18.135578344702925,2.2480092943801626,8.08571949173167,11.165993583819926,107.3608830519333,0.0,0.0020076982780245
0,1,0,0,0,0,-343.750732,14.383363,-105.672874,-71.261101,-0.171475,-12.779,-2.03603,-0.181667,6,15,5.63,5.89,320.84697865540784,505.5324054509649,2257.35530979151,1.3997178671497286,8.794544133121766,-19.791944059716823,0.4830433194535886,7.002233079839626,9.669750443588056,107.49310999007191,0.0,0.0011093947496086
0,1,0,0,0,0,-397.250092,164.885788,-103.248177,-49.713902,-0.119626,-5.76564,-1.55356,0.023333,6,17,5.81,5.72,280.8206605202664,452.9367609495029,2456.384249628033,1.232591129753962,8.196004782344597,-16.703516004576084,1.3283691284973689,8.263605320549766,11.411645442663962,116.97067855371586,0.0,0.0018316353495176
0,1,0,0,0,0,-305.052277,524.664917,-56.755829,-58.420502,-0.140577,-8.59954,-1.82564,0.01,6,21,5.9,6.13,355.8991091598285,536.440686995554,1459.6253546171156,1.039820666968237,8.597217992177402,-20.09811370048296,2.359480829638683,9.96160641381342,13.75650409526615,69.50596926748169,0.0,0.0010231017065393
0,1,0,0,0,0,-332.054474,96.120178,-96.526756,-73.736801,-0.177432,-13.5848,-2.30427,-0.466667,6,16,5.65,5.74,362.9227356529053,527.9595913538664,1858.682098728761,0.9201845936899632,7.858897890521953,-17.757490903184802,2.36877012424356,7.3256618595088945,10.116390186940851,88.50867136803625,0.0,0.0028878126931813
0,1,0,0,0,0,-285.745087,1254.258789,-27.249763,-45.566601,-0.109646,-4.41575,-1.42396,-0.381667,6,18,5.97,5.97,326.242258187442,512.2812003547928,1604.341131647272,0.8777418561965075,8.858997246064323,-20.17103033693377,2.6288703731801077,10.107149364664588,13.957491979774908,76.39719674510819,0.0,0.0015492308348879
0,1,0,0,0,0,-394.113525,495.009003,-108.80526,-61.259201,-0.147407,-9.52349,-1.91435,0.115,6,16,5.97,5.92,308.8720509603452,464.1976007012682,2514.261868239953,1.2201788612946092,7.396454749567761,-14.940670611284265,1.8021231533460809,6.646461422203433,9.17844672589998,119.72675563047396,0.0,0.0008963301439597
0,1,0,0,0,0,-382.802917,936.179871,-102.792313,-38.8358,-0.09345,-2.22496,-1.14223,0.106667,6,17,5.75,5.76,301.2756585375363,459.0853346653597,2419.679490675355,1.1010139915983208,7.514746482277308,-15.11522228837973,1.356237012311999,6.306861203550703,8.709474995379543,115.2228328893026,0.0,0.0031344013905927
0,1,0,0,0,0,-311.016541,122.083199,-76.113899,-73.694603,-0.17733,-13.571,-2.30296,-0.12,6,17,5.98,5.93,341.515906595515,510.0121248345872,1789.0344310770506,1.1188230137963149,8.02362943995582,-17.75068029916666,0.6130934439218625,6.306861203550703,8.709474995379543,85.19211576557385,0.0,0.0021729151887708
0,1,0,0,0,0,-317.496338,1121.594116,-58.228764,-60.443001,-0.145443,-9.25782,-1.88884,-0.041667,6,19,6.09,6.04,303.46455953160967,490.5008678876234,2106.885094094522,1.1051105718288237,8.906490874095892,-19.67563257054569,2.4337951864776968,8.18274812563245,11.299985506825765,100.32786162354869,0.0,0.0022092002989923
0,1,0,0,0,0,-325.337921,802.353027,-66.645309,-55.100101,-0.132587,-7.5188,-1.77742,0.16,6,20,6.21,6.18,369.1557818296325,523.4951128735713,2587.6119489733446,1.1445805093001096,7.349491954473275,-16.243136694960246,2.0808019914923817,8.481919746826522,11.7131272694271,123.21961661777831,0.0,0.00643285560728
0,1,0,0,0,0,-332.095947,1163.15332,-61.010677,-73.815903,-0.177622,-13.6105,-2.17106,-0.248333,6,16,5.81,5.82,361.6629282377563,531.9567640724655,2436.7666459751736,1.3123846949792526,8.109230277843293,-18.56781066055532,2.6288703731801077,11.117864301131046,15.353241177752398,116.03650695119876,0.0,0.0008368889795942
0,1,0,0,0,0,-325.162628,174.629395,-79.009323,-52.792999,-0.127035,-6.76786,-1.75977,0.168333,6,19,5.93,5.96,393.75657030116105,541.6889412205052,3131.207697507563,1.2265211469169923,7.044398615206863,-15.839575717625152,2.461663070292327,9.177291623115446,12.673402717635616,149.1051284527411,0.0,0.0068635316687181
0,1,0,0,0,0,-328.038788,57.984936,-59.020817,-48.740002,-0.117283,-5.44867,-1.47697,0.0,6,19,6.21,6.15,362.6839947685563,543.4975202213077,1541.4125658289686,1.0120923453510449,8.610167878702446,-20.33413367502439,2.461663070292327,10.0586350477142,13.89049601827199,73.40059837280803,0.0,0.0031238808845861
0,1,0,0,0,0,-329.779449,302.522522,-70.090355,-47.801399,-0.115024,-5.14316,-1.44853,0.005,6,15,5.86,6.0,383.8045465641197,555.8348348079192,2537.596486989921,1.2051419471054472,8.191918487799972,-19.441307922740105,1.7835445641363272,10.8510355579039,14.98476338948634,120.837927951901,0.0,0.0021986661073447
0,1,0,0,0,0,-328.230896,611.746277,-72.102547,-51.497002,-0.123917,-6.34602,-1.56051,-0.231667,6,18,5.69,5.85,331.5403046893844,527.4309778294313,1608.3426913427356,1.1388124824093453,9.328127292383185,-21.999604611756915,2.5452667217362173,6.792004373054603,9.379434610408737,76.58774720679693,0.0,0.0011344480030702
0,1,0,0,0,0,-328.230896,611.746277,-72.102547,-51.497002,-0.123917,-6.34602,-1.56051,-0.231667,6,18,5.69,5.85,331.5403046893844,527.4309778294313,1608.3426913427356,1.1388124824093453,9.328127292383185,-21.999604611756915,2.5452667217362173,6.792004373054603,9.379434610408737,76.58774720679693,0.0,0.0011344480030702
0,1,0,0,0,0,-317.01001,324.948517,-66.877724,-53.6763,-0.129161,-7.05537,-1.67739,0.246667,6,18,5.76,5.76,324.3598940404958,516.4257427757258,2003.285889771936,0.9545449146215402,9.145992796915712,-21.12781094618599,2.4059273026630663,6.614118544236506,9.1337827515647,95.394566179616,0.0,0.0014693128635743
0,1,0,0,0,0,-325.88031,1523.733765,-49.847637,-46.983601,-0.113056,-4.87698,-1.46824,0.0,6,16,5.47,5.39,318.0162800265496,507.9078231450312,2134.700733662726,1.06119028089812,9.042454434213411,-20.573389410432423,2.50810954331671,6.080461057782217,8.396827175032584,101.65241588870128,0.0,0.0068001341903632
0,1,0,0,0,0,-363.659058,26.272116,-127.197159,-71.397301,-0.171802,-12.8233,-2.03992,-0.161667,6,12,5.19,5.13,314.16631378512625,484.7260896169191,3183.1679377132755,0.9657625654224056,8.121894087228233,-17.353099975798923,2.36877012424356,8.312119637500157,11.478641404166884,151.57942560539408,0.0,0.0008603114735235
0,0,1,0,0,0,-331.5672,227.277191,-66.264893,-59.519001,-0.102841,-5.66062,-1.29389,0.354444,9,19,6.94,6.7,372.553221560809,601.9902881158284,5870.962839534284,1.6011438865562495,9.177482662200775,-33.03317315280103,11.453690712802466,4.1968799709395626,6.882883152340883,234.83851358137136,0.0,0.0016199117775713
0,0,1,0,0,0,-327.926056,92.853302,-44.984444,-56.181099,-0.097073,-4.69259,-1.27684,0.254445,9,21,6.7,6.58,366.3091387576838,633.8032647655041,3469.6378500936644,1.3147087585507218,10.699765040312812,-41.74887401100486,9.595949237238743,3.2879626516517795,5.392258748708919,138.78551400374658,0.0,0.0008132047688749
0,0,1,0,0,0,-379.98587,675.617981,-75.818695,-64.028503,-0.110632,-6.96838,-1.39192,0.155556,9,20,6.84,6.55,319.82385828997405,572.0901431621344,5334.153766696556,1.207144833634118,10.090651394886414,-36.011121221967166,11.660900338923032,3.275762419178118,5.372250367452113,213.36615066786223,0.0,0.0015541742004054
0,0,1,0,0,0,-295.643036,3458.303711,-40.628048,-70.172302,-0.121248,-8.75012,-1.52549,0.115556,9,23,7.24,7.07,414.73966586454185,629.6288059262656,3194.1049327484834,1.2233394086122935,8.595565602468952,-31.42575743942587,1.8434511565209208,2.6901512604423647,4.411848067125479,127.76419730993932,0.0,0.0026260197709627
0,0,1,0,0,0,-329.415649,63.860497,-70.997246,-61.6134,-0.106459,-6.26799,-1.4003,0.201111,9,21,7.13,7.04,347.239272874518,606.5513250933325,4970.460055812301,1.4557224107616753,10.372482088752578,-38.8807359349021,11.739497093658422,4.623888107517715,7.583176496329052,198.81840223249205,0.0,0.0022045256921606
0,0,1,0,0,0,-348.344818,48.631012,-65.345123,-74.058899,-0.127964,-9.87726,-1.57572,0.343333,9,21,7.01,6.66,389.6290406614775,610.5440730335462,4369.585120380643,1.158292613980795,8.836601294882746,-31.80742896292325,8.874288125577458,3.647869509624794,5.982505995784663,174.78340481522574,0.0,0.0021586557087012
0,0,1,0,0,0,-301.343689,11483.84375,-47.541401,-81.115898,-0.140157,-11.9238,-1.76339,0.082222,9,22,6.97,6.89,368.30008770366913,598.8378055909902,3146.870073480568,1.2914977182180736,9.221508715492844,-33.109727576254066,10.374771625071228,4.636088339991377,7.603184877585859,125.87480293922272,0.0,0.004618553365205
0,0,1,0,0,0,-301.083893,23839.08398,-41.67178,-67.260803,-0.116217,-7.90578,-1.52866,0.061111,9,22,7.2,7.1,379.67784853695184,609.5299875739333,3077.508320335348,1.199151914519286,9.19408556147926,-33.40955341090725,1.2718383948090073,2.226542426443227,3.651529579366892,123.10033281341391,0.0,0.0013876606086978
0,0,1,0,0,0,-346.957428,220.99551400000001,-56.390858,-58.799,-0.101596,-5.45179,-1.36742,0.305556,9,22,6.76,6.41,337.0120613535676,601.3449833525312,3034.74273263523,1.334802011267508,10.573316879958544,-39.62506552173375,11.35365847950288,4.526286247728423,7.423109446274615,121.3897093054092,0.0,0.0042711143263331
0,0,1,0,0,0,-362.562012,216.973969,-66.455315,-59.969101,-0.103618,-5.79113,-1.33265,0.268889,9,19,6.9,6.91,340.0519937404701,595.7577173569566,4248.320505663105,1.0976241594558998,10.228228944659458,-37.7023879680653,11.62517454131604,3.611268812203809,5.922480852014247,169.9328202265242,0.0,0.0015169292130346
0,0,1,0,0,0,-334.218811,1055.988647,-49.822018,-61.130501,-0.105625,-6.12795,-1.42164,0.45,9,19,7.4,7.05,337.881904445881,551.1315903695307,4102.343266804805,1.5016767630582335,8.52998743694599,-28.226747865785757,9.64596535388854,0.353806741736184,0.5802430564473418,164.0937306721922,0.0,0.00172002856413
0,0,1,0,0,0,-306.114716,1661.905151,-63.33128,-60.883099,-0.105198,-6.05621,-1.35296,0.256667,9,19,6.93,6.84,318.90981067830694,587.9542519428815,3458.4219268878387,1.060769652203256,10.76177765058298,-39.92699143123156,7.652465847418241,2.0313387068646427,3.3313954792580143,138.33687707551354,0.0,0.002387647354515
0,0,1,0,0,0,-339.627014,1805.333252,-72.611305,-72.458,-0.125197,-9.41299,-1.57517,0.12,9,20,6.95,6.7,368.0850872302837,642.6322708987899,4444.154128585964,0.974041079907226,10.981887346740248,-43.604741286224616,11.63231970083744,3.623469044677471,5.942489233271052,177.76616514343857,0.0,0.0017813977264967
0,0,1,0,0,0,-315.248962,1756.641724,-41.191185,-92.428802,-0.159704,-15.2046,-2.00932,-0.058889,9,22,7.17,6.85,348.0531919302822,640.5515434451868,4977.3571716863225,1.5099770709367932,11.699934060596185,-47.259671059516485,11.653755179401635,8.131454943695402,13.33558610766046,199.0942868674529,0.0,0.0043857665763706
0,0,1,0,0,0,-342.177032,1268.171631,-47.225864,-48.445301,-0.083707,-2.44917,-1.12663,0.165556,9,22,6.78,6.6,406.08383793680656,648.4540501487872,4248.218344030101,1.0891592844920257,9.694808488479229,-37.38812477559105,11.61802938179464,7.844749480564357,12.865389148125546,169.92873376120406,0.3333333333333333,0.0040841115509032
0,0,1,0,0,0,-361.712494,65.859398,-39.417866,-51.185902,-0.088442,-2.66396,-1.16332,0.354445,9,21,6.39,6.07,365.8363954349942,628.9044451224837,4009.737091337067,0.9490161923002028,10.11800191105729,-41.261672949351045,11.884767444186652,9.496033143965674,14.97451380394587,154.22065735911795,0.0,0.0051716448373275
0,0,1,0,0,0,-354.952698,1785.609009,-54.37875,-73.333099,-0.12671,-9.66677,-1.70542,0.328889,9,21,7.28,6.98,408.597750702692,632.2848774804733,3219.7545965887257,1.1328967422975984,8.94748507111125,-33.15606292651855,6.673578992986591,5.38640263712156,8.83370032487936,128.79018386354903,0.3333333333333333,0.0040213020041142
0,0,1,0,0,0,-306.156555,882.577881,-45.022984,-62.295502,-0.107638,-6.46581,-1.35425,-0.051111,9,22,7.24,7.04,388.42215433328033,626.5827884857993,3419.262734805752,1.1906681576761258,9.526425366100758,-35.663145777994686,10.531965134542004,3.580768231019656,5.8724598988722345,136.77050939223008,0.0,0.0021856080246751
0,0,1,0,0,0,-340.923401,1690.954956,-61.205589,-83.919998,-0.145002,-12.737,-1.82435,0.254444,9,20,7.14,6.88,317.3216021111026,587.3583080406828,3020.6699549504538,1.1940315604879026,10.801468237183208,-40.09277886009677,9.981787851394287,4.276181482018362,7.012937630510114,120.82679819801815,0.0,0.0049078807118673
0,0,1,0,0,0,-326.210785,859.52301,-57.580799,-69.863197,-0.120714,-8.66047,-1.51876,0.291111,9,20,7.22,7.04,360.413106318318,600.4603472427916,3138.776139189751,1.4247968489492755,9.601889636978944,-34.93821882901342,8.631352701849893,6.167217515435898,10.114236725314871,125.55104556759004,0.0,0.0009863170644926
0,0,1,0,0,0,-352.09433,-7.244702,-46.987652,-83.392502,-0.144091,-12.584,-1.85317,0.273333,9,20,6.81,6.58,415.8314772270928,666.7694369908072,3995.974645797618,1.494873459234248,10.037518390548575,-39.87796594916036,11.782368050786816,5.697508565199929,9.343914046927884,159.83898583190472,0.0,0.0028119033597575
0,0,1,0,0,0,-352.09433,-7.244702,-46.987652,-83.392502,-0.144091,-12.584,-1.85317,0.273333,9,20,6.81,6.58,415.8314772270928,666.7694369908072,3995.974645797618,1.494873459234248,10.037518390548575,-39.87796594916036,11.782368050786816,5.697508565199929,9.343914046927884,159.83898583190472,0.0,0.0028119033597575
0,0,1,0,0,0,-349.028229,39.890743,-84.817329,-56.910801,-0.098334,-4.90423,-1.18564,0.206667,9,22,7.32,7.0,324.0467755813414,596.1150427936749,5432.431118656884,1.571238934095833,10.88273068849334,-40.90267643850852,11.68233581748723,2.4278462622586425,3.981667870104173,217.29724474627537,0.0,0.0025021985472773
0,0,1,0,0,0,-349.028229,39.890743,-84.817329,-56.910801,-0.098334,-4.90423,-1.18564,0.206667,9,22,7.32,7.0,324.0467755813414,596.1150427936749,5432.431118656884,1.571238934095833,10.88273068849334,-40.90267643850852,11.68233581748723,2.4278462622586425,3.981667870104173,217.29724474627537,0.0,0.0025021985472773
0,0,1,0,0,0,-304.922516,4911.809082,-57.29134,-72.312401,-0.124946,-9.37076,-1.57201,0.233333,9,20,7.08,6.97,339.3465166617317,607.3403368257445,2984.8985065773213,1.360323184311794,10.719752806560512,-40.62197724501247,7.866820633060208,3.538067417361841,5.802430564473419,119.39594026309284,0.0,0.0021045931799785
0,0,1,0,0,0,-302.328949,4013.527344,-69.482162,-67.485199,-0.116605,-7.97085,-1.53375,0.124444,9,22,7.3,7.13,413.6418014051599,626.6820264321415,2969.85925755258,1.1445045320328462,8.521609001079263,-30.978449496296115,9.824594341923513,4.026076716308301,6.602765814745615,118.7943703021032,0.0,0.0047560548127083
0,0,1,0,0,0,-325.160797,564.454712,-66.27404,-64.900398,-0.112139,-7.22123,-1.54525,0.09,9,21,7.18,6.97,381.1579956580713,618.4085266430327,2868.000305296355,1.238811165005805,9.490021239398455,-35.15364384635867,5.1445148554072215,2.1838416127854123,3.581500244968076,114.7200122118542,0.0,0.001628230548751
0,0,1,0,0,0,-344.852905,1025.236694,-72.670135,-51.125599,-0.088338,-3.22648,-1.11143,0.223333,9,19,7.01,6.69,356.96279294364666,626.606166064935,3150.2565635790525,1.0279111342684435,10.785734924851534,-41.84861603255223,7.609594890289848,4.440884620412793,7.283050777476981,126.0102625431621,0.0,0.0020049608659695
0,0,1,0,0,0,-322.812958,946.818726,-43.465832,-79.543098,-0.13744,-11.4677,-1.8078,0.327778,9,22,7.09,6.93,338.5355373795626,614.8021847663696,3720.1173937149433,1.3188076979529666,11.05066589547228,-42.6287024797429,11.582303584187644,5.276600544858608,8.653624893568116,148.80469574859774,0.0,0.0013969547755852
0,0,1,0,0,0,-355.284241,1453.769165,-40.324936,-66.106796,-0.114223,-7.57109,-1.46904,0.215556,9,20,6.85,6.52,409.3259787627827,651.1435779440084,4011.1669030350968,1.1364630351166187,9.672703967249026,-37.39236084713621,11.768077731744018,3.8857740428611938,6.372669430292358,160.44667612140387,0.0,0.002467860565445
0,0,1,0,0,0,-319.419189,45.612652,-35.23341,-56.644901,-0.097874,-4.24709,-1.34869,0.26,9,19,6.47,6.12,362.1498837027985,627.9135405851895,4057.581702968953,0.9837586395927844,10.221679110861192,-41.76413901708472,11.863000470845652,9.481742650144808,14.95197879445912,156.0608347295751,0.0,0.0053461640579687
0,0,1,0,0,0,-326.725281,90.958092,-46.460392,-72.138901,-0.124646,-9.32044,-1.67765,0.246667,9,21,6.8,6.55,386.321592810565,644.7319511531432,3629.753292601905,1.320789658778465,10.336414333703129,-40.413690373839735,11.575158424666247,2.9341559099155954,4.812015692261577,145.19013170407618,0.0,0.0051775967300497
0,0,1,0,0,0,-306.733337,849.466003,-57.902462,-68.664703,-0.118643,-8.31289,-1.56056,0.2,9,21,7.09,6.81,389.8415379394021,652.5562621898338,3502.88385941506,1.2184866659087064,10.508588970017264,-41.638637803703205,10.081820084693872,5.484004496910853,8.993767374933798,140.1153543766024,0.0,0.0021275224380399
0,0,1,0,0,0,-306.720276,1041.575684,-56.725552,-68.836899,-0.118941,-8.36283,-1.49645,-0.021111,9,21,7.2,6.96,403.0797024986835,649.401370618986,3757.671962180473,1.18705181382616,9.8528667248121,-38.206632862899305,11.639464860358837,3.574668114782825,5.862455708243833,150.30687848721894,0.0,0.0015966301280997
0,0,1,0,0,0,-340.315491,1438.28833,-59.723969,-57.779701,-0.099835,-5.15621,-1.28399,0.245556,9,20,7.25,6.97,314.23010163615027,587.8519903979759,2841.3186321758367,1.3834366396228364,10.944875550473023,-40.81834137690659,6.566401600165606,0.8174155757353218,1.3405615442059278,113.65274528703348,0.0,0.0021112260925211
0,0,1,0,0,0,-327.483368,185.967819,-62.833775,-68.871803,-0.119001,-8.37296,-1.6798,0.09,9,21,7.11,6.76,391.7596073438869,642.5757320638661,3530.883567299603,1.128595508764796,10.03264498879917,-38.80251240124565,11.29649720333169,4.184679738465901,6.862874771084077,141.2353426919841,0.0,0.0042719228644589
0,0,1,0,0,0,-342.9039,1779.128418,-51.82835,-58.046398,-0.100296,-5.23354,-1.38206,0.156667,9,21,7.1,6.72,418.18536886595655,638.5880972008976,4090.598136859815,1.3647973374812756,8.81610913339764,-32.78444945662322,4.815837517422871,2.3180441699956886,3.8015924387929294,163.6239254743926,0.0,0.0051184917620072
0,0,1,0,0,0,-325.942291,1116.429932,-54.9618,-88.651001,-0.153177,-14.109,-1.97002,0.212222,9,22,7.13,6.87,366.1322459506788,635.1456441992069,4375.990299996272,1.194997086661599,10.760535929941124,-42.11929992223857,11.125013374818115,3.6661698583352873,6.012518567669871,175.0396119998509,0.0,0.0051823915643634
0,0,1,0,0,0,-315.499329,151.497421,-54.545559,-52.310699,-0.090386,-3.57016,-1.18888,0.154444,9,20,7.22,6.93,380.3164991710205,609.8770868561609,3187.590705402279,1.3401190626621189,9.182423507405616,-33.3693838757499,8.831417168449063,2.0496390555751347,3.361408051143221,127.50362821609116,0.0,0.0011647989929872
0,0,1,0,0,0,-558.726379,172.952271,-112.651306,-68.519897,-0.116188,-5.37087,-1.4275,-0.12,10,22,6.4,6.1,422.72766985685087,641.2727085756906,5832.821019536785,1.8416872133085416,8.405578412263065,-39.92916286799405,8.834196999562296,9.138700938850988,14.411028403572711,224.339269982184,0.0,0.0012123019076695
0,0,1,0,0,0,-585.798767,2.649535,-136.676987,-79.007797,-0.133972,-8.41241,-1.83739,0.273,10,16,5.6,5.24,379.4307325304033,632.5929403845013,6270.235111993309,1.5488608623479876,9.737007994388389,-47.649177455896606,3.3854922695096805,8.89772099523017,14.03102156940142,241.1628889228196,0.3333333333333333,0.0045488056067313
0,0,1,0,0,0,-504.248291,280.927734,-116.823067,-83.197304,-0.141077,-9.62739,-1.77016,-0.134,10,23,6.47,6.16,419.380005932657,626.1453008139999,4830.84592919251,1.5337608439124524,7.952511341590111,-36.59475806243426,0.661139904483372,12.707057796313087,20.038052678801407,185.80176650740424,0.0,0.0014700356804163
0,0,1,0,0,0,-559.744751,175.220642,-87.78598,-42.933201,-0.072801,2.04941,-0.894441,-0.095,10,23,6.51,6.07,354.2264008456204,613.280872211184,4847.436507534823,1.7252450620968072,9.96363351406014,-48.0194752366444,4.297409379141918,12.19729253096136,19.23419206805445,186.43986567441627,0.3333333333333333,0.0018837535065457
0,0,1,0,0,0,-591.962891,2269.269775,-110.77916,-62.592701,-0.106137,-3.65194,-1.36071,-0.374,10,20,6.1,5.8,335.8157035397171,587.2741389229528,6388.661191270733,1.733804923110439,9.671478283970606,-44.81594592738645,12.664248860017691,2.4561417330583284,3.873146579053518,245.71773812579744,0.3333333333333333,0.0025581389533478
0,0,1,0,0,0,-555.085815,411.120605,-96.602364,-42.7864,-0.072552,2.09199,-0.930138,-0.089,10,19,6.15,5.75,346.2151119487006,576.3988448611634,5151.810117305525,1.488906569694072,8.853220496633186,-39.45175377977158,6.713989719667347,12.530957068282492,19.760355376907004,198.1465429732894,0.0,0.0014415152232078
0,0,1,0,0,0,-538.071838,54.288956,-102.102219,-49.539799,-0.084004,0.133448,-1.05404,-0.15,10,22,6.26,5.81,344.776235227223,620.4260043478274,3933.288001221637,1.489900588975772,10.601914196946325,-52.48621040424832,13.41658047546429,12.614373202612777,19.891896204120144,151.28030773929373,0.3333333333333333,0.0045540277505848
0,0,1,0,0,0,-459.996704,416.865936,-73.747536,-53.898998,-0.091396,-1.13074,-1.17172,-0.252,10,21,6.24,6.03,384.6690838555071,690.1444595880522,7540.030874563088,1.957339163601071,11.749052912790196,-64.6267916442809,5.26632130812617,12.64217858072287,19.935743146524526,290.0011874831957,0.0,0.0023872119703483
0,0,1,0,0,0,-574.025818,49.8353,-102.816101,-69.586304,-0.117997,-5.68013,-1.51275,-0.072222,9,19,5.94,5.7,390.942029733861,594.3803330098053,5949.880808909983,1.6751390036441858,7.82455012599786,-34.488932324408765,15.080829200543125,9.954325363413751,15.697205380767842,228.84156957346087,0.3333333333333333,0.0043320050726524
0,0,1,0,0,0,-583.08429,180.940964,-105.759178,-64.091904,-0.10868,-4.08671,-1.56322,-0.146,10,20,6.09,5.73,303.47036508667225,552.704009115067,5306.68873688421,1.741398490177913,9.585909385707492,-42.47076862523436,15.662176357933674,4.791793494306249,7.556289741021392,204.103412957085,0.0,0.001970883720199
0,0,1,0,0,0,-461.538452,272.338531,-78.388474,-76.046204,-0.128951,-7.55354,-1.65318,-0.106,10,23,6.32,5.89,348.1608676831844,596.4484990092144,5534.243863984464,1.7243978548512635,9.549524281770386,-44.56757493914942,13.427979439334694,12.725594715053154,20.067283973737663,212.8555332301717,0.0,0.0013504512857349
0,0,1,0,0,0,-444.929749,103.882431,-105.879822,-62.324402,-0.105683,-3.57414,-1.32605,-0.167,10,20,6.26,5.8,371.0566159848432,648.9427177572436,5553.798265889336,1.4860381976380757,10.687926991246169,-54.72795298381107,16.41450797338027,12.79047393064337,20.169593506014547,213.6076256111283,0.0,0.0022136246936575
0,0,1,0,0,0,-455.555634,1026.577026,-95.594498,-70.591202,-0.119701,-5.97156,-1.38414,0.382,10,18,6.01,5.77,439.0243218653727,647.8827129308316,5586.959527436864,1.457989270683409,8.033015040979192,-38.02282493370683,3.8186528965849935,12.71632625568312,20.052668326269536,214.88305874757168,0.0,0.0023722713228235
0,0,1,0,0,0,-443.320496,271.888123,-94.903732,-67.782997,-0.114939,-5.15716,-1.41215,0.078889,9,14,5.71,5.21,359.3427148162885,627.864351798806,5174.174098467865,1.6326940815037574,10.32775526855836,-51.146650035596885,1.0031088205954608,12.336319421511831,19.45342678007635,199.0066960949179,0.3333333333333333,0.0028556384038255
0,0,1,0,0,0,-479.85849,7227.614258,-95.269493,-74.301003,-0.125991,-7.0474,-1.54794,-0.054,10,23,6.38,6.11,392.6364841130858,637.7624089720914,5575.464189576732,1.548704756012609,9.42792018688483,-45.98729572934405,0.8891191818914312,12.669983958832963,19.979590088928905,214.44093036833584,0.0,0.0025115372155914
0,0,1,0,0,0,-464.239655,144.992859,-98.236572,-56.191002,-0.095282,-1.79543,-1.19555,0.025,10,14,5.84,5.49,370.1523036230869,646.1592617497425,4806.749096227904,1.5447860607223864,10.615652235640605,-54.0844090036849,13.553368041909126,12.19729253096136,19.23419206805445,184.8749652395348,0.3333333333333333,0.0041819706551793
0,0,1,0,0,0,-456.170044,82.412422,-93.138084,-38.089401,-0.064588,3.45414,-0.846431,-0.031,10,19,6.14,5.66,349.6660108690447,607.2607153969107,6866.92465376637,1.756611290566148,9.907488635687152,-47.33945900232936,16.551295539825105,12.660715499462931,19.96497444146077,264.11248668332195,0.0,0.001062912105212
0,0,1,0,0,0,-563.908142,44.289955,-112.055321,-59.330101,-0.100605,-2.70577,-1.31845,-0.096,10,20,6.04,5.75,349.75974463689664,624.9043471337299,5026.099070716929,1.317765427994564,10.582484711416662,-52.622318073328,13.143005342574618,12.595836283872714,19.86266490918389,193.3115027198819,0.3333333333333333,0.003926552753561
0,0,1,0,0,0,-517.376831,183.374771,-84.382896,-74.634102,-0.126556,-7.14402,-1.62248,0.062,10,20,6.56,6.04,342.3268834194741,600.8060945094014,5605.947394429275,1.842337501529848,9.94150811884336,-47.196071765199264,14.032124524466049,12.632910121352838,19.9211274990564,215.61336132420288,0.0,0.0030709649894736
0,0,1,0,0,0,-485.028931,239.775681,-97.047089,-51.621101,-0.087533,-0.470126,-1.1222,-0.184,10,20,6.06,5.57,302.5784504623098,565.8791309068403,5590.57631256158,1.5689419404278775,10.126949247866555,-46.392048434085225,12.823834354203337,12.64217858072287,19.935743146524526,215.02216586775305,0.0,0.0018266902033966
0,0,1,0,0,0,-512.719238,751.008789,-107.259354,-67.356102,-0.114215,-5.03335,-1.43311,-0.112,10,23,6.21,5.9,351.1945220470211,607.789918891797,5930.714617292881,1.5287365674337856,9.869053724799072,-47.130179066361976,10.30466333884428,12.58656782450268,19.848049261715765,228.1044083574185,0.0,0.0015951687994617
0,0,1,0,0,0,-493.429413,350.493744,-85.330994,-79.5588,-0.134907,-8.57219,-1.65747,0.042,10,22,6.24,5.86,353.2964980238936,607.6167871464197,5127.976687177666,1.2138672441248453,9.781549581635618,-46.57999302681274,10.088083025306624,4.291296688324551,6.767044777742561,197.2298725837564,0.0,0.0012870133741279
0,0,1,0,0,0,-480.57663,3808.891602,-98.955032,-73.314301,-0.124318,-6.76128,-1.52738,-0.16,10,23,6.35,5.87,352.3454727850813,622.7232755391884,5625.044838153695,1.2718905033938066,10.39914625977335,-51.31147467890786,9.49533690404567,10.408479872545294,16.413372106706042,216.34787839052677,0.3333333333333333,0.0028591954000541
0,0,1,0,0,0,-497.821198,73.697281,-112.629402,-70.745499,-0.119962,-6.01629,-1.44379,-0.246,10,24,6.23,5.91,369.4775266400701,652.3293939691767,6397.252656253466,1.1856801310653775,10.878917974196412,-56.20794332010904,4.935751355884483,10.31579527884498,16.267215632024776,246.04817908667172,0.0,0.0024065755557362
0,0,1,0,0,0,-439.158844,825.942444,-113.491493,-56.716499,-0.096173,-1.94782,-1.23297,0.159,10,19,6.01,5.47,352.62818932941286,663.3566791685025,6176.230996952381,1.7817281000204417,11.95109576304191,-64.31627057615722,10.851813604623622,11.075808947187555,17.465698724411148,237.54734603663005,0.0,0.0007972236993318
0,0,1,0,0,0,-506.079803,482.722473,-80.91423,-70.5896,-0.119698,-5.97109,-1.6807,-0.199,10,19,6.31,5.86,330.7798020499301,580.7584806758282,6105.757119937746,1.656419019308682,9.614564562534545,-44.12751318935299,6.280829092592033,12.614373202612777,19.891896204120144,234.83681230529797,0.0,0.0021329598218552
0,0,1,0,0,0,-489.690491,120.760109,-118.595619,-80.084396,-0.135798,-8.72462,-1.66842,-0.075,10,23,6.53,6.14,345.6444536884061,608.1480309557837,5997.158725163938,1.5254177628382957,10.096291433360678,-48.56489799999617,5.391709910700603,12.614373202612777,19.891896204120144,230.6599509678437,0.0,0.0013379231738284
0,0,1,0,0,0,-510.771362,155.852249,-99.336487,-53.205002,-0.090219,-0.92947,-1.15663,-0.153,10,22,6.17,5.87,281.00467230405144,547.8209220174169,5839.135659926629,1.2935192603362546,10.262163450514056,-46.18695666172724,10.555440543993145,3.2717661576210944,5.1593235562486495,224.58214076640883,0.0,0.0011730221300821
0,0,1,0,0,0,-483.397705,83.827751,-82.045677,-83.260803,-0.141184,-9.64581,-1.63257,0.144444,9,20,6.2,5.74,375.6855966635592,621.6036099508808,4323.267802796363,1.313919598722444,9.458385126435449,-45.332899590700144,2.1886010631173693,11.761674940569884,18.547256637052502,166.27953087678318,0.0,0.0015635025149249
0,0,1,0,0,0,-594.634583,227.122147,-81.534653,-44.030102,-0.074661,1.7313,-1.00068,-0.101,10,22,6.68,6.19,360.45121398469854,599.6772352148931,5674.213576121528,1.507330368929587,9.201000816545946,-42.64451167994623,10.874611532364428,12.73486317442318,20.081899621205785,218.23898369698185,0.3333333333333333,0.0020876446376497
0,0,1,0,0,0,-499.596375,355.030457,-96.341484,-47.192001,-0.080023,0.814333,-1.15102,-0.224,10,22,6.18,5.61,310.3458912973397,557.5104000540381,5262.493969626766,1.413315679990522,9.506327259873016,-42.2619387911886,7.397927551891525,10.667996734906176,16.822610235813585,202.40361421641407,0.0,0.000710696514789
0,0,1,0,0,0,-458.440735,64.217751,-127.753822,-66.738503,-0.113168,-4.85426,-1.41997,0.125,10,18,6.05,5.44,360.8263725074149,670.2642744521598,5446.576321971857,1.777720479478546,11.901457767105576,-64.41847343711838,11.079792882031684,11.0294666503374,17.392620487070516,209.48370469122528,0.0,0.0007871730256337
0,0,1,0,0,0,-468.19415300000003,158.808884,-103.963753,-70.8451,-0.120131,-6.04518,-1.54011,-0.108,10,22,6.3,5.83,375.4023061271423,597.5693199563225,5591.6877688866325,1.8815703365902787,8.54488514727616,-38.698720931860606,13.393782547723484,12.744131633793216,20.096515268673915,215.0649141879474,0.0,0.0021955597651479
0,0,1,0,0,0,-557.083069,357.32251,-116.29937,-83.4814,-0.141558,-9.70977,-1.7762,-0.048,10,21,6.47,6.16,398.7729059125703,608.9120426903187,4988.977768472133,1.604720426507569,8.082274491451862,-36.57302073415704,2.2341969185989816,10.306526819474948,16.25259998455665,191.88376032585128,0.0,0.0014978959439053
0,0,1,0,0,0,-531.65509,52.911407,-110.659233,-70.413696,-0.119399,-5.92007,-1.49816,0.187,10,21,6.16,5.54,378.17204532164885,636.8650884976471,4533.137849227544,1.5157484628825717,9.949732429846089,-49.22904145104087,16.289119370805835,2.5859001642387685,4.077765643607289,174.3514557395209,0.0,0.0017189861156517
0,0,1,0,0,0,-545.83374,106.317146,-84.767662,-74.985497,-0.127152,-7.24591,-1.63012,0.106,10,20,6.64,6.11,337.313617129338,602.3753667458635,5457.895053541644,1.8069943804819637,10.194682677558673,-48.85712525782313,13.735751463835571,10.343600656955074,16.311062574429155,209.91904052083248,0.0,0.0027147928555804
0,0,1,0,0,0,-554.039063,231.710999,-97.332268,-77.824303,-0.131966,-8.0692,-1.62134,-0.076,10,19,6.22,5.79,392.6622655759901,611.0598301185618,4314.218905603075,1.3517104010641288,8.399906328560448,-38.49326260692192,8.332642589264568,5.672297134459234,8.944776250493408,165.93149636934902,0.0,0.0012574128057658
0,0,1,0,0,0,-516.405457,160.928482,-80.366013,-40.965801,-0.069465,2.61996,-0.910351,-0.154,10,23,6.48,6.0,393.9599365572453,646.0457661841585,5010.282146028921,1.5898000836242476,9.695608831804352,-48.10954579697993,9.597927578879297,12.71632625568312,20.052668326269536,192.7031594626508,0.0,0.0012463114922155
0,0,1,0,0,0,-546.225952,1544.62854,-125.853737,-73.784897,-0.125116,-6.89772,-1.56989,-0.205556,9,20,6.19,5.93,422.32745799309583,635.5641053239491,6714.59305507725,1.9907149646556408,8.201409512725125,-38.46010360586179,5.243523380385364,12.966574658673968,20.44729080790895,258.2535790414327,0.0,0.0036583866747651
0,0,1,0,0,0,-483.38443,13720.47754,-140.725143,-56.921101,-0.09652,-2.00716,-1.18586,-0.12,10,21,5.86,5.37,392.4124054693797,613.7625093384281,4866.123043717532,1.1771892060567144,8.51346553342494,-39.27965109664506,14.624870645727004,12.725594715053154,20.067283973737663,187.15857860452044,0.3333333333333333,0.0043957431234151
0,0,1,0,0,0,-466.752777,325.883575,-144.294357,-84.024696,-0.142479,-9.86732,-1.71479,0.045,10,21,6.02,5.73,429.96700036307664,688.9849955763788,5316.93750494127,1.1704320401981732,9.962230585127005,-52.17740708007695,1.5958549418564152,10.56604368183583,16.661838113664192,204.497596343895,0.0,0.0026972016817567
0,0,1,0,0,0,-482.920715,418.479431,-68.210831,-57.770802,-0.097961,-2.25357,-1.31297,-0.067,10,22,6.39,5.93,409.9229578173025,659.8676676653574,5415.658560543447,1.9245930664339583,9.613258071079036,-48.32130318568499,6.3948187312960645,12.577299365132648,19.833433614247635,208.2945600209018,0.0,0.0009328161884708
0,0,1,0,0,0,-475.968384,45.810677,-148.229706,-82.791603,-0.140389,-9.50974,-1.65583,0.026667,9,21,5.8,5.46,392.80987126650433,649.8731503232714,4959.918799826568,1.75141763148615,9.88704919449104,-49.54042614409392,4.297409379141918,10.084083794594193,15.901824445321612,190.7661076856372,0.3333333333333333,0.0043299412259414
0,0,1,0,0,0,-585.798767,2.649535,-136.676987,-79.007797,-0.133972,-8.41241,-1.83739,0.273,10,16,5.6,5.24,379.4307325304033,632.5929403845013,6270.235111993309,1.5488608623479876,9.737007994388389,-47.649177455896606,3.3854922695096805,8.89772099523017,14.03102156940142,241.1628889228196,0.3333333333333333,0.0045488056067313
0,0,1,0,0,0,-479.786316,-12.808018,-95.735077,-64.2724,-0.108986,-4.13906,-1.3675,0.283,10,16,5.69,5.34,380.5038865690714,628.1364510874021,4859.962767971987,1.4648905242144932,9.524329404551178,-46.08294011168227,3.30569952241686,12.73486317442318,20.081899621205785,186.9216449219995,0.3333333333333333,0.0040609889389157
0,0,1,0,0,0,-495.7052,-34.789928,-87.905533,-85.501297,-0.144983,-10.8756,-2.03575,0.274444,9,17,5.49,5.25,410.10336709401867,670.71589683269,6566.422523821255,1.4100865082656966,10.023558836102742,-51.57520930207588,2.8611399314711443,12.280708665291645,19.36573289526759,252.55471245466364,0.3333333333333333,0.0045848459995573
0,0,1,0,0,0,-575.514648,16.139894,-88.943848,-79.938499,-0.135551,-8.68231,-1.70082,-0.062222,9,22,6.18,5.9,319.9410746025379,607.764943476022,7093.752814863681,1.653782982826445,11.070148802826312,-54.77448646961908,14.351295512837332,9.60212390735256,15.141810776979035,272.8366467255262,0.3333333333333333,0.0039967664185648
0,0,1,0,0,0,-575.514648,16.139894,-88.943848,-79.938499,-0.135551,-8.68231,-1.70082,-0.062222,9,22,6.18,5.9,319.9410746025379,607.764943476022,7093.752814863681,1.653782982826445,11.070148802826312,-54.77448646961908,14.351295512837332,9.60212390735256,15.141810776979035,272.8366467255262,0.3333333333333333,0.0039967664185648
0,0,1,0,0,0,-548.249573,91.038414,-117.559441,-69.399803,-0.11768,-5.62604,-1.44583,0.091,10,22,6.31,5.87,393.3419093235887,669.2096531061167,4720.392290843245,1.7713639093013014,10.610297837789537,-55.40017640528039,13.029015703870591,2.8083431891195225,4.4285411828423245,181.5535496478171,0.3333333333333333,0.0052100014703957
0,0,1,0,0,0,-495.836731,-40.989609,-85.269409,-85.032204,-0.144188,-10.7395,-2.07396,0.274444,9,17,5.42,5.16,409.2500859472016,670.5421013705547,6491.871468701151,1.4050627690384594,10.0496929008982,-51.73775667584626,2.7699482205079207,12.24363482781152,19.30727030539509,249.6873641808135,0.3333333333333333,0.0045926164493296
0,0,1,0,0,0,-631.316711,398.475494,-124.940498,-76.229897,-0.129262,-7.60681,-1.7325,-0.119,10,21,6.31,5.85,288.53316527343213,550.5577211950546,6219.922549292813,1.7810889502283525,10.077867535447016,-45.24308261871652,9.80310892854655,7.572331305315678,11.940983981459338,239.22779035741587,0.0,0.0019909547392989
0,0,1,0,0,0,-489.284973,4642.974121,-119.485977,-77.052803,-0.130657,-7.84544,-1.71228,-0.296,10,18,5.77,5.43,400.98709082780056,683.2808908493292,7115.353432979037,1.4580528677939355,10.857453846981873,-57.920201208612966,10.008290278213805,11.928507209230448,18.810338291478782,273.6674397299629,0.3333333333333333,0.0054565201084847
0,0,1,0,0,0,-553.04071,89.203369,-111.523247,-48.136501,-0.081624,0.540417,-1.04645,-0.377,10,20,5.72,5.55,316.13752305727166,588.5387405854825,7550.469427670769,2.0883954937133926,10.476969904931186,-49.83388635418928,14.613471681856602,11.631916509389445,18.342637572498734,290.4026702950296,0.0,0.0010771183253386
0,0,1,0,0,0,-464.942413,62.399593,-104.68631,-64.941002,-0.11012,-4.33298,-1.41176,-0.231,10,22,5.94,5.64,375.4486072539876,618.5310684222044,5986.349579449642,1.882910606054548,9.3493254295468,-44.505018202373336,10.179274736269848,11.010929731597336,17.36338919213426,230.244214594217,0.0,0.0029842145556178
0,0,1,0,0,0,-494.460968,151.293365,-81.020393,-65.278,-0.110691,-4.4307,-1.41909,-0.264,10,22,6.29,6.17,399.2375536115617,631.3285107966867,5810.383228802229,1.599365220263467,8.926575276350963,-42.58169104654698,6.235233237110422,12.558762446392585,19.804202319311383,223.47627803085496,0.0,0.0010362086341526
0,0,1,0,0,0,-531.249451,613.207703,-95.22934,-65.655998,-0.111332,-4.54032,-1.45902,-0.098,10,24,6.48,6.21,359.80464029328886,608.462067310632,5422.890452189593,1.8108433254171492,9.563747192974738,-45.28826222662375,3.921243571418621,12.660715499462931,19.96497444146077,208.57270969959973,0.0,0.0015646952729771
0,0,1,0,0,0,-516.257751,820.647278,-86.695381,-63.118,-0.107028,-3.80428,-1.31496,-0.404,10,23,6.49,6.12,307.76574476126706,596.0496544019804,4257.164921061554,0.959676860768522,11.087842678488975,-54.172560095649295,15.286010550210376,9.806030013493247,15.463355021277817,163.73711234852132,0.3333333333333333,0.0040551048894664
0,0,1,0,0,0,-521.512146,3438.562988,-71.078796,-64.301598,-0.109035,-4.14754,-1.36812,-0.037,10,24,6.61,6.16,452.5137538566119,683.2668298869047,5354.399968250289,1.7660837296610872,8.875118308857418,-44.8173322267438,7.64870475704039,8.489908782948788,13.38793308080386,205.9384603173188,0.0,0.0014243105835942
0,0,1,0,0,0,-524.37561,209.983917,-107.664253,-64.4132,-0.109225,-4.17991,-1.34194,-0.053333,9,19,5.77,5.56,356.2448810085406,610.8847318050131,4923.947636698111,1.3940756092743194,9.793840415248944,-46.83263854680644,5.254922344255767,12.669983958832963,19.979590088928905,189.3826014114658,0.0,0.0013048279023274
0,0,1,0,0,0,-502.248901,1253.572876,-96.290436,-46.2589,-0.078441,1.08492,-1.00563,0.042,10,21,6.08,5.38,338.6877347609358,606.3148698528404,5162.779492616362,1.6047566968696458,10.293351349688637,-49.69991053654209,14.431088259930156,10.352869116325106,16.32567822189728,198.56844202370624,0.0,0.0014831653828919
0,0,1,0,0,0,-514.474304,60.285362,-92.235092,-71.676697,-0.121541,-6.28634,-1.49326,0.129,10,22,6.49,6.19,408.1329481364572,663.2913399410126,5248.499447627324,1.4430731753369637,9.813784300175207,-49.79756373513588,4.172020776567485,7.1367137149242,11.254048550457393,201.8653633702817,0.0,0.0030571933155775
0,0,1,0,0,0,-592.797791,243.818268,-113.464653,-83.076599,-0.140872,-9.59237,-1.73076,-0.133333,9,20,5.94,5.57,311.22219137042225,604.9357155943349,7257.369956865656,1.4818163241221207,11.296674008612024,-56.086327533792,14.11191727155887,9.231385532551302,14.557184878253976,279.12961372560216,0.3333333333333333,0.0024637476312218
0,1,0,0,0,0,-436.29538,94.840042,-63.441624,-75.967903,-0.163203,-14.3312,-1.99916,-0.536667,6,20,6.44,6.47,46.77614548725916,358.49033337440954,3210.382691202595,0.9825840251899712,18.336128699244146,-63.82151341824984,15.513899067882988,7.720688873407382,14.9872195777908,188.8460406589762,0.0,0.0026458828701678
0,1,0,0,0,0,-422.819397,54.853161,-8.821805,-69.659401,-0.14965,-12.3644,-1.88269,-0.595,6,20,5.97,5.98,21.954071144648594,349.8024285074117,3112.755137076345,0.9674987295768668,19.28519749192724,-67.87066956220475,13.95436232737562,7.794327138524253,15.13016444537061,183.1032433574321,0.0,0.0016413135691789
0,1,0,0,0,0,-424.84433,19.689617,-4.29754,-82.597198,-0.177444,-16.398001,-2.29437,-0.62,6,20,5.99,5.99,25.11307284297453,351.3966269954447,3110.613989354937,0.9639347462934182,19.193150244262952,-67.54965643162026,13.88453232406932,7.794327138524253,15.13016444537061,182.9772934914669,0.0,0.0016265441441771
0,1,0,0,0,0,-435.014038,37.587215,-69.709015,-79.674698,-0.171166,-15.4869,-2.0967,-0.57,6,21,6.58,6.54,47.20603065232928,361.9866457618906,3195.606695081009,1.0795676155477796,18.516506771150667,-65.08044235505477,17.783374175337737,7.828314030116655,15.196138999638212,187.97686441652996,0.0,0.0027593142962654
0,1,0,0,0,0,-447.888855,787.204529,-52.304977,-80.730797,-0.173435,-15.8161,-2.24252,-0.891667,6,22,6.7,6.52,64.62863364685506,354.9627525530056,3222.326879677265,0.9660344654517038,17.078477582714736,-57.23488443179933,21.91498270429382,7.862300921709057,15.262113553905817,189.5486399810156,0.0,0.001056043055749
0,1,0,0,0,0,-435.014038,37.587215,-69.709015,-79.674698,-0.171166,-15.4869,-2.0967,-0.57,6,21,6.58,6.54,47.20603065232928,361.9866457618906,3195.606695081009,1.0795676155477796,18.516506771150667,-65.08044235505477,17.783374175337737,7.828314030116655,15.196138999638212,187.97686441652996,0.0,0.0027593142962654
0,1,0,0,0,0,-424.678345,48.550217,-113.827866,-69.920601,-0.150211,-12.4459,-1.94224,-0.53,6,16,5.55,5.57,26.954005085867664,357.4145714205254,2130.53743464324,1.197990127494335,19.438856843215163,-69.4436326258602,16.922137467893368,7.777333692728051,15.097177168236806,125.32573144960236,0.0,0.0064363692607849
0,1,0,0,0,0,-433.703033,-2.137792,-86.86924,-82.586899,-0.177422,-16.3948,-2.29408,-0.34,6,15,6.17,6.22,31.99709118664748,369.5216008742822,2470.7043103501555,1.4098823054450262,19.85438292280205,-72.90481762905303,17.76009750756897,7.522432005785035,14.602368011229776,145.3355476676562,0.0,0.0025115696547079
0,1,0,0,0,0,-375.869843,54.619221,-91.725372,-70.984802,-0.152497,-12.7777,-1.9718,-0.308333,6,17,6.33,6.11,41.81491680332402,355.10918813545806,2424.674699446874,1.198071091420858,18.429074784243177,-63.97264658050172,22.99734775554148,7.777333692728051,15.097177168236806,142.62792349687493,0.0,0.0018810840830138
0,1,0,0,0,0,-425.511688,645.996704,-76.781281,-78.653,-0.168971,-15.1684,-2.12576,-0.466667,6,21,6.26,6.3,45.62130807302958,374.4303271044652,2887.1280822382,1.1200620433787254,19.341707001849155,-70.63989714433943,27.175509620035093,7.805656102388386,15.152155963459808,169.83106366107057,0.0,0.001475933340158
0,1,0,0,0,0,-440.397217,221.801666,-82.2481,-74.184502,-0.159371,-13.7752,-2.11956,-1.39,6,21,6.02,6.15,44.57647212438576,369.2258290213246,4077.093347768701,1.3648743720918508,19.09702099393758,-68.81752969041585,6.843340324017402,7.8113205843204545,15.163151722504413,239.8290204569824,0.0,0.000572742918311
0,1,0,0,0,0,-429.010864,-1.819428,-87.364456,-83.905502,-0.180255,-16.805901,-2.26772,-0.34,6,15,6.05,6.12,29.18849997970756,370.92133035227954,2445.495620202506,1.3799832191500836,20.101931198386588,-74.39927507683159,19.226527577001274,7.613063716698106,14.778300155943382,143.85268354132387,0.0,0.0028472269741259
0,1,0,0,0,0,-418.806244,221.03743,-102.29705,-72.168602,-0.155041,-13.1467,-1.9505,-0.398333,6,17,6.23,5.97,1.1722253183579596,351.13967028176734,2963.791038937894,1.3881274318470906,20.586320291965254,-74.95751782994978,15.735027411686271,7.4374647768040285,14.437431625560762,174.34064934928787,0.5,0.0053673732086053
0,1,0,0,0,0,-448.369141,34.266438,-112.926865,-68.2798,-0.146686,-11.9344,-1.89666,-0.535,6,15,5.64,5.7,35.7464470629663,365.54913316833466,2307.099868669924,1.257514929516932,19.40015800619814,-70.05868139495344,27.140594618381943,7.7886626565921855,15.119168686326006,135.71175698058377,0.0,0.0068251515266354
0,1,0,0,0,0,-406.763123,122.783401,-64.745667,-87.907997,-0.188854,-18.053699,-2.44189,-0.973333,6,20,6.61,6.67,66.99360542243772,352.5135639704147,3131.8097831375885,1.123942262690665,16.795291679292763,-55.65230345017312,9.72964712734447,5.460560582512631,10.599911718995108,184.2241048904464,0.0,0.0004742532405822
0,0,1,0,0,0,-172.755081,10040.40625,-0.862496,-53.226799,-0.14291,-9.86559,-1.83541,-1.106,10,20,5.14,5.14,187.3143651170638,403.6876500871783,2043.211662094608,0.8611431478248411,13.523330310632158,-28.283666155867444,3.339377193267401,12.469005417854534,20.26213380401362,127.700728880913,0.0,0.0017032839550482
0,0,1,0,0,0,-180.500961,439.393402,-10.852202,-41.978802,-0.11271,-6.06879,-1.44754,-1.072,10,19,5.23,5.3,230.64092584315915,427.0139263758782,2376.696229647526,1.123003004893536,12.27331253329494,-25.806978469747328,3.4038439344501694,12.33396203787777,20.042688311551377,148.54351435297036,0.0,0.0009613485964572
0,0,1,0,0,0,-169.053818,14427.75781,-9.529776,-49.0196,-0.131614,-8.44546,-1.63399,-1.028,10,18,5.33,5.41,214.6136383643704,418.94482676606987,2191.706543338696,0.7444311052832572,12.770699275106216,-26.848051278113367,3.481204023869492,12.4389957778597,20.21336813902201,136.98165895866848,0.0,0.0010320098646242
0,0,1,0,0,0,-169.053818,14427.75781,-9.529776,-49.0196,-0.131614,-8.44546,-1.63399,-1.028,10,18,5.33,5.41,214.6136383643704,418.94482676606987,2191.706543338696,0.7444311052832572,12.770699275106216,-26.848051278113367,3.481204023869492,12.4389957778597,20.21336813902201,136.98165895866848,0.0,0.0010320098646242
0,0,1,0,0,0,-173.747574,10241.6416,-1.983558,-52.190701,-0.140128,-9.51586,-1.79968,-1.14,10,21,5.24,5.27,191.44271555313776,404.86985254333206,2007.1392461704727,0.8253755197622045,13.339196061887144,-27.819188901786777,3.326483845030848,12.4389957778597,20.21336813902201,125.44620288565454,0.0,0.0019874174316066
0,0,1,0,0,0,-178.658707,512.964661,-14.745072,-48.436001,-0.130047,-8.24844,-1.67021,-1.143333,9,19,5.13,5.3,218.4645746155444,426.5541673195395,1583.526906436021,0.8229447972781487,13.005599543999695,-27.840566461661624,3.2491237556115258,12.446498187858408,20.225559555269918,98.9704316522513,0.0,0.0028515934575854
0,0,1,0,0,0,-196.24826,66.063583,-20.524679,-52.945702,-0.142155,-9.77072,-1.89092,-0.696,10,16,4.95,5.23,242.9170924506955,435.1085913719129,2470.854510440081,0.9639213899963168,12.011968682576088,-25.41600088467989,3.378057237977062,12.484010237851953,20.286516636509425,154.42840690250506,0.0,0.0047673202056917
0,0,1,0,0,0,-160.936935,1093.916504,-1.813867,-39.738701,-0.106695,-5.31266,-1.4718,-0.869,10,19,5.34,5.6,232.0463883590178,428.26680237568667,2728.0989661949384,1.09611157069012,12.263775876041803,-25.832440232703405,3.4554173273963844,12.499015057849372,20.31089946900523,170.50618538718365,0.0,0.0008572601561388
0,0,1,0,0,0,-179.809494,4141.561035,-20.132416,-53.722801,-0.144242,-10.033,-1.85251,-0.44,9,13,5.07,5.01,257.89724604593226,440.0952428658822,1531.63305528229,0.8342892596450399,11.387374801246873,-23.90211732459472,3.2491237556115258,12.469005417854534,20.26213380401362,95.72706595514312,0.0,0.0022559789497242
0,0,1,0,0,0,-160.099304,166.296082,-12.80772,-52.498501,-0.140954,-9.61975,-1.87495,-0.739,10,17,5.38,5.75,281.9368826477061,438.0923177655548,1863.2959905563464,0.8754643000403487,9.75971469486554,-19.562409508146956,2.4755228614183054,10.48086676819662,17.031408498319507,116.45599940977164,0.0,0.00236437813641
0,0,1,0,0,0,-175.798187,481.211273,-19.611282,-61.9571,-0.16635,-12.8126,-1.99862,-0.658889,9,16,5.18,5.14,233.95409075356656,422.5376239044534,1670.3762697224606,1.3104268979293907,11.786470821930427,-24.29566442096352,3.3006971485577403,12.40898613786486,20.1646024740304,104.3985168576538,0.0,0.0018338846122843
0,0,1,0,0,0,-163.596558,87.558022,-45.093292,-52.003799,-0.139626,-9.45277,-1.73346,-0.585,10,20,5.21,5.43,295.3496256090758,459.6873503467871,2094.223496689065,1.3001102487373737,10.271107796106952,-21.61906981723112,3.390950586213616,12.536527107842916,20.37185655024474,130.8889685430666,0.0,0.0045356265545
0,0,1,0,0,0,-170.78334,3303.827393,-26.567671,-50.859798,-0.136555,-9.0666,-1.81642,-0.431,10,16,5.09,4.9,253.02668475842788,439.8828780854881,1589.8406703079718,0.9553460378676076,11.678512082941262,-24.688343986936857,3.4167372826867237,12.476507827853244,20.27432522026152,99.36504189424824,0.0,0.0022890484805419
0,0,1,0,0,0,-171.134186,125.126572,-32.738564,-50.762798,-0.136294,-9.03387,-1.8801,-0.486667,9,16,4.79,5.15,289.1013940845722,457.24568388745126,2235.8185986801445,1.1652660997289142,10.509018112679945,-22.168215290341664,3.223337059138418,12.4389957778597,20.21336813902201,139.73866241750903,0.0,0.0044675946859739
0,0,1,0,0,0,-158.637054,137.495041,-24.591721,-51.212799,-0.137502,-9.18576,-1.82903,-0.679,10,18,5.29,5.6,321.6120162010651,462.1447985156972,2177.8166553117057,1.2114688105748803,8.783298894664505,-17.855021355532653,3.223337059138418,12.401483727866152,20.152411057782498,136.1135409569816,0.0,0.0020108517407068
0,0,1,0,0,0,-174.964859,9390.724609,-25.239265,-61.054699,-0.163927,-12.5079,-1.96951,-0.718889,9,14,4.97,4.97,235.43501073597756,446.275601239807,2791.9824111062626,1.3519120590861902,13.17753690648934,-29.20747983120805,3.339377193267401,12.499015057849372,20.31089946900523,174.4989006941414,0.3333333333333333,0.0015764821203365
0,0,1,0,0,0,-167.816849,120.971115,-21.315868,-52.966599,-0.142211,-9.77775,-1.82643,-0.495556,9,12,5.12,5.2,223.11505258840344,419.3266113944181,1436.8253066179768,1.258632481155593,12.263222425375918,-25.461106308251026,3.133083621482543,12.484010237851953,20.286516636509425,89.80158166362355,0.0,0.002371419970376
0,0,1,0,0,0,-177.931213,111.149765,-2.693375,-43.974899,-0.118069,-6.74259,-1.57053,-0.647778,9,15,5.08,5.5,306.2390366804827,482.7656423890909,2106.94566895728,1.200077308931209,11.032912856788016,-24.534987042017068,3.378057237977062,12.356469267873898,20.079262560295085,131.68410430983,0.0,0.0038750741191231
0,0,1,0,0,0,-191.028046,152.815231,-18.234478,-51.354198,-0.137882,-9.23351,-1.90201,-1.175555,9,20,5.16,5.45,237.3968780718463,419.2224078634434,1978.2731591110023,1.4373524480722923,11.364095611974822,-23.038896088221097,3.390950586213616,12.363971677872607,20.091453976542983,123.64207244443764,0.0,0.0051368420719855
0,0,1,0,0,0,-165.571472,16.11237,-35.867989,-41.672699,-0.111888,-5.96549,-1.54343,-0.644,10,20,5.08,5.33,258.3663598212406,444.80546862127846,2384.934430536352,1.3768859397506197,11.652444300002363,-24.81032033842745,3.339377193267401,12.461503007855828,20.24994238776572,149.058401908522,0.0,0.0055848542619969
0,0,1,0,0,0,-166.773468,144.589462,-5.599099,-46.9949,-0.126178,-7.76199,-1.80749,-0.776667,9,16,5.23,5.4,277.6481689017487,454.6740518540972,2054.8927183088704,1.183558131050633,11.06411768452178,-23.57465220030609,3.4554173273963844,12.461503007855828,20.24994238776572,128.4307948943044,0.0,0.0009085500352766
0,0,1,0,0,0,-204.261612,1369.914307,-15.229811,-51.417702,-0.138053,-9.25493,-1.71392,-0.5,10,12,5.13,5.16,160.1572123099998,375.270617101943,1707.580383048402,1.103603035619784,13.44458779949645,-26.77316796103313,1.5600951366229945,10.90100172812433,17.714127808202036,106.72377394052512,0.0,0.0024473665352694
0,0,1,0,0,0,-189.458176,233.586777,-21.744568,-46.536499,-0.124947,-7.60726,-1.66202,-0.725,10,18,5.03,5.35,259.554931008417,439.72056246505264,2647.1760644377864,1.4995179065270683,11.260351966039728,-23.544073508489856,3.4167372826867237,12.378976497870026,20.115836809038797,165.44850402736165,0.0,0.0009471750764096
0,0,1,0,0,0,-180.521713,160.120697,-20.730433,-61.0382,-0.163883,-12.5024,-2.10477,-0.561111,9,14,5.04,5.32,274.8670386069313,426.40625681095855,2243.7459318511887,1.3549486971175944,9.471201137751702,-18.4633117681377,1.2893348236553672,11.24611258806495,18.274932955605543,140.2341207406993,0.3333333333333333,0.0045910757724113
0,0,1,0,0,0,-165.826141,245.277435,-51.594959,-57.125301,-0.153377,-11.1815,-1.90418,-0.908,10,22,5.38,5.49,249.6779325845724,459.0219128418365,1844.005838183647,1.271354870893345,13.08399876607901,-29.49663334403348,3.481204023869492,12.469005417854534,20.26213380401362,115.25036488647794,0.0,0.0040936192611554
0,0,1,0,0,0,-147.872253,124.000648,-18.343748,-56.498001,-0.151693,-10.9698,-1.76556,-0.668,10,17,5.24,5.32,242.87821880601217,418.3858789275932,2105.3978429320805,1.0970505102788874,10.969228757598811,-21.973658455380043,3.3006971485577403,12.499015057849372,20.31089946900523,131.58736518325503,0.0,0.0011325844543798
0,0,1,0,0,0,-163.817459,26.725698,-10.607331,-59.2131,-0.158983,-11.8863,-2.04183,-0.536667,9,19,5.25,5.6,300.21298901125226,481.4156425037244,2732.450426368336,0.9997259338626672,11.325165843279509,-25.31195381534142,3.2878038003211865,12.4389957778597,20.21336813902201,170.778151648021,0.0,0.0032016992061005
0,0,1,0,0,0,-176.079361,279.186981,-10.190971,-50.081699,-0.134466,-8.80396,-1.72695,-0.796667,9,23,5.4,5.6,319.1327020064798,485.8652242301222,2675.6199437489668,0.8545439754173633,10.42078263897765,-22.93842434854469,3.519884068579153,12.484010237851953,20.286516636509425,167.22624648431042,0.0,0.0033430519426811
0,0,1,0,0,0,-167.574112,151.518753,-7.03932,-46.462002,-0.124747,-7.58212,-1.65936,-0.817,10,15,5.16,5.4,303.6588712161915,480.2766062189299,2007.32419781918,1.2598920295282936,11.038608437671147,-24.45837078882373,3.571457461525368,12.506517467848075,20.323090885253126,125.45776236369876,0.0,0.0041059485952465
0,0,1,0,0,0,-180.040375,274.564331,-31.61805,-45.265202,-0.121534,-7.17813,-1.50884,-0.78,9,18,5.32,5.72,263.75454225456576,432.44708717313233,2441.1070074718027,1.36605706885031,10.543284057410412,-21.378092126656025,3.4683106756329383,12.43149336786099,20.201176722774107,152.56918796698767,0.0,0.0023991116659189
0,0,1,0,0,0,-187.242081,20.115152,-20.68128,-49.4575,-0.13279,-8.59325,-1.70543,-0.661,10,17,4.98,5.2,223.3443291176073,411.2009975317882,1902.0456709024588,1.2398781819332645,11.741041775886304,-23.724274427087416,1.057254555397401,11.43367283803268,18.579718361803103,118.87785443140368,0.0,0.0019971932678718
0,0,1,0,0,0,-156.304886,176.483276,-16.989677,-52.302898,-0.140429,-9.55372,-2.17929,-0.834,10,21,5.15,5.4,238.01577870759212,447.5439393818619,2036.6201484860007,0.8816578732982592,13.09551004214186,-29.023723003229712,3.3522705415039544,12.401483727866152,20.152411057782498,127.28875928037507,0.0,0.0016502045899458
0,0,1,0,0,0,-164.594315,167.523712,-27.329895,-51.552799,-0.138415,-9.30053,-1.77768,-0.395,10,14,4.78,4.93,254.23721292505732,454.3623507989523,1409.2445586065232,1.0743943622745549,12.507821117118436,-27.612179375875595,3.4683106756329383,12.521522287845498,20.347473717748933,88.0777849129077,0.0,0.0012908577327035
0,0,1,0,0,0,-175.65387,3070.866211,-33.365967,-55.7299,-0.149631,-10.7105,-1.92172,-0.609,10,15,5.05,5.18,263.6116858261849,463.0144395431311,1752.1591703576896,0.935991509066059,12.462672107309134,-27.84584752287005,3.3651638897405087,12.484010237851953,20.286516636509425,109.5099481473556,0.0,0.0055349484005124
0,0,1,0,0,0,-170.53157,1229.168579,-16.979542,-52.935699,-0.142128,-9.76732,-1.89056,-0.58,10,16,5.3,5.09,200.4725672937544,419.92427604376655,1359.516872892219,0.8135242697148205,13.715731796875762,-29.579646516263345,3.4554173273963844,12.371474087871317,20.103645392790888,84.96980455576369,0.0,0.0022138097284181
0,0,1,0,0,0,-185.132751,83.909744,-20.627645,-45.395901,-0.121884,-7.22224,-1.56537,-0.824444,9,20,4.96,5.27,202.07016646979736,417.0455889725722,2517.174818665091,1.294358480113916,13.435963906423428,-28.64296819471885,2.810749915568701,12.078880097921662,19.6281801591227,157.3234261665682,0.0,0.0012495995434953
0,0,1,0,0,0,-147.857544,74.58139,-7.632198,-59.151001,-0.158816,-11.8653,-2.03969,-0.685,10,17,5.24,5.56,273.2706953304866,454.5582209888099,2013.3864868745725,1.067260482105163,11.330470353645207,-24.3006217193858,1.4440550024940113,12.191416247902296,19.81105140284123,125.83665542966077,0.0,0.0041366462993586
0,0,1,0,0,0,-167.927505,1951.754639,-28.923532,-51.6763,-0.138747,-9.34221,-1.78194,-0.375,10,13,5.16,5.05,257.6773775788597,454.7424146801507,1464.0127873055662,0.7757545833716326,12.316564818830686,-27.078624108064115,3.494097372106045,12.514019877846788,20.33528230150103,91.50079920659788,0.0,0.0020219394448647
0,0,1,0,0,0,-163.048019,461.923706,-0.815161,-59.608898,-0.160045,-12.0199,-2.12889,-0.959,10,19,5.22,5.52,192.1968182422997,400.94028060562,1609.5266069778863,0.8208028981182284,13.046466397707515,-26.829661324663256,2.939683397934237,12.4389957778597,20.21336813902201,100.5954129361179,0.0,0.0018390855340359
0,0,1,0,0,0,-185.811722,23.345829,-15.310078,-60.800098,-0.163244,-12.422,-2.17143,-0.69,10,17,5.08,5.46,245.84436604677109,424.43605048858046,2330.831894722689,1.4429454457753408,11.161980277613086,-22.70367772802604,1.1604013412898304,9.723123358327,15.800075457281377,145.67699342016806,0.0,0.0056373844629826
0,0,1,0,0,0,-171.021866,3521.349121,-24.531647,-56.783699,-0.15246,-11.0663,-2.02799,-0.728889,9,17,5.05,5.28,265.8175664156699,471.2740750266324,2383.1534158279064,1.2295597224952444,12.841031788185155,-29.311186637143223,3.274910452084633,12.506517467848075,20.323090885253126,148.94708848924415,0.0,0.0011373439811119
0,0,1,0,0,0,-187.783127,1079.143188,-21.38435,-49.729698,-0.13352,-8.68513,-1.60418,-0.444444,9,10,4.98,4.87,225.4213953129174,406.6613224010446,1795.2795924657703,0.9948548786405936,11.327495443007948,-22.46238956782559,3.6488175509446896,12.461503007855828,20.24994238776572,112.20497452911064,0.0,0.0017063184939075
0,0,1,0,0,0,-157.932297,133.142593,-25.331474,-32.921299,-0.088391,-3.01141,-1.2662,-0.784,10,20,5.22,5.5,257.3072790360482,463.14288102681655,2621.4725729626307,1.2463369224995515,12.86472512442302,-29.02888375454979,3.378057237977062,12.386478907868732,20.12802822528669,163.84203581016442,0.0,0.0012115471806526
0,0,1,0,0,0,-166.289246,305.467682,-48.828255,-51.7024,-0.138817,-9.35103,-1.78284,-0.615556,9,14,4.99,4.83,228.5463857063634,426.5368861017346,1254.2545026369564,1.0631077205454116,12.3744062747107,-26.067148969508334,3.661710899181243,12.506517467848075,20.323090885253126,78.39090641480978,0.0,0.0010942034993669
0,0,1,0,0,0,-151.885468,534.704895,-16.034573,-39.292801,-0.105498,-5.16213,-1.51126,-0.85,10,19,5.24,5.6,277.0601500234593,433.367514823589,2369.5464052274097,1.281738015885429,9.769210300008105,-19.430758827320265,3.0944035767728817,11.561213808010733,18.78697243801744,148.0966503267131,0.0,0.0020871074383184
0,0,1,0,0,0,-176.212326,150.878189,-29.59502,-54.011398,-0.145017,-10.1304,-2.16046,-1.104,10,16,5.11,5.1,181.28806031904497,389.2308420718879,2052.690655762758,0.9855640495461908,12.996423859552682,-26.17834336868712,3.145976969719096,12.58154156783517,20.445005047732156,128.29316598517238,0.0,0.0017799842267865
0,0,1,0,0,0,-169.79718,91.014755,-15.868895,-64.133797,-0.172194,-13.5473,-2.21151,-0.759,10,17,5.16,5.32,272.5320432299831,459.78589999426936,1199.1332340484005,0.790871323742361,11.70336604776789,-25.54226642997892,3.3006971485577403,12.446498187858408,20.225559555269918,74.94582712802503,0.0,0.0028747146254572
0,0,1,0,0,0,-197.456268,19.130207,-16.602797,-65.857803,-0.176823,-14.1292,-2.35206,-0.64,10,18,5.14,5.32,222.96715805818883,416.80451229687776,1836.344522732128,1.277536045042948,12.114834639918058,-24.952941198068924,1.108827948343616,11.57621862800815,18.811355270513243,114.77153267075798,0.0,0.0047665966720541
0,0,1,0,0,0,-168.163651,129.166092,-0.735868,-58.3218,-0.15659,-11.5854,-2.08292,-0.698,10,18,5.19,5.35,278.728650865065,471.52766399231655,2117.874604291341,0.7684456569771498,12.049938320453224,-27.00127003384525,3.4554173273963844,12.469005417854534,20.26213380401362,132.3671627682088,0.0,0.0031747540308606
0,0,1,0,0,0,-171.933228,67.280273,-14.117546,-56.1824,-0.150845,-10.8633,-1.87275,-0.95,10,19,5.3,5.48,242.7372431542662,457.0293613886125,2052.0787476108926,1.025029784140745,13.393257389646646,-30.32734794013774,3.494097372106045,12.476507827853244,20.27432522026152,128.2549217256808,0.0,0.0018174651005935
0,0,1,0,0,0,-167.306641,305.486145,-6.117222,-53.693501,-0.144163,-10.0231,-1.91763,-0.759,10,17,5.15,5.41,295.1449038958792,460.51126866423897,2392.162512763779,1.233127966190873,10.335397798022484,-21.81897296548198,3.3651638897405087,12.446498187858408,20.225559555269918,149.5101570477362,0.3333333333333333,0.0020857166256715
0,0,1,0,0,0,-170.235397,42.734001,-13.271849,-51.935101,-0.139442,-9.42957,-1.85482,-0.862,10,17,5.39,5.42,203.89057093665585,415.7221623396199,1604.173899783901,1.0287672861708137,13.239474462685257,-28.024595548295853,3.390950586213616,12.40898613786486,20.1646024740304,100.26086873649382,0.0,0.0021179506090337
0,0,1,0,0,0,-166.872452,368.561249,-1.747591,-50.853901,-0.136539,-9.06461,-1.88348,-1.178,10,16,5.09,5.14,253.22787525265187,450.8837129429105,1957.6535448141249,1.18105843435313,12.353489855641165,-27.02363739586856,3.378057237977062,12.363971677872607,20.091453976542983,122.3533465508828,0.0,0.0021874223842498
0,0,1,0,0,0,-183.450592,37.083866,-10.539183,-53.2817,-0.143057,-9.88412,-1.8373,-1.07,10,21,5.18,5.39,296.207833992446,485.59870507871193,2460.0143916985444,1.1964316103400996,11.836929442891623,-26.94969165877848,3.506990720342599,12.484010237851953,20.286516636509425,153.75089948115902,0.0,0.0033933033162961
0,0,1,0,0,0,-164.382263,5539.994141,-38.376518,-46.064098,-0.123679,-7.44782,-1.84257,-0.677778,9,18,5.19,5.54,235.2958241696253,411.68492079453137,2299.6756711805087,1.0226230821242257,11.02431853905663,-21.867615074290708,3.4683106756329383,12.536527107842916,20.37185655024474,143.7297294487818,0.0,0.0026995350406633
0,0,1,0,0,0,-165.075134,0.604507,-24.342569,-58.895199,-0.158129,-11.779,-1.89984,-0.584444,9,14,5.0,5.09,243.43041271192573,455.9263133013521,1768.0869525590851,1.193696867834021,13.280993786839147,-29.943262919004116,3.4683106756329383,12.506517467848075,20.323090885253126,110.50543453494282,0.0,0.001512210868098
0,0,1,0,0,0,-167.846893,72.78994,-34.214733,-57.8139,-0.155226,-11.414,-1.86496,-0.581,10,16,4.91,4.85,287.3809898550435,470.3812039126756,2457.960582862095,0.8933696496889224,11.437513378602004,-25.206704479117708,3.4167372826867237,12.499015057849372,20.31089946900523,153.62253642888095,0.0,0.0042855921763379
0,0,1,0,0,0,-175.721222,347.751038,-8.960567,-54.008598,-0.145009,-10.1295,-2.00032,-0.838,10,17,5.32,5.58,213.0411264526672,404.89286139093576,2630.818781236199,1.258181199006946,11.990733433641788,-24.13525651553929,1.0314678589242938,8.537742578530962,13.873831690112812,164.42617382726243,0.0,0.0018315497615848
0,0,1,0,0,0,-187.761505,3476.731201,-17.925797,-61.852501,-0.166069,-12.7772,-2.06175,-0.633,10,16,5.21,5.5,286.5810582612184,426.0715960724142,2352.28239443986,0.935847482240852,8.718158613199737,-16.631168593931363,1.779282056644407,12.378976497870026,20.115836809038797,147.01764965249126,0.0,0.0012583046182595
0,0,1,0,0,0,-182.144714,135.500473,-22.499748,-57.0308,-0.153123,-11.1497,-1.90103,-0.885,10,19,5.21,5.59,272.05235988821727,456.2977734468012,2698.546663313024,1.3018966539477432,11.515338347411497,-24.879565699357805,3.339377193267401,12.356469267873898,20.079262560295085,168.659166457064,0.0,0.0015043843071561
0,0,1,0,0,0,-172.879684,114.151855,-12.330175,-66.383698,-0.178235,-14.3068,-2.21279,-0.664,10,16,5.17,5.6,265.3848171898794,462.8472320843695,1549.402113013848,1.1547774873031351,12.341400930905634,-27.48715422756249,3.378057237977062,12.469005417854534,20.26213380401362,96.8376320633655,0.0,0.0021098629467372
0,0,1,0,0,0,-170.181213,356.418884,-16.43565,-48.444302,-0.130069,-8.25124,-1.61481,-1.072,10,22,5.49,5.79,267.8722761723671,481.3499837089064,2910.3489768028817,0.9934629472620587,13.342356721033706,-31.26996114745397,3.4038439344501694,12.401483727866152,20.152411057782498,181.8968110501801,0.0,0.0013284578249945
0,0,1,0,0,0,-180.335556,32.691639,-7.207761,-58.013599,-0.155762,-11.4814,-1.87141,-0.753333,9,18,5.2,5.78,305.26472874944875,466.7986083466804,1969.095485290618,1.5506954479273445,10.095867474826978,-21.396898781397667,3.274910452084633,12.476507827853244,20.27432522026152,123.06846783066362,0.3333333333333333,0.0033530419028364
0,0,1,0,0,0,-177.351944,3652.023926,-27.130676,-62.018398,-0.166515,-12.8332,-2.06728,-0.39,10,13,5.13,5.27,269.44640632385426,442.8339594474869,2392.2797896702305,1.0698130118032934,10.83672207022704,-22.524360338701296,3.3135904967942937,12.454000597857116,20.23775097151781,149.5174868543894,0.0,0.0027359692993855
0,0,1,0,0,0,-163.116379,385.355743,-8.664053,-68.771599,-0.184647,-15.1128,-2.37144,-0.72,10,20,5.11,5.3,230.0142471844751,449.1946275406143,2299.1118680564505,1.1519583853143016,13.698773772258695,-30.88300640310328,3.274910452084633,12.484010237851953,20.286516636509425,143.69449175352815,0.0,0.0014413346435905
0,0,1,0,0,0,-165.326416,66.653687,-20.089775,-50.1087,-0.134538,-8.81308,-1.7896,-0.725555,9,19,5.22,5.33,222.5573444253377,438.7913098399274,2020.682735418483,1.0704078910589625,13.514622838411857,-29.85930287267341,3.390950586213616,12.40898613786486,20.1646024740304,126.29267096365518,0.0,0.0027323527375834
0,0,1,0,0,0,-177.620392,119.412125,-24.512394,-51.507,-0.138292,-9.28509,-1.7169,-0.66,10,17,5.17,5.58,241.29320099566576,438.8556903654341,2184.287371635415,1.497776578315899,12.347655585610518,-26.506034559681545,1.0056811624511863,10.788465578143692,17.531256564483503,136.51796072721345,0.0,0.001858932163887
0,0,1,0,0,0,-143.951248,149.480011,-15.869382,-61.829899,-0.166009,-12.7696,-2.13207,-0.516,10,15,5.22,5.5,264.771684990222,431.6426132984736,2188.5814883443536,1.0247122448977728,10.42943301926573,-21.05485989622806,2.604456343783842,12.40898613786486,20.1646024740304,136.7863430215221,0.0,0.0064552270829215
0,0,1,0,0,0,-177.907288,38.13311,-10.296332,-55.711399,-0.149581,-10.7043,-1.92108,-0.847778,9,19,5.39,5.98,295.0149803572557,489.9723281094947,1534.9898728681435,1.2036968372690444,12.18483423451494,-28.15031663714437,3.506990720342599,12.476507827853244,20.27432522026152,95.93686705425898,0.0,0.0039724935720353
0,0,1,0,0,0,-164.410339,1549.290771,-14.285648,-63.825298,-0.171366,-13.4431,-2.20087,-0.863,10,21,5.39,5.77,288.34339931117825,479.7536957421916,3015.0544704867334,0.9307865797675058,11.963143526938332,-27.08267994800871,3.378057237977062,12.4389957778597,20.21336813902201,188.44090440542084,0.0,0.003274194068286
0,0,1,0,0,0,-179.335831,527.26593,-10.933634,-51.3186,-0.137786,-9.22147,-1.76961,-0.995,10,21,5.28,5.61,302.671787720854,471.604581389915,2223.259783426158,1.2098203517223087,10.55829960431631,-22.811620230564063,3.274910452084633,12.454000597857116,20.23775097151781,138.95373646413486,0.0,0.0010293455663428
0,0,1,0,0,0,-184.245071,140.320801,-28.55644,-43.2756,-0.116192,-6.50653,-1.6028,-1.221,10,19,5.33,5.5,221.45605051688608,426.26618799296045,2853.8408022669955,1.083221541210836,12.800633592254648,-27.247774107763696,3.4683106756329383,12.566536747837752,20.420622215236342,178.36505014168722,0.0,0.0015432146097183
0,0,1,0,0,0,-195.845016,23.432747,-16.954014,-66.966904,-0.179801,-14.5036,-2.3092,-0.784,10,17,5.33,5.46,190.09571738826355,387.6706652132178,1940.9714810794112,1.1175216587003265,12.34843423905964,-24.376297178172837,1.340908216601582,12.288947577885516,19.969539814063964,121.3107175674632,0.0,0.0014259898058172
0,0,1,0,0,0,-177.063751,443.349274,-21.434006,-58.454201,-0.156945,-11.6301,-1.88562,-0.761111,9,19,5.24,5.62,240.54896752887123,428.3289950941028,1962.714525458131,1.280366282652868,11.736251722826973,-24.38959902345072,1.108827948343616,10.878494498128203,17.67755355945833,122.6696578411332,0.0,0.001122748191098
0,0,1,0,0,0,-191.569672,225.453156,-14.948143,-65.576103,-0.176067,-14.0342,-2.11536,-0.832,10,22,5.27,5.62,149.0705529760893,373.76906855687866,2207.9548242636474,1.216964407679041,14.043657223799336,-28.349051198416674,2.6689230849666106,2.168196489626932,3.5233192956437644,137.99717651647796,0.0,0.0020047182171278
0,0,1,0,0,0,-162.691101,6.31986,-9.110853,-64.131302,-0.172188,-13.5465,-2.13771,-0.681,10,19,5.28,5.54,257.38443045525906,454.1548778568843,2992.969598222673,0.9076096399455152,12.298152962601575,-27.0015524672618,3.4296306309232767,12.401483727866152,20.152411057782498,187.0605998889171,0.0,0.0011181060164421
0,0,1,0,0,0,-147.973282,457.082275,-9.789299,-48.575901,-0.130423,-8.29566,-1.79911,-0.73,10,20,5.49,5.8,267.7062604539173,436.6999629181996,1938.5911658533237,1.0470587991806115,10.562106404017644,-21.578499681471246,2.2692292896334463,7.787501578660052,12.654690065322583,121.16194786583272,0.0,0.0037503181081854
0,0,1,0,0,0,-167.276932,192.055984,-16.104141,-59.157799,-0.158834,-11.8676,-2.03992,-0.531,10,18,5.15,5.6,238.06322953935444,425.224078936907,2388.0919597096176,0.9629758612980476,11.697553087347035,-24.16224001335006,3.3135904967942937,12.499015057849372,20.31089946900523,149.2557474818511,0.0,0.0013449811242641
0,0,1,0,0,0,-163.371445,92.952652,-11.374031,-61.914501,-0.166236,-12.7982,-2.13498,-0.687,10,17,5.18,5.57,273.4147843054688,479.25568693492175,2588.6929016072245,1.058667126585895,12.86505641434081,-29.72905991049512,3.674604247417797,12.416488547863572,20.176793890278304,161.79330635045153,0.0,0.0042394289636836
0,0,1,0,0,0,-168.380585,58.644783,-12.280663,-42.334099,-0.113664,-6.18873,-1.56793,-1.001,10,20,5.34,5.57,203.35311670500693,410.5228019158267,1982.918078341978,0.955828533978407,12.948105325676234,-26.97715941263317,1.1732946895263845,11.823798157965552,19.213672006694026,123.93237989637362,0.0,0.0014388092288958
0,0,1,0,0,0,-182.861221,35.448681,-11.467733,-45.703499,-0.12271,-7.32608,-1.57598,-0.989,10,21,5.13,5.36,238.55877595745275,448.625109398217,2322.420344240278,1.291583699893851,13.129145840047764,-29.169982574433934,3.519884068579153,12.469005417854534,20.26213380401362,145.15127151501738,0.0,0.0019397606123066
0,0,1,0,0,0,-166.204208,145.988541,-21.174307,-53.23,-0.142918,-9.86668,-1.90107,-0.549,10,17,4.97,5.33,243.9342870545873,455.3008462944824,2267.2515961768067,1.2304687321414722,13.210409952493446,-29.70593271333677,3.274910452084633,12.348966857875189,20.06707114404718,141.70322476105042,0.0,0.005651942843067
0,0,1,0,0,0,-182.917297,23.436539,-14.837881,-55.0704,-0.14786,-10.4879,-1.89898,-0.666,10,17,5.15,5.49,293.3307966261264,471.0545568545154,2050.744586919724,1.3469969311927927,11.107735014274317,-24.30745627248532,3.3522705415039544,12.506517467848075,20.323090885253126,128.17153668248272,0.0,0.0015272090186733
0,0,1,0,0,0,-179.821075,625.293152,-22.83073,-57.4226,-0.154175,-11.2819,-2.05081,-0.695,10,16,5.14,5.43,324.20883653119864,484.8829725927814,2431.596523689748,1.339409317788356,10.042133503848923,-21.86645265697302,3.26201710384808,12.356469267873898,20.079262560295085,151.97478273060923,0.0,0.0040790729281046
0,0,1,0,0,0,-168.162079,54.20425,-12.160585,-52.594799,-0.141213,-9.65226,-1.81361,-0.612222,9,14,5.01,5.33,231.94489918376144,433.4722345787086,2098.3876774838445,0.9560245591521264,12.595458462184196,-26.97771030925841,3.4296306309232767,12.551531927840337,20.396239382740543,131.14922984274028,0.0,0.0021910334372397
0,0,1,0,0,0,-170.460205,384.864777,-21.421896,-58.0397,-0.155832,-11.4902,-2.00137,-0.469,10,16,4.96,5.49,300.13194870348275,485.78678274219095,2665.5895469271404,0.8948681626880745,11.603427127419264,-26.27920426353704,3.3651638897405087,12.454000597857116,20.23775097151781,166.59934668294628,0.0,0.0055799759308115
0,0,1,0,0,0,-161.795837,295.955872,-13.998176,-52.5583,-0.141115,-9.63995,-1.81236,-0.69,10,16,5.13,5.57,269.4093736328002,465.2620794702697,2234.674233917173,1.21676012273374,12.240794114841844,-27.296322392884218,3.4683106756329383,12.536527107842916,20.37185655024474,139.6671396198233,0.0,0.0021700340503867
0,0,1,0,0,0,-175.78804,199.570206,-11.247962,-66.087997,-0.177441,-14.2069,-2.13187,-0.739,10,19,5.29,5.52,220.8451198902964,439.778600808207,2259.5093584411225,0.9934234485072652,13.683342557369414,-30.402234481228074,3.4038439344501694,12.393981317867445,20.1402196415346,141.21933490257015,0.0,0.0015153660850722
0,0,1,0,0,0,-162.493576,104.471909,-16.102737,-54.872601,-0.147329,-10.4211,-2.03232,-0.87,10,23,5.43,5.65,281.74840380432016,477.0284501525599,2169.4598872158776,0.9100872256349356,12.20500289676498,-27.677328111776077,3.3651638897405087,12.446498187858408,20.225559555269918,135.59124295099235,0.0,0.0014253399492597
0,0,1,0,0,0,-173.333771,85.634476,-7.554974,-46.683899,-0.125343,-7.65702,-1.60979,-0.602,10,17,4.98,5.3,246.0670238449736,462.3205851281058,2142.9046236846734,0.9997757606850152,13.515847580195764,-30.935580525828648,3.3522705415039544,12.423990957862278,20.1889853065262,133.9315389802921,0.0,0.0050526292032705
0,0,1,0,0,0,-166.85556,278.991852,-26.145708,-52.612499,-0.141261,-9.65825,-1.81423,-0.737,10,18,5.13,5.32,273.46467712325773,461.570757266506,2528.010663879216,1.517976165455382,11.756630008953016,-25.76308757611101,3.54567076505226,12.4389957778597,20.21336813902201,158.00066649245096,0.0,0.0027252542242417
0,0,1,0,0,0,-197.064713,540.247498,-19.753172,-60.313702,-0.161938,-12.2578,-2.15406,-0.646,10,19,5.35,5.66,248.42672792188853,432.6274460565391,2300.178238115159,1.3400263325782191,11.51254488341566,-23.95263007411344,3.390950586213616,12.484010237851953,20.286516636509425,143.76113988219743,0.0,0.0049248199952407
0,0,1,0,0,0,-170.172577,105.151398,-50.497517,-54.9021,-0.147408,-10.4311,-1.77104,-0.787,10,19,5.17,5.24,282.3133865488724,462.7612684731832,2068.618607850066,1.3627249282380327,11.277992620269426,-24.468181640792945,3.506990720342599,12.423990957862278,20.1889853065262,129.28866299062912,0.0,0.0010990498864735
0,0,1,0,0,0,-168.67128,177.099884,-49.406528,-48.366901,-0.129861,-8.22511,-1.61223,-0.921,10,20,5.11,5.26,206.1513544221672,422.4495462324832,1478.7685847929652,0.9976448025490832,13.518636988144747,-29.125940439333725,3.4554173273963844,12.469005417854534,20.26213380401362,92.42303654956032,0.0,0.0019887680850663
0,0,1,0,0,0,-172.45195,63.747501,-25.564131,-50.961899,-0.136829,-9.10107,-1.82007,-1.085556,9,21,5.25,5.41,259.48375844808874,448.3147849407919,1402.3873291875943,1.1394125886020756,11.80193915579395,-25.363540659324173,3.3006971485577403,12.378976497870026,20.115836809038797,87.64920807422465,0.0,0.0048251272871428
0,0,1,0,0,0,-161.504669,27.728292,-46.011913,-42.7314,-0.11473,-6.32283,-1.42438,-0.625,10,17,5.06,5.42,281.85118476904404,470.2922658671303,1799.212857251835,1.099494423830622,11.77756756863039,-26.16874705510732,3.3522705415039544,12.476507827853244,20.27432522026152,112.45080357823969,0.0,0.0046873214204544
0,0,1,0,0,0,-154.469681,274.273102,-18.625639,-51.542099,-0.138387,-9.29691,-1.84079,-0.753,10,17,5.12,5.36,277.29201062324023,438.2704150955646,2410.696859645032,1.4128395433211287,10.061150279520271,-20.33632616858062,1.3151215201284747,12.318957217880351,20.01830547905557,150.6685537278145,0.0,0.0007947457455594
0,0,1,0,0,0,-168.982895,2240.483154,-47.937115,-40.353699,-0.108347,-5.52025,-1.39151,-0.685,10,17,5.1,4.94,207.1056584217629,415.3232931502838,2167.0263736469697,1.1035181492336874,13.013602170532554,-27.37033838051393,3.506990720342599,12.521522287845498,20.347473717748933,135.4391483529356,0.0,0.0009584073330233
0,0,1,0,0,0,-171.55484,2556.733398,-16.47426,-61.946098,-0.166321,-12.8088,-1.99826,-0.828889,9,17,5.15,5.39,239.4904617190478,438.8051249813305,2557.916478342344,1.1480360916801005,12.457166453892668,-26.812613974451452,3.378057237977062,12.423990957862278,20.1889853065262,159.8697798963965,0.0,0.0025756677246654
0,0,1,0,0,0,-159.561493,185.929871,-16.700764,-60.1982,-0.161628,-12.2188,-2.0758,-0.547,10,21,5.39,5.71,294.44710552838654,469.401607142366,2482.058340712734,0.8592246800049184,10.934656350873716,-23.765598980946372,3.4683106756329383,12.469005417854534,20.26213380401362,155.1286462945459,0.0,0.0047199046805032
0,0,1,0,0,0,-166.968918,-27.012402,-15.070397,-61.2948,-0.164572,-12.589,-2.11362,-0.763333,9,18,5.26,5.57,274.01455539514967,468.14600252922,1924.256723857569,1.08274198735893,12.133215445879395,-27.104010235579235,3.558564113288814,12.536527107842916,20.37185655024474,120.26604524109808,0.0,0.0018676974772703
0,0,1,0,0,0,-178.550461,21.408186,-7.77631,-61.110001,-0.164076,-12.5266,-2.10724,-0.686,10,19,5.1,5.16,237.02762982394785,430.2131148947839,1361.061436484813,0.8197843408043506,12.074092816927251,-25.38855644909253,3.4038439344501694,12.401483727866152,20.152411057782498,85.06633978030081,0.0,0.001750498604185
0,0,1,0,0,0,-170.73291,87.14801,-10.372546,-54.2393,-0.145628,-10.2074,-1.93712,-0.665556,9,13,5.08,5.29,298.3164338625612,456.96072815943546,2293.4340360508263,1.1647488356582287,9.91526839355464,-20.588480933509278,3.4038439344501694,12.499015057849372,20.31089946900523,143.33962725317664,0.0,0.0023131015738048
0,0,1,0,0,0,-184.252609,553.26532,-20.026882,-49.080898,-0.131779,-8.46615,-1.81781,-1.271,10,19,5.22,5.3,223.68878951117009,415.82238357004775,2086.694573585163,1.3654982952994834,12.008349628679856,-24.62482386008457,3.5327774168157067,12.499015057849372,20.31089946900523,130.4184108490727,0.0,0.0023454865242221
0,0,1,0,0,0,-180.465469,54.621078,-23.368408,-59.432499,-0.159572,-11.9603,-2.0494,-0.988889,9,23,5.35,5.67,262.41787766796847,447.4089590590069,1713.712797396421,1.1095692462397009,11.5619425869399,-24.66268597376689,1.0830412518705084,11.34364391804817,18.433421366828277,107.10704983727628,0.0,0.0045452160454268
0,0,1,0,0,0,-172.754837,101.451057,-13.824375,-50.8116,-0.136425,-9.05035,-1.69372,-1.104,10,21,5.41,5.68,274.6786620250903,462.2669715633368,2473.4725771971343,1.1198972688932805,11.724269346140408,-25.699230245912663,3.4167372826867237,12.461503007855828,20.24994238776572,154.5920360748209,0.0,0.003395112593978
0,0,1,0,0,0,-173.241013,69.800339,-29.54278,-63.0942,-0.169403,-13.1964,-2.0353,-0.644,10,18,5.02,5.11,230.60774418422656,440.2705870004523,2684.727128438603,1.2614918033053926,13.103927676014107,-28.72685213001704,3.442523979159831,12.484010237851953,20.286516636509425,167.79544552741268,0.0,0.0011745024446081
0,0,1,0,0,0,-161.71666,106.378998,-24.61867,-72.068802,-0.193499,-16.2258,-2.48513,-0.61,10,17,5.24,5.51,182.61661871164023,398.7798088126724,2438.127366139091,0.9690420034707464,13.510199381314507,-28.02297861762649,3.197550362665311,8.860346208475454,14.398062588772612,152.3829603836932,0.0,0.0014444084337046
0,0,1,0,0,0,-163.932251,4332.611816,-15.404666,-63.036701,-0.169249,-13.177,-2.03344,-0.41,10,15,5.33,5.31,242.0705168097004,448.2686689171759,1767.6272620460013,0.9573839443445998,12.887384506717218,-28.4492024813241,3.506990720342599,12.596546387832587,20.46938788022796,110.47670387787508,0.0,0.0031555854331962
0,0,1,0,0,0,-198.017014,145.892059,-31.370142,-52.081902,-0.139836,-9.47912,-1.79593,-0.743,10,18,5.48,5.85,315.45910153179136,478.7794087059444,2558.2928189715312,1.2029077687631904,10.207519198384569,-22.107536912079475,3.481204023869492,12.476507827853244,20.27432522026152,159.8933011857207,0.0,0.0049410790848845
0,0,1,0,0,0,-175.422256,67.589447,-16.44249,-65.381699,-0.175545,-13.9685,-2.17939,-0.599,10,17,5.18,5.66,281.0586927026108,463.03073747685033,1669.9294577130322,0.8653063949366088,11.373252798389974,-24.743660951689083,3.4296306309232767,12.469005417854534,20.26213380401362,104.37059110706451,0.0,0.0034388417360531
0,0,1,0,0,0,-160.557343,43.31007,-20.752214,-57.9725,-0.155652,-11.4675,-1.93242,-0.785555,9,19,5.28,5.6,277.4402367660128,478.8784991596739,2824.7890900224197,1.243368764398389,12.58989139960382,-28.89021878278365,3.378057237977062,12.4389957778597,20.21336813902201,176.5493181264012,0.0,0.002068457085672
0,0,1,0,0,0,-160.493881,75.160683,-49.240883,-61.263401,-0.164488,-12.5784,-2.04211,-0.513,10,15,5.18,5.14,209.5470441534923,429.2126970839611,1182.4620111189097,1.003126260879971,13.7291033081543,-30.04852321252372,3.6874975956543503,12.43149336786099,20.201176722774107,73.90387569493186,0.0,0.0017566456170419
0,0,1,0,0,0,-163.040131,42.948727,-13.024635,-56.820499,-0.152559,-11.0787,-2.0293,-0.916,10,20,5.53,5.93,297.1973737314293,473.8132832672627,2147.2731231078587,1.320472954409084,11.038494345989587,-24.21740140905023,3.442523979159831,12.521522287845498,20.347473717748933,134.20457019424117,0.0,0.0044747426684567
0,0,1,0,0,0,-175.174469,61.899822,-14.881857,-58.254299,-0.156408,-11.5626,-1.94181,-0.765555,9,20,5.36,5.76,332.92689822946073,495.7510149344394,1692.1098450550844,1.0560009151475784,10.176507294061167,-22.60589735069206,3.236230407374972,12.4389957778597,20.21336813902201,105.75686531594278,0.3333333333333333,0.0027304673195652
0,0,1,0,0,0,-158.587845,487.153717,-20.438969,-59.869701,-0.160746,-12.1079,-1.99566,-0.814444,9,20,5.39,5.69,263.83204200216386,467.125279902029,1758.5943462875257,1.01720195280871,12.705827368741572,-28.73205092882156,3.481204023869492,12.514019877846788,20.33528230150103,109.91214664297036,0.0,0.0010126593045516
0,0,1,0,0,0,-161.655365,71.729156,-20.137548,-67.752403,-0.18191,-14.7688,-2.25841,-1.03,9,24,5.51,5.76,288.2336190845118,482.9946738347364,3281.0498737181456,0.8827894317403896,12.172565921889037,-27.827424164863423,3.326483845030848,12.454000597857116,20.23775097151781,205.0656171073841,0.0,0.0044082361396739
0,0,1,0,0,0,-160.565369,144.11734,-13.141398,-72.604103,-0.194937,-16.4065,-2.42014,-0.695,10,17,5.31,5.81,208.2465196818204,410.9658697248118,2233.209828996433,0.9145837018216688,12.66995937768696,-26.22639281937013,1.1732946895263845,6.4970870588820855,10.557766470683388,139.57561431227705,0.3333333333333333,0.0042402007591077
0,0,1,0,0,0,-160.565369,144.11734,-13.141398,-72.604103,-0.194937,-16.4065,-2.42014,-0.695,10,17,5.31,5.81,208.2465196818204,410.9658697248118,2233.209828996433,0.9145837018216688,12.66995937768696,-26.22639281937013,1.1732946895263845,6.4970870588820855,10.557766470683388,139.57561431227705,0.3333333333333333,0.0042402007591077
0,0,1,0,0,0,-164.197433,100.912407,-12.333398,-55.575001,-0.149215,-10.6582,-1.8525,-0.597,10,15,5.28,5.49,291.4074843508972,481.2502541205213,1463.1185358884013,1.0763390591925723,11.86517311060151,-26.858050050186417,3.54567076505226,12.363971677872607,20.091453976542983,91.44490849302508,0.0,0.00478553779141
0,0,1,0,0,0,-180.386597,112.983612,-6.17247,-55.898201,-0.150082,-10.7673,-1.80317,-0.742,10,16,5.28,5.4,267.82551167289654,424.3160652480314,1874.0094195313277,0.8855358792759741,9.78065959844593,-19.16096496248691,3.4554173273963844,12.476507827853244,20.27432522026152,117.12558872070797,0.0,0.0012295335495024
0,0,1,0,0,0,-170.263351,732.089722,-5.885411,-49.438801,-0.132739,-8.58694,-1.76567,-0.805,10,21,5.3,5.56,207.7549459772491,411.17314601006274,2545.6436890198656,1.5197410221534533,12.713637502050853,-26.35566270066904,2.604456343783842,12.236430707894552,19.88419990032865,159.1027305637416,0.0,0.0012987299524129
0,0,1,0,0,0,-163.226013,213.051407,-25.282841,-53.030499,-0.142383,-9.79935,-1.89395,-0.551,10,17,5.1,5.31,273.36815427009697,472.0176590342884,2104.182591939596,1.191643817890408,12.415594047761966,-28.086150795824658,3.597244157998475,12.393981317867445,20.1402196415346,131.51141199622475,0.0,0.005067116385053
1,0,0,0,0,0,-294.349701,50.983189,2.457196,-62.715,-0.204039,-14.9995,-2.72674,0.553333,6,17,4.8,4.66,48.37444205754002,296.3178951925398,1019.1657549782632,1.0115271651616158,19.07257331807691,-34.05844559964733,22.33580305436565,7.3711457049366045,11.340224161440933,78.3973657675587,0.0,0.0037882148048169
1,0,0,0,0,0,-283.357758,-0.812388,2.947664,-52.8144,-0.171828,-11.3521,-2.64072,0.405,6,16,4.85,4.69,64.89153627939817,307.0932384270249,1126.7286235646811,1.0221906147130433,18.630900165202057,-33.57743170437388,22.88623140460294,7.736777932364014,11.90273528056002,86.67143258189854,0.0,0.0111649836256639
1,0,0,0,0,0,-286.084656,-4.069583,-205.124023,-63.4571,-0.206453,-15.2729,-3.02177,0.115,6,19,5.29,5.34,116.33626150789078,329.65240563632017,670.854696110353,0.7708696762703653,16.408934163725338,-29.232306543180883,22.142670299896427,9.096929818393985,13.995276643683054,51.60420739310408,1.0,0.0097353830287799
1,0,0,0,0,0,-293.149536,52.557056,-201.079788,-56.379299,-0.183426,-12.6654,-2.68473,0.053333,6,18,5.48,5.46,93.83681307425223,298.27042698347856,1243.2431284160232,0.7840564412603764,15.725662608402024,-25.93757482252727,18.434521414087342,10.617959884492016,16.335322899218486,95.63408680123256,1.0,0.0090912993922906
1,0,0,0,0,0,-283.302795,22.782761,-204.665237,-54.121399,-0.17608,-11.8336,-2.57721,0.058333,6,17,5.13,5.06,142.84762602170846,329.43293662840745,998.7701450439037,1.069963348133194,14.352716200515308,-24.300051482926445,18.492461240428117,8.833674614646247,13.590268637917305,76.8284726956849,1.0,0.0117585731433935
1,0,0,0,0,0,-287.0513,5.705163,10.883821,-48.096001,-0.156477,-9.61383,-2.53137,0.573333,6,15,4.73,4.55,29.174148948477807,285.28979878384325,1189.031988574299,0.9473846762056624,19.70120383348965,-34.9964041611137,21.64052513827645,9.477187334918492,14.58028820756691,91.46399912109992,0.0,0.0003013641430243
1,0,0,0,0,0,-289.317505,-17.141832,-0.421505,-60.7981,-0.197802,-14.2933,-2.89515,0.476667,6,16,4.95,4.88,89.6533267038237,312.7238426686736,1134.2338122071938,0.938545183431454,17.159270458834605,-30.16511553538811,20.62657817731303,9.864757495991546,15.176549993833149,87.24875478516876,0.0,0.0086046865635471
1,0,0,0,0,0,-293.373718,1.777727,-200.747208,-65.666603,-0.213642,-16.086901,-3.12698,0.026667,6,17,5.08,5.18,89.48385621673921,300.2845369402801,960.2372103805895,0.9298134721882376,16.215436978733912,-27.191302629827444,18.434521414087342,9.330934443947529,14.355283759919274,73.86440079850689,1.0,0.0103333656881095
1,0,0,0,0,0,-287.929169,399.913818,-206.415649,-73.488602,-0.23909,-18.968599,-3.49946,0.38,6,19,5.27,5.26,103.5332975016256,329.49235156928165,563.4572662762957,0.7783183941336131,17.381465697512002,-31.67674166156436,21.737091515511057,7.912281401529174,12.17274061773719,43.342866636638135,0.0,0.0070873426888845
1,0,0,0,0,0,-296.97699,132.289474,-21.469713,-60.260502,-0.196053,-14.0953,-2.73911,0.18,6,17,5.16,5.1,40.59383013218303,283.8168638056708,1446.6708295243225,1.0670467921973688,18.709464128729827,-32.352874917050954,21.49567557242453,7.254143392159833,11.16022060332282,111.28237150187095,0.0,0.0009408993251043
1,0,0,0,0,0,-301.963989,108.7416,-208.703201,-63.3951,-0.206251,-15.2501,-2.88159,0.268333,6,14,5.05,4.99,134.79373044207412,326.7249722565807,1091.7504316205243,0.6831935448796447,14.763941678038968,-25.124067031981134,18.173792195553894,9.418686178530104,14.490286428507856,83.98080243234804,0.0,0.0005330489094521
1,0,0,0,0,0,-290.177185,59.18811,-27.514799,-63.681099,-0.207182,-15.3554,-2.76874,0.203333,6,17,5.08,4.98,54.35351775435771,297.0469757599327,1205.434655046556,0.9798514136145272,18.668727538890383,-33.06036987539876,22.751038476474484,6.632568605533235,10.203951700820362,92.72574269588894,0.0,0.000625810608671
1,0,0,0,0,0,-286.084656,-4.069583,-205.124023,-63.4571,-0.206453,-15.2729,-3.02177,0.115,6,19,5.29,5.34,116.33626150789078,329.65240563632017,670.854696110353,0.7708696762703653,16.408934163725338,-29.232306543180883,22.142670299896427,9.096929818393985,13.995276643683054,51.60420739310408,1.0,0.0097353830287799
1,0,0,0,0,0,-278.928192,132.317688,-210.047256,-57.118198,-0.18583,-12.9377,-2.59628,0.328333,6,15,5.13,5.1,154.38355694972137,344.5899658231775,980.5341375214512,1.0321957666406274,14.631262221035088,-25.67309839564132,18.502117878151573,8.160911316179812,12.555248178738172,75.42570288626547,0.0,0.0044271086313403
1,0,0,0,0,0,-289.821777,3.181977,28.09026,-44.566898,-0.144995,-8.3137,-2.22834,0.298333,6,15,4.64,4.53,78.06924165010628,307.6011292393553,1221.6177244415137,1.0491645353089871,17.65629904532685,-31.116415461174604,21.9012543568099,8.672796434578187,13.342763745504904,93.97059418780871,0.0,0.0099169208135771
1,0,0,0,0,0,-284.70993,10.89868,-178.413986,-61.791698,-0.201035,-14.6594,-2.94246,-0.003333,6,16,5.03,5.07,96.43014151677671,312.7338967484492,904.7883034171456,1.1141195134986726,16.638750402436344,-28.881206121584302,18.656624081726957,9.148118330233824,14.074028200359727,69.59910026285735,1.0,0.0088588756186214
1,0,0,0,0,0,-289.728851,41.425373,-184.340485,-55.7257,-0.1813,-12.4247,-2.78629,-0.09,6,17,5.01,5.03,81.83312751535829,300.4591927759902,1134.6826881544462,0.6944981074769849,16.817389635433223,-28.642130447777756,22.181296850790268,10.040260965156705,15.446555331010314,87.28328370418816,0.0,0.0102281103984222
1,0,0,0,0,0,-293.232117,111.972977,-205.867477,-61.469299,-0.199986,-14.5406,-2.92711,0.075,6,15,5.11,5.16,108.48335386595892,328.526864925601,724.0219627950664,0.7849991860261186,16.926423927664775,-30.46531000229131,17.80683996206237,7.349207771290961,11.306473494293783,55.69399713808203,0.0,0.0060416886288804
1,0,0,0,0,0,-285.206726,-4.341145,-194.86171,-46.234798,-0.150422,-8.92819,-2.20166,0.036667,6,17,5.21,5.12,109.90295404040064,303.50434984288177,989.3252971914376,0.8366781746555674,14.892415061729318,-24.289688850386067,21.852971168192592,8.848299903743344,13.612769082682068,76.1019459378029,0.0,0.0068982064422484
1,0,0,0,0,0,-239.239716,1852.595093,-203.283737,-62.212002,-0.202402,-14.8142,-2.82782,0.183333,6,17,5.32,5.19,89.04105659848838,277.8283195747504,1198.7926872852531,1.186420254634666,14.522097152020152,-22.232925496828493,16.45491068077781,9.513750557661233,14.63653931947882,92.21482209886562,0.0,0.0013433139492696
1,0,0,0,0,0,-330.270844,280.995117,-261.6987,-35.545502,-0.115645,-4.9902,-1.69264,0.181667,6,18,4.95,4.91,147.34009294603794,320.94100027967585,975.489370274337,0.9097229287617294,13.353915948741378,-21.66804730477136,15.672723025177454,9.6453781595351,14.839043322361691,75.03764386725669,0.0,0.0045926891176706
1,0,0,0,0,0,-290.177185,59.18811,-27.514799,-63.681099,-0.207182,-15.3554,-2.76874,0.203333,6,17,5.08,4.98,54.35351775435771,297.0469757599327,1205.434655046556,0.9798514136145272,18.668727538890383,-33.06036987539876,22.751038476474484,6.632568605533235,10.203951700820362,92.72574269588894,0.0,0.000625810608671
1,0,0,0,0,0,-282.043396,-12.348388,-14.830051,-83.555496,-0.251401,-23.4202,-3.09465,0.2075,4,17,5.94,6.2,199.28524512318785,380.7557198810205,1955.691860004762,0.9306422272927132,20.16338608420363,-34.9546699664901,27.30064578462431,8.463957743145958,22.570553981722554,217.2990955560847,0.0,0.0007846987707724
1,0,0,0,0,0,-280.893616,102.159409,-14.202462,-80.418503,-0.241962,-22.332701,-2.97846,0.14,4,17,5.7,5.97,193.2625298037236,376.8875048702519,1968.337183236123,0.8822196471803807,20.402775007392027,-35.261857917082295,27.90354050670435,7.973878446029196,21.263675856077853,218.70413147068035,0.0,0.0008117508808354
1,0,0,0,0,0,-280.293182,-1.703105,-11.783465,-81.774696,-0.246042,-22.802799,-3.02869,0.225,4,18,6.03,6.34,197.41525019839688,382.30220450879824,2043.6375318692403,0.9619536254410928,20.54299492337793,-35.92711499915049,27.20890093561213,8.746474043836796,23.32393078356479,227.07083687436003,0.0,0.0007629091138949
1,0,0,0,0,0,-297.740845,17443.56055,-4.515183,-42.115002,-0.126715,-9.05355,-1.50411,-0.975,4,23,6.47,6.53,196.4948237770453,373.175386208077,1156.7158920010502,0.7028790037636413,19.631173603447973,-33.28325984460531,28.53264804278787,8.73494276625758,23.293180710020213,128.52398800011667,0.0,0.0036413785265642
1,0,0,0,0,0,-280.831482,271.157104,-19.365593,-58.046101,-0.174648,-14.5766,-2.23254,0.2275,4,20,5.86,6.04,219.7828488398881,382.6841857939636,990.050675383718,1.09447902402399,18.100148550452836,-30.44918276513423,21.08820886579958,8.72341148867836,23.262430636475628,110.00563059819088,0.0,0.0007708910357571
1,0,0,0,0,0,-265.86853,102.983109,-8.682275,-40.378502,-0.12149,-8.45155,-1.4955,0.3725,4,25,6.25,6.5,214.81416465019456,388.60355598945984,856.2704433183553,0.7874658497402997,19.309932371029475,-33.48507551022457,16.841732997235837,8.758005321416016,23.354680857109376,95.14116036870617,0.0,0.00373731505569
1,0,0,0,0,0,-297.740845,17443.56055,-4.515183,-42.115002,-0.126715,-9.05355,-1.50411,-0.975,4,23,6.47,6.53,196.4948237770453,373.175386208077,1156.7158920010502,0.7028790037636413,19.631173603447973,-33.28325984460531,28.53264804278787,8.73494276625758,23.293180710020213,128.52398800011667,0.0,0.0036413785265642
1,0,0,0,0,0,-280.692688,-2.724721,-11.351009,-82.560402,-0.248407,-23.075199,-3.05779,0.245,4,16,6.03,6.32,196.4784769249427,381.4292940617796,2049.732519470408,0.9612894535173852,20.55009079298188,-35.8882600741272,27.23511374961561,8.717645849888752,23.247055599703337,227.74805771893423,0.0,0.0007617769962166
1,0,0,0,0,0,-276.69223,71.965034,-9.009221,-69.191498,-0.208182,-18.4405,-2.66121,0.0425,4,17,6.05,6.23,192.66613678651896,380.206408226583,1920.0452637571927,1.0653314453743463,20.83780793778489,-36.47852739411156,27.53656111065564,8.648458184413444,23.062555158435853,213.3383626396881,0.0,0.0008149412052711
1,0,0,0,0,0,-280.929718,7570.602539,-9.635053,-80.711502,-0.242844,-22.4342,-3.10429,0.275,4,21,6.12,6.11,173.73511405773854,377.3349482934181,1438.7668765187757,0.8399213187125405,22.62220380396439,-40.52219430275815,28.76856336881919,8.67152073957188,23.12405530552501,159.86298627986395,0.0,0.0010199080585688
1,0,0,0,0,0,-272.367188,65.564056,-8.575044,-57.6563,-0.173476,-14.4414,-2.21755,-0.735,4,20,6.08,6.24,145.86783446731624,363.21575086892886,975.2065392216928,0.669615584534191,24.14976848906807,-43.23082158845328,25.151195036338965,8.775302237784842,23.400805967426248,108.35628213574364,0.0,0.0012626724319366
1,0,0,0,0,0,-273.281036,-15.397562,-10.837727,-69.001198,-0.20761,-18.3745,-2.76005,0.375,4,19,6.0,6.1,229.6746587177355,396.9177883218159,853.1996397174344,0.9654218300948232,18.58256995600893,-32.32506730030606,17.54947897532979,8.73494276625758,23.293180710020213,94.79995996860382,0.0,0.0016555163808709
1,0,0,0,0,0,-282.181427,296.353424,-13.17339,-74.597504,-0.224448,-20.3146,-2.9839,0.4075,4,20,5.93,5.96,162.58904789504749,372.2641030996167,1597.4244847212267,0.712091469148588,23.297228356063247,-41.80348629475743,29.987459219981,8.792599154153669,23.44693107774312,177.49160941346963,0.0,0.0010778312027563
1,0,0,0,0,0,-291.353607,-19.218517,-16.342241,-71.562798,-0.215317,-19.262501,-2.75241,0.12,4,18,5.87,6.01,170.7115157402455,375.01299667150784,931.5911147439564,0.7574231514154516,22.70016454791804,-40.54843075289068,18.270331360425487,8.763770960205624,23.370055893881663,103.5101238604396,0.0,0.0010302167390695
1,0,0,0,0,0,-248.078201,165.800659,-5.955895,-45.561501,-0.137085,-10.2484,-1.68746,0.29,4,20,6.14,6.4,211.0636020384818,385.28708626124063,965.516782753452,1.1000999647211829,19.358164913639868,-33.396668459494315,11.861298336574656,8.73494276625758,23.293180710020213,107.27964252816132,0.0,0.0020834972125962
1,0,0,0,0,0,-272.657684,28.153484,-19.308331,-64.0028,-0.192571,-16.6416,-2.46165,0.3275,4,16,5.78,6.09,158.52280881063163,372.6031886165465,957.8548417119993,1.0220481258144103,23.786708867323867,-43.02976220761744,27.313752191626055,8.78683351536406,23.431556040970825,106.42831574577768,0.0,0.0017409835249251
1,0,0,0,0,0,-268.830109,4324.188477,-5.63623,-54.673698,-0.164501,-13.4074,-1.95263,-0.7825,4,19,6.06,6.16,210.89686163966093,387.0978039049294,714.4829015284813,1.019505393285893,19.577882473918716,-34.00440387725509,21.1275280868048,8.700348933519924,23.200930489386465,79.38698905872015,0.0,0.0012698477571856
1,0,0,0,0,0,-289.713959,4.003401,-7.442506,-72.408997,-0.217863,-19.555901,-2.78496,0.0375,4,20,5.97,6.16,176.66940510651222,378.04333073080846,1053.408710619583,1.0861503347869983,22.374880624921804,-39.97447938531183,26.35698448049904,8.740708405047188,23.3085557467925,117.04541229106478,0.0,0.0022364004926545
1,0,0,0,0,0,-268.104065,-5.689438,-5.327258,-69.965897,-0.210513,-18.7089,-2.59133,0.1125,4,19,5.81,5.92,193.06829579858453,383.653998887621,875.5618317165672,0.8908536274521244,21.176189232115163,-37.49485590118768,19.96105786364994,8.740708405047188,23.3085557467925,97.28464796850749,0.0,0.0019151097041829
1,0,0,0,0,0,-274.829102,41.080402,-11.801964,-64.271004,-0.193378,-16.7346,-2.29539,0.0225,4,13,5.64,5.77,175.10702323328013,378.3627997302299,865.5689447784316,0.7766228967767781,22.58397516632775,-40.50133332018217,25.6230256884016,8.775302237784842,23.400805967426248,96.17432719760352,0.0,0.0037459613596915
1,0,0,0,0,0,-269.320435,20.58182,-20.991991,-58.880402,-0.177158,-14.8658,-2.35521,0.2725,4,18,5.97,6.1,174.80559430115673,349.907418665655,1441.1675821845956,1.159664744747575,19.45575826272203,-31.4953018547055,28.29673271675655,8.683052017151098,23.1548053790696,160.12973135384397,0.0,0.0034827617151321
1,0,0,0,0,0,-283.984619,3351.947754,-0.835145,-57.9342,-0.174312,-14.5378,-2.22824,-0.62,4,20,6.19,6.23,178.13776830532854,375.4356121715118,1556.1784197701672,1.0641863551864517,21.921982651798142,-38.71355439014465,22.85757381103447,8.769536598995233,23.385430930653957,172.90871330779635,0.0,0.0030933873051998
1,0,0,0,0,0,-303.056335,26746.46484,0.249263,-40.143799,-0.120784,-8.37018,-1.48681,-1.1175,4,25,6.29,6.48,209.4675244945612,385.8911668392478,801.9795049482627,0.6865328420096186,19.6026269271874,-33.98791003074647,14.652963027945264,8.809896070522496,23.493056188059988,89.1088338831403,0.0,0.0008319722440007
1,0,0,0,0,0,-253.022339,95.080521,-8.30229,-70.271301,-0.211431,-18.8148,-2.81085,-0.0825,4,19,5.85,5.98,170.39260967096303,369.1416599035946,923.4565155801084,0.9633156188867208,22.083227803625725,-38.66855835056767,23.51289416112147,8.775302237784842,23.400805967426248,102.60627950890093,0.0,0.0009283229519297
1,0,0,0,0,0,-287.614136,169.694778,-3.830875,-49.271702,-0.148248,-11.5347,-1.97087,0.26,4,19,6.06,6.13,140.20183912739455,339.1033143716652,1775.4807400853647,1.1653156089670085,22.10016391603007,-36.66167481354764,25.59681287439812,8.717645849888752,23.247055599703337,197.27563778726275,0.0,0.0035327963485119
1,0,0,0,0,0,-275.455627,136.391251,-0.932846,-70.642601,-0.212549,-18.943501,-2.61639,0.1625,4,17,5.71,5.83,158.81355165713333,367.5200032074704,1933.596001544617,1.0021113311251624,23.189605727815238,-41.2018979276605,24.037150441191063,8.78683351536406,23.431556040970825,214.8440001716241,0.0,0.0008017985558555
1,0,0,0,0,0,-278.951416,64.197273,-1.244181,-76.777199,-0.231006,-21.070299,-3.07109,0.2875,4,18,5.9,5.98,174.44907417410474,378.8160936937056,806.5229261015684,0.6344597565474797,22.707446613288987,-40.83230585856917,27.654518773671292,8.769536598995233,23.385430930653957,89.61365845572982,0.0,0.0009706138023325
1,0,0,0,0,0,-273.257629,3.70697,-17.073046,-54.130199,-0.162866,-13.219,-2.00482,-0.7975,4,16,5.82,5.86,165.41828413464935,362.6394234842387,928.9603944460932,0.9024498322364968,21.91345992773215,-37.82870676129392,24.744896419285023,8.769536598995233,23.385430930653957,103.21782160512149,0.0,0.0009626247809244
1,0,0,0,0,0,-268.873566,87.894737,-30.176155,-67.632301,-0.203491,-17.8999,-2.41544,0.24,4,19,5.94,6.14,146.40563653571047,354.5901616308579,1690.9112785742618,1.26039159388256,23.131613899460824,-40.13942562416975,27.5889867386626,8.6196299904654,22.9856799745744,187.87903095269576,0.0,0.0035267044976404
1,0,0,0,0,0,-271.531525,418.627441,-19.423231,-65.5308,-0.197168,-17.1714,-2.42706,0.2025,4,18,6.12,6.18,176.4741883089295,361.2439467099117,1358.6077629461988,1.029552479455887,20.52997315566469,-34.56388801256334,22.08429579793181,8.648458184413444,23.062555158435853,150.9564181051332,0.0,0.0009456546012497
